Date,Hour,ILG ILG1
2021-02-23,11:00:00,3
2021-02-23,12:00:00,47
2021-02-23,13:00:00,2
2021-02-25,11:00:00,25
2021-02-25,12:00:00,105
2021-02-25,13:00:00,7
2021-02-28,11:00:00,11
2021-02-28,12:00:00,48
2021-02-28,13:00:00,14
2021-03-02,11:00:00,4
2021-03-02,12:00:00,20
2021-03-02,13:00:00,4
2021-03-04,11:00:00,32
2021-03-04,12:00:00,90
2021-03-04,13:00:00,25
2021-03-07,11:00:00,11
2021-03-07,12:00:00,24
2021-03-07,13:00:00,5
2021-03-09,11:00:00,37
2021-03-09,12:00:00,16
2021-03-11,11:00:00,68
2021-03-11,12:00:00,73
2021-03-11,13:00:00,3
2021-03-13,06:00:00,26
2021-03-13,07:00:00,37
2021-03-13,08:00:00,103
2021-03-13,09:00:00,30
2021-03-14,10:00:00,68
2021-03-14,11:00:00,34
2021-03-16,10:00:00,31
2021-03-16,11:00:00,42
2021-03-16,12:00:00,3
2021-03-18,10:00:00,61
2021-03-18,11:00:00,61
2021-03-18,12:00:00,18
2021-03-21,10:00:00,88
2021-03-21,11:00:00,48
2021-03-25,10:00:00,68
2021-03-25,11:00:00,21
2021-03-25,12:00:00,75
2021-03-28,10:00:00,103
2021-03-30,10:00:00,57
2021-03-30,11:00:00,73
2021-03-30,12:00:00,11
2021-04-01,10:00:00,72
2021-04-01,11:00:00,61
2021-04-01,12:00:00,15
2021-04-04,10:00:00,105
2021-04-04,11:00:00,22
2021-04-06,10:00:00,63
2021-04-06,11:00:00,68
2021-04-08,10:00:00,52
2021-04-08,11:00:00,73
2021-04-08,12:00:00,1
2021-04-10,14:00:00,33
2021-04-10,15:00:00,26
2021-04-11,10:00:00,27
2021-04-11,11:00:00,4
2021-04-11,12:00:00,5
2021-04-11,13:00:00,10
2021-04-13,09:00:00,27
2021-04-13,10:00:00,24
2021-04-15,09:00:00,78
2021-04-15,10:00:00,63
2021-04-18,09:00:00,17
2021-04-18,10:00:00,14
2021-04-20,09:00:00,41
2021-04-20,10:00:00,40
2021-04-22,09:00:00,35
2021-04-22,10:00:00,111
2021-04-22,11:00:00,2
2021-04-25,09:00:00,19
2021-04-25,10:00:00,20
2021-04-25,11:00:00,2
2021-04-27,10:00:00,25
2021-04-27,11:00:00,43
2021-04-27,12:00:00,3
2021-04-29,09:00:00,24
2021-04-29,10:00:00,88
2021-05-02,09:00:00,15
2021-05-02,10:00:00,35
2021-05-02,11:00:00,1
2021-05-04,09:00:00,28
2021-05-04,10:00:00,57
2021-05-06,09:00:00,41
2021-05-06,10:00:00,44
2021-05-06,11:00:00,4
2021-05-09,09:00:00,21
2021-05-09,10:00:00,33
2021-05-09,11:00:00,2
2021-05-11,09:00:00,48
2021-05-11,10:00:00,30
2021-05-11,11:00:00,1
2021-05-13,09:00:00,30
2021-05-13,10:00:00,65
2021-05-13,11:00:00,13
2021-05-16,09:00:00,22
2021-05-16,10:00:00,21
2021-05-16,11:00:00,11
2021-05-18,09:00:00,12
2021-05-18,10:00:00,51
2021-05-18,11:00:00,9
2021-05-20,09:00:00,43
2021-05-20,10:00:00,68
2021-05-23,09:00:00,23
2021-05-23,10:00:00,44
2021-05-23,11:00:00,45
2021-05-25,09:00:00,10
2021-05-25,10:00:00,41
2021-05-25,11:00:00,14
2021-05-27,08:00:00,12
2021-05-27,09:00:00,46
2021-05-27,10:00:00,3
2021-06-01,09:00:00,11
2021-06-01,10:00:00,20
2021-06-03,08:00:00,6
2021-06-03,09:00:00,15
2021-06-08,09:00:00,4
2021-06-08,10:00:00,45
2021-06-08,11:00:00,12
2021-06-08,12:00:00,6
2021-06-10,13:00:00,56
2021-06-10,14:00:00,14
2021-06-13,09:00:00,13
2021-06-13,10:00:00,43
2021-06-13,11:00:00,26
2021-06-15,09:00:00,26
2021-06-15,10:00:00,26
2021-06-15,11:00:00,72
2021-06-17,13:00:00,82
2021-06-20,09:00:00,15
2021-06-20,10:00:00,132
2021-06-20,11:00:00,19
2021-06-22,09:00:00,1
2021-06-22,10:00:00,34
2021-06-22,11:00:00,105
2021-06-24,13:00:00,72
2021-06-27,09:00:00,11
2021-06-27,10:00:00,58
2021-06-27,11:00:00,53
2021-06-27,12:00:00,23
2021-07-01,13:00:00,116
2021-07-04,09:00:00,1
2021-07-04,10:00:00,92
2021-07-04,11:00:00,22
2021-07-06,09:00:00,6
2021-07-06,10:00:00,51
2021-07-06,11:00:00,31
2021-07-08,13:00:00,48
2021-07-08,14:00:00,4
2021-07-11,09:00:00,14
2021-07-11,10:00:00,109
2021-07-11,11:00:00,51
2021-07-22,13:00:00,73
2021-07-22,14:00:00,94
2021-07-22,15:00:00,10
2021-07-25,09:00:00,12
2021-07-25,10:00:00,84
2021-07-25,11:00:00,161
2021-07-25,12:00:00,188
2021-07-27,09:00:00,5
2021-07-27,10:00:00,73
2021-07-27,11:00:00,82
2021-08-01,09:00:00,6
2021-08-01,10:00:00,105
2021-08-01,11:00:00,76
2021-08-03,10:00:00,82
2021-08-03,11:00:00,63
2021-08-03,12:00:00,36
2021-08-05,13:00:00,94
2021-08-05,14:00:00,91
2021-08-08,09:00:00,10
2021-08-08,10:00:00,125
2021-08-08,11:00:00,34
2021-08-15,09:00:00,25
2021-08-15,10:00:00,114
2021-08-15,11:00:00,37
2021-08-19,13:00:00,92
2021-08-19,14:00:00,86
2021-08-24,09:00:00,1
2021-08-24,10:00:00,47
2021-08-24,11:00:00,29
2021-08-26,13:00:00,73
2021-08-26,14:00:00,69
2021-08-31,09:00:00,6
2021-08-31,10:00:00,19
2021-08-31,11:00:00,25
2021-09-05,09:00:00,7
2021-09-05,10:00:00,41
2021-09-16,13:00:00,80
2021-09-16,14:00:00,45
2021-09-19,16:00:00,48
2021-09-19,17:00:00,57
2021-10-12,10:00:00,27
2021-10-12,11:00:00,25
2021-10-14,14:00:00,75
2021-10-14,15:00:00,53
2021-10-14,16:00:00,18
2021-10-17,14:00:00,50
2021-10-17,15:00:00,30
2021-10-19,10:00:00,36
2021-10-19,11:00:00,34
2021-10-21,14:00:00,50
2021-10-21,15:00:00,95
2021-10-31,14:00:00,57
2021-10-31,15:00:00,66
2021-11-15,16:00:00,32
2021-11-15,17:00:00,9
2021-11-29,16:00:00,44
2021-11-29,17:00:00,23
2021-11-29,18:00:00,27
2021-12-03,16:00:00,110
2021-12-03,17:00:00,37
2021-12-03,18:00:00,18
2021-12-03,19:00:00,4
2021-12-03,20:00:00,3
2021-12-06,15:00:00,0
2021-12-06,16:00:00,51
2021-12-06,17:00:00,0
2021-12-13,16:00:00,41
2021-12-13,17:00:00,25
2021-12-13,18:00:00,4
2021-12-17,16:00:00,30
2021-12-17,17:00:00,32
2021-12-17,18:00:00,45
2021-12-20,16:00:00,35
2021-12-20,17:00:00,24
2021-12-20,18:00:00,58
2021-12-24,15:00:00,30
2021-12-24,16:00:00,99
2021-12-31,16:00:00,19
2021-12-31,17:00:00,39
2021-12-31,18:00:00,56
2022-01-03,16:00:00,10
2022-01-03,17:00:00,38
2022-01-03,18:00:00,12
2022-01-07,17:00:00,65
2022-01-07,18:00:00,39
2022-01-10,16:00:00,24
2022-01-10,17:00:00,18
2022-01-14,17:00:00,53
2022-01-14,18:00:00,47
2022-01-17,16:00:00,8
2022-01-17,17:00:00,46
2022-01-21,16:00:00,75
2022-01-21,17:00:00,26
2022-01-28,16:00:00,42
2022-01-28,17:00:00,25
2022-01-31,16:00:00,17
2022-01-31,17:00:00,32
2022-01-31,18:00:00,11
2022-02-04,16:00:00,102
2022-02-07,16:00:00,1
2022-02-07,17:00:00,35
2022-02-07,18:00:00,5
2022-02-11,16:00:00,64
2022-02-14,17:00:00,22
2022-02-14,18:00:00,18
2022-02-18,16:00:00,132
2022-02-21,17:00:00,37
2022-02-25,16:00:00,79
2022-02-25,17:00:00,28
2022-02-28,17:00:00,33
2022-02-28,18:00:00,17
2022-03-04,16:00:00,97
2022-03-04,17:00:00,31
2022-03-07,09:00:00,48
2022-03-07,10:00:00,32
2022-03-11,09:00:00,129
2022-03-11,10:00:00,37
2022-03-18,09:00:00,63
2022-03-18,10:00:00,58
2022-03-21,11:00:00,24
2022-03-21,12:00:00,39
2022-03-21,13:00:00,31
2022-03-25,09:00:00,65
2022-03-25,10:00:00,102
2022-03-28,09:00:00,51
2022-03-28,10:00:00,22
2022-04-01,09:00:00,115
2022-04-01,10:00:00,41
2022-04-01,11:00:00,23
2022-04-08,09:00:00,117
2022-04-08,10:00:00,51
2022-04-11,09:00:00,75
2022-04-11,10:00:00,57
2022-04-11,11:00:00,44
2022-04-18,09:00:00,86
2022-04-18,10:00:00,69
2022-04-18,11:00:00,45
2022-04-22,09:00:00,30
2022-04-22,10:00:00,28
2022-04-22,11:00:00,2
2022-04-22,12:00:00,7
2022-04-25,09:00:00,48
2022-04-25,10:00:00,55
2022-05-02,16:00:00,34
2022-05-13,16:00:00,65
2022-05-13,17:00:00,20
2022-05-16,16:00:00,18
2022-05-16,17:00:00,69
2022-05-23,16:00:00,24
2022-05-23,17:00:00,46
2022-05-30,17:00:00,28
2022-05-30,18:00:00,28
2023-02-01,08:00:00,61
2023-02-01,09:00:00,78
2023-02-02,05:00:00,73
2023-02-02,06:00:00,67
2023-02-02,11:00:00,22
2023-02-02,12:00:00,105
2023-02-03,05:00:00,98
2023-02-03,06:00:00,52
2023-02-03,13:00:00,58
2023-02-03,14:00:00,93
2023-02-04,07:00:00,19
2023-02-04,08:00:00,73
2023-02-04,09:00:00,4
2023-02-05,05:00:00,69
2023-02-05,06:00:00,26
2023-02-05,11:00:00,17
2023-02-05,12:00:00,61
2023-02-05,13:00:00,1
2023-02-06,05:00:00,71
2023-02-06,06:00:00,33
2023-02-06,13:00:00,57
2023-02-06,14:00:00,47
2023-02-10,05:00:00,99
2023-02-10,06:00:00,39
2023-02-10,13:00:00,66
2023-02-10,14:00:00,69
2023-02-10,15:00:00,1
2023-02-11,07:00:00,44
2023-02-11,08:00:00,61
2023-02-11,09:00:00,3
2023-02-12,04:00:00,4
2023-02-12,05:00:00,63
2023-02-12,06:00:00,24
2023-02-12,11:00:00,8
2023-02-12,12:00:00,44
2023-02-12,13:00:00,6
2023-02-13,05:00:00,75
2023-02-13,06:00:00,54
2023-02-13,13:00:00,33
2023-02-13,14:00:00,58
2023-02-15,07:00:00,76
2023-02-15,08:00:00,71
2023-02-16,04:00:00,6
2023-02-16,05:00:00,150
2023-02-16,11:00:00,40
2023-02-16,12:00:00,114
2023-02-16,13:00:00,2
2023-02-17,05:00:00,83
2023-02-17,06:00:00,63
2023-02-17,13:00:00,59
2023-02-17,14:00:00,78
2023-02-18,07:00:00,50
2023-02-18,08:00:00,95
2023-02-18,09:00:00,2
2023-02-18,14:00:00,67
2023-02-18,15:00:00,85
2023-02-19,04:00:00,21
2023-02-19,05:00:00,99
2023-02-19,06:00:00,33
2023-02-19,11:00:00,47
2023-02-19,12:00:00,93
2023-02-20,05:00:00,76
2023-02-20,06:00:00,72
2023-02-20,13:00:00,64
2023-02-20,14:00:00,63
2023-02-20,15:00:00,13
2023-02-23,04:00:00,9
2023-02-23,05:00:00,121
2023-02-23,11:00:00,51
2023-02-23,12:00:00,91
2023-02-23,13:00:00,1
2023-02-24,05:00:00,95
2023-02-24,06:00:00,53
2023-02-24,12:00:00,66
2023-02-24,13:00:00,82
2023-02-25,07:00:00,34
2023-02-25,08:00:00,67
2023-02-25,09:00:00,3
2023-02-25,14:00:00,68
2023-02-25,15:00:00,30
2023-02-26,04:00:00,7
2023-02-26,05:00:00,87
2023-02-26,06:00:00,4
2023-02-26,07:00:00,7
2023-02-26,08:00:00,7
2023-02-26,09:00:00,3
2023-02-26,10:00:00,12
2023-02-26,11:00:00,57
2023-02-26,12:00:00,48
2023-02-26,13:00:00,33
2023-02-27,05:00:00,57
2023-02-27,06:00:00,61
2023-02-27,13:00:00,49
2023-02-27,14:00:00,45
2023-02-27,15:00:00,76
2023-03-01,07:00:00,45
2023-03-01,08:00:00,69
2023-03-02,04:00:00,16
2023-03-02,05:00:00,116
2023-03-02,06:00:00,18
2023-03-02,11:00:00,55
2023-03-02,12:00:00,107
2023-03-03,05:00:00,93
2023-03-03,06:00:00,45
2023-03-04,07:00:00,36
2023-03-04,08:00:00,93
2023-03-04,09:00:00,6
2023-03-04,14:00:00,77
2023-03-04,15:00:00,78
2023-03-05,04:00:00,22
2023-03-05,05:00:00,113
2023-03-05,06:00:00,15
2023-03-05,11:00:00,70
2023-03-05,12:00:00,86
2023-03-06,04:00:00,6
2023-03-06,05:00:00,73
2023-03-06,06:00:00,53
2023-03-06,13:00:00,66
2023-03-06,14:00:00,85
2023-03-08,07:00:00,60
2023-03-08,08:00:00,87
2023-03-09,04:00:00,47
2023-03-09,05:00:00,98
2023-03-09,11:00:00,65
2023-03-09,12:00:00,54
2023-03-10,05:00:00,107
2023-03-10,06:00:00,35
2023-03-10,13:00:00,77
2023-03-10,14:00:00,53
2023-03-11,07:00:00,59
2023-03-11,08:00:00,70
2023-03-11,09:00:00,19
2023-03-11,14:00:00,88
2023-03-11,15:00:00,39
2023-03-12,04:00:00,29
2023-03-12,05:00:00,108
2023-03-12,06:00:00,3
2023-03-12,11:00:00,57
2023-03-12,12:00:00,88
2023-03-13,04:00:00,6
2023-03-13,05:00:00,74
2023-03-13,13:00:00,64
2023-03-13,14:00:00,69
2023-03-15,07:00:00,41
2023-03-15,08:00:00,98
2023-03-16,04:00:00,29
2023-03-16,05:00:00,103
2023-03-17,05:00:00,89
2023-03-17,06:00:00,43
2023-03-17,13:00:00,60
2023-03-17,14:00:00,89
2023-03-18,07:00:00,38
2023-03-18,08:00:00,112
2023-03-18,14:00:00,95
2023-03-18,15:00:00,43
2023-03-19,04:00:00,10
2023-03-19,05:00:00,18
2023-03-19,06:00:00,71
2023-03-19,07:00:00,27
2023-03-19,12:00:00,80
2023-03-19,13:00:00,58
2023-03-20,05:00:00,88
2023-03-20,06:00:00,44
2023-03-20,13:00:00,50
2023-03-20,14:00:00,89
2023-03-22,07:00:00,39
2023-03-22,08:00:00,104
2023-03-22,09:00:00,5
2023-03-23,04:00:00,24
2023-03-23,05:00:00,120
2023-03-23,11:00:00,64
2023-03-23,12:00:00,77
2023-03-24,05:00:00,88
2023-03-24,06:00:00,54
2023-03-24,13:00:00,66
2023-03-24,14:00:00,94
2023-03-26,04:00:00,58
2023-03-26,05:00:00,91
2023-03-26,06:00:00,2
2023-03-26,11:00:00,53
2023-03-26,12:00:00,77
2023-03-26,13:00:00,9
2023-03-27,05:00:00,71
2023-03-27,06:00:00,79
2023-03-27,13:00:00,111
2023-03-27,14:00:00,27
2023-03-29,07:00:00,40
2023-03-29,08:00:00,106
2023-03-30,04:00:00,39
2023-03-30,05:00:00,115
2023-03-30,12:00:00,89
2023-03-30,13:00:00,47
2023-03-31,05:00:00,111
2023-03-31,06:00:00,40
2023-03-31,13:00:00,82
2023-03-31,14:00:00,68
2023-04-01,07:00:00,46
2023-04-01,08:00:00,96
2023-04-01,14:00:00,91
2023-04-01,15:00:00,60
2023-04-01,16:00:00,4
2023-04-02,04:00:00,49
2023-04-02,05:00:00,86
2023-04-02,06:00:00,10
2023-04-02,12:00:00,65
2023-04-02,13:00:00,84
2023-04-03,05:00:00,82
2023-04-03,06:00:00,51
2023-04-03,13:00:00,68
2023-04-03,14:00:00,83
2023-04-05,07:00:00,42
2023-04-05,08:00:00,99
2023-04-06,04:00:00,48
2023-04-06,05:00:00,99
2023-04-06,06:00:00,2
2023-04-07,04:00:00,5
2023-04-07,05:00:00,77
2023-04-07,06:00:00,50
2023-04-07,13:00:00,57
2023-04-07,14:00:00,95
2023-04-08,07:00:00,50
2023-04-08,08:00:00,80
2023-04-08,09:00:00,3
2023-04-08,14:00:00,65
2023-04-08,15:00:00,83
2023-04-09,04:00:00,42
2023-04-09,05:00:00,75
2023-04-09,11:00:00,81
2023-04-09,12:00:00,100
2023-04-10,04:00:00,8
2023-04-10,05:00:00,69
2023-04-10,06:00:00,60
2023-04-10,13:00:00,66
2023-04-10,14:00:00,69
2023-04-12,07:00:00,48
2023-04-12,08:00:00,92
2023-04-13,04:00:00,21
2023-04-13,05:00:00,1
2023-04-13,06:00:00,4
2023-04-13,07:00:00,8
2023-04-13,08:00:00,12
2023-04-13,15:00:00,64
2023-04-13,16:00:00,116
2023-04-14,05:00:00,113
2023-04-14,06:00:00,48
2023-04-14,13:00:00,88
2023-04-14,14:00:00,93
2023-04-15,07:00:00,65
2023-04-15,08:00:00,89
2023-04-15,09:00:00,3
2023-04-15,14:00:00,103
2023-04-15,15:00:00,20
2023-04-16,04:00:00,25
2023-04-16,05:00:00,97
2023-04-16,06:00:00,3
2023-04-16,08:00:00,41
2023-04-16,09:00:00,86
2023-04-16,10:00:00,46
2023-04-16,11:00:00,92
2023-04-16,12:00:00,103
2023-04-16,13:00:00,106
2023-04-17,05:00:00,62
2023-04-17,06:00:00,48
2023-04-17,10:00:00,39
2023-04-17,11:00:00,66
2023-04-17,13:00:00,66
2023-04-17,14:00:00,90
2023-04-17,16:00:00,7
2023-04-17,17:00:00,28
2023-04-19,07:00:00,36
2023-04-19,08:00:00,124
2023-04-20,05:00:00,96
2023-04-20,06:00:00,74
2023-04-20,11:00:00,10
2023-04-20,12:00:00,127
2023-04-20,13:00:00,47
2023-04-21,06:00:00,103
2023-04-21,07:00:00,82
2023-04-21,13:00:00,86
2023-04-21,14:00:00,113
2023-04-22,07:00:00,18
2023-04-22,08:00:00,87
2023-04-22,09:00:00,6
2023-04-22,14:00:00,67
2023-04-22,15:00:00,64
2023-04-23,05:00:00,92
2023-04-23,06:00:00,67
2023-04-24,06:00:00,86
2023-04-24,07:00:00,38
2023-04-24,13:00:00,37
2023-04-24,14:00:00,100
2023-04-26,07:00:00,16
2023-04-26,08:00:00,55
2023-04-27,05:00:00,86
2023-04-27,06:00:00,70
2023-04-27,12:00:00,22
2023-04-27,13:00:00,104
2023-04-27,14:00:00,49
2023-04-28,06:00:00,101
2023-04-28,07:00:00,72
2023-04-28,13:00:00,54
2023-04-28,14:00:00,116
2023-04-28,15:00:00,11
2023-04-29,14:00:00,89
2023-04-29,15:00:00,80
2023-04-30,05:00:00,63
2023-04-30,06:00:00,62
2023-04-30,11:00:00,26
2023-04-30,12:00:00,64
2023-04-30,13:00:00,5
2023-05-01,06:00:00,38
2023-05-01,07:00:00,66
2023-05-01,08:00:00,20
2023-05-01,13:00:00,96
2023-05-01,14:00:00,55
2023-05-03,06:00:00,32
2023-05-03,07:00:00,64
2023-05-03,13:00:00,94
2023-05-03,14:00:00,85
2023-05-04,04:00:00,34
2023-05-04,05:00:00,132
2023-05-04,06:00:00,14
2023-05-04,11:00:00,47
2023-05-04,12:00:00,115
2023-05-05,06:00:00,109
2023-05-05,07:00:00,76
2023-05-05,13:00:00,74
2023-05-05,14:00:00,95
2023-05-06,07:00:00,41
2023-05-06,08:00:00,17
2023-05-06,13:00:00,39
2023-05-06,14:00:00,102
2023-05-06,15:00:00,14
2023-05-07,04:00:00,21
2023-05-07,05:00:00,37
2023-05-07,06:00:00,9
2023-05-07,11:00:00,65
2023-05-07,12:00:00,110
2023-05-07,13:00:00,2
2023-05-08,06:00:00,95
2023-05-08,07:00:00,31
2023-05-08,13:00:00,42
2023-05-08,14:00:00,57
2023-05-10,06:00:00,56
2023-05-10,07:00:00,33
2023-05-10,13:00:00,84
2023-05-10,14:00:00,88
2023-05-11,04:00:00,68
2023-05-11,05:00:00,104
2023-05-11,11:00:00,44
2023-05-11,12:00:00,84
2023-05-12,06:00:00,112
2023-05-12,07:00:00,53
2023-05-12,13:00:00,92
2023-05-12,14:00:00,81
2023-05-13,04:00:00,17
2023-05-13,05:00:00,48
2023-05-13,06:00:00,6
2023-05-13,13:00:00,43
2023-05-13,14:00:00,116
2023-05-13,15:00:00,10
2023-05-14,04:00:00,21
2023-05-14,05:00:00,60
2023-05-14,06:00:00,7
2023-05-14,11:00:00,20
2023-05-14,12:00:00,134
2023-05-15,06:00:00,77
2023-05-15,07:00:00,51
2023-05-15,13:00:00,86
2023-05-15,14:00:00,105
2023-05-17,06:00:00,64
2023-05-17,07:00:00,70
2023-05-17,12:00:00,83
2023-05-17,13:00:00,90
2023-05-18,04:00:00,54
2023-05-18,05:00:00,131
2023-05-18,11:00:00,80
2023-05-18,12:00:00,104
2023-05-19,06:00:00,120
2023-05-19,07:00:00,46
2023-05-19,12:00:00,75
2023-05-19,13:00:00,105
2023-05-20,04:00:00,3
2023-05-20,05:00:00,50
2023-05-20,13:00:00,105
2023-05-20,14:00:00,94
2023-05-21,04:00:00,28
2023-05-21,05:00:00,70
2023-05-21,11:00:00,60
2023-05-21,12:00:00,100
2023-05-22,06:00:00,102
2023-05-22,07:00:00,50
2023-05-22,13:00:00,220
2023-05-22,14:00:00,82
2023-05-24,06:00:00,44
2023-05-24,07:00:00,48
2023-05-24,13:00:00,92
2023-05-24,14:00:00,92
2023-05-25,04:00:00,56
2023-05-25,05:00:00,116
2023-05-25,06:00:00,2
2023-05-25,11:00:00,80
2023-05-25,12:00:00,106
2023-05-26,06:00:00,120
2023-05-26,07:00:00,65
2023-05-26,13:00:00,73
2023-05-26,14:00:00,102
2023-05-27,04:00:00,29
2023-05-27,05:00:00,99
2023-05-27,06:00:00,3
2023-05-27,13:00:00,68
2023-05-27,14:00:00,102
2023-05-28,04:00:00,8
2023-05-28,05:00:00,59
2023-05-28,11:00:00,24
2023-05-28,12:00:00,102
2023-05-29,06:00:00,92
2023-05-29,07:00:00,57
2023-05-29,13:00:00,53
2023-05-29,14:00:00,112
2023-05-31,06:00:00,48
2023-05-31,07:00:00,50
2023-05-31,13:00:00,41
2023-05-31,14:00:00,64
2023-06-01,04:00:00,41
2023-06-01,05:00:00,133
2023-06-01,12:00:00,8
2023-06-01,13:00:00,129
2023-06-01,14:00:00,25
2023-06-02,04:00:00,14
2023-06-02,05:00:00,134
2023-06-02,06:00:00,16
2023-06-02,13:00:00,86
2023-06-02,14:00:00,98
2023-06-03,04:00:00,10
2023-06-03,05:00:00,66
2023-06-03,13:00:00,85
2023-06-03,14:00:00,50
2023-06-04,04:00:00,28
2023-06-04,05:00:00,97
2023-06-04,06:00:00,1
2023-06-04,12:00:00,22
2023-06-04,13:00:00,103
2023-06-04,14:00:00,45
2023-06-05,04:00:00,18
2023-06-05,05:00:00,108
2023-06-05,06:00:00,1
2023-06-05,09:00:00,81
2023-06-05,10:00:00,18
2023-06-05,13:00:00,75
2023-06-05,14:00:00,101
2023-06-07,06:00:00,53
2023-06-07,07:00:00,61
2023-06-07,13:00:00,59
2023-06-07,14:00:00,114
2023-06-08,04:00:00,42
2023-06-08,05:00:00,131
2023-06-08,12:00:00,26
2023-06-08,13:00:00,143
2023-06-08,14:00:00,20
2023-06-09,04:00:00,52
2023-06-09,05:00:00,128
2023-06-09,13:00:00,68
2023-06-09,14:00:00,127
2023-06-10,04:00:00,24
2023-06-10,05:00:00,95
2023-06-10,06:00:00,8
2023-06-10,13:00:00,45
2023-06-10,14:00:00,142
2023-06-11,04:00:00,51
2023-06-11,05:00:00,126
2023-06-11,06:00:00,3
2023-06-11,12:00:00,20
2023-06-11,13:00:00,141
2023-06-11,14:00:00,23
2023-06-12,04:00:00,31
2023-06-12,05:00:00,152
2023-06-12,06:00:00,3
2023-06-12,13:00:00,86
2023-06-12,14:00:00,101
2023-06-14,06:00:00,85
2023-06-14,07:00:00,50
2023-06-14,13:00:00,100
2023-06-14,14:00:00,108
2023-06-15,04:00:00,28
2023-06-15,05:00:00,154
2023-06-15,12:00:00,22
2023-06-15,13:00:00,169
2023-06-16,04:00:00,39
2023-06-16,05:00:00,147
2023-06-16,06:00:00,3
2023-06-16,13:00:00,90
2023-06-16,14:00:00,103
2023-06-17,04:00:00,46
2023-06-17,05:00:00,110
2023-06-17,06:00:00,15
2023-06-17,12:00:00,53
2023-06-17,13:00:00,136
2023-06-18,04:00:00,66
2023-06-18,05:00:00,106
2023-06-18,06:00:00,17
2023-06-18,12:00:00,14
2023-06-18,13:00:00,133
2023-06-18,14:00:00,27
2023-06-19,04:00:00,41
2023-06-19,05:00:00,125
2023-06-19,06:00:00,1
2023-06-19,13:00:00,78
2023-06-19,14:00:00,116
2023-06-20,12:00:00,28
2023-06-20,13:00:00,121
2023-06-20,14:00:00,23
2023-06-21,04:00:00,55
2023-06-21,05:00:00,115
2023-06-21,06:00:00,8
2023-06-21,13:00:00,63
2023-06-21,14:00:00,123
2023-06-22,04:00:00,61
2023-06-22,05:00:00,128
2023-06-22,06:00:00,125
2023-06-22,07:00:00,52
2023-06-22,11:00:00,106
2023-06-22,12:00:00,53
2023-06-22,13:00:00,6
2023-06-22,15:00:00,37
2023-06-22,16:00:00,112
2023-06-22,17:00:00,11
2023-06-22,18:00:00,78
2023-06-22,19:00:00,130
2023-06-22,20:00:00,132
2023-06-22,21:00:00,148
2023-06-22,22:00:00,4
2023-06-23,04:00:00,43
2023-06-23,05:00:00,124
2023-06-23,06:00:00,22
2023-06-23,09:00:00,37
2023-06-24,04:00:00,35
2023-06-24,05:00:00,98
2023-06-24,06:00:00,9
2023-06-24,13:00:00,55
2023-06-24,14:00:00,130
2023-06-25,04:00:00,56
2023-06-25,05:00:00,118
2023-06-25,06:00:00,57
2023-06-25,07:00:00,64
2023-06-25,11:00:00,74
2023-06-25,12:00:00,80
2023-06-25,13:00:00,99
2023-06-25,14:00:00,70
2023-06-25,15:00:00,28
2023-06-25,16:00:00,75
2023-06-25,17:00:00,11
2023-06-25,18:00:00,57
2023-06-25,19:00:00,38
2023-06-26,04:00:00,49
2023-06-26,05:00:00,151
2023-06-26,06:00:00,120
2023-06-26,07:00:00,52
2023-06-26,11:00:00,21
2023-06-26,12:00:00,128
2023-06-26,13:00:00,46
2023-06-26,14:00:00,136
2023-06-26,15:00:00,3
2023-06-26,16:00:00,75
2023-06-26,17:00:00,38
2023-06-27,12:00:00,14
2023-06-27,13:00:00,120
2023-06-27,14:00:00,42
2023-06-28,04:00:00,46
2023-06-28,05:00:00,131
2023-06-28,06:00:00,19
2023-06-28,13:00:00,56
2023-06-28,14:00:00,128
2023-06-28,16:00:00,89
2023-06-28,17:00:00,39
2023-06-29,04:00:00,50
2023-06-29,05:00:00,117
2023-06-29,06:00:00,17
2023-06-29,09:00:00,40
2023-06-29,10:00:00,131
2023-06-29,11:00:00,20
2023-06-29,12:00:00,126
2023-06-29,13:00:00,1
2023-06-29,14:00:00,64
2023-06-29,15:00:00,69
2023-06-29,16:00:00,124
2023-06-29,17:00:00,58
2023-06-29,18:00:00,83
2023-06-30,04:00:00,60
2023-06-30,05:00:00,136
2023-06-30,08:00:00,71
2023-06-30,09:00:00,33
2023-06-30,10:00:00,64
2023-06-30,11:00:00,28
2023-06-30,12:00:00,135
2023-06-30,13:00:00,41
2023-06-30,16:00:00,107
2023-06-30,17:00:00,100
2023-06-30,18:00:00,132
2023-06-30,19:00:00,15
2023-06-30,20:00:00,19
2023-06-30,21:00:00,11
2023-07-01,04:00:00,43
2023-07-01,05:00:00,134
2023-07-01,06:00:00,8
2023-07-01,11:00:00,51
2023-07-01,12:00:00,97
2023-07-01,13:00:00,86
2023-07-01,14:00:00,113
2023-07-01,17:00:00,132
2023-07-01,18:00:00,33
2023-07-02,04:00:00,28
2023-07-02,05:00:00,136
2023-07-02,06:00:00,123
2023-07-02,07:00:00,75
2023-07-02,11:00:00,65
2023-07-02,12:00:00,103
2023-07-02,13:00:00,121
2023-07-02,14:00:00,49
2023-07-02,16:00:00,120
2023-07-02,17:00:00,2
2023-07-02,18:00:00,84
2023-07-02,19:00:00,28
2023-07-03,04:00:00,50
2023-07-03,05:00:00,80
2023-07-03,06:00:00,103
2023-07-03,07:00:00,42
2023-07-03,11:00:00,38
2023-07-03,12:00:00,73
2023-07-03,13:00:00,63
2023-07-03,14:00:00,117
2023-07-03,15:00:00,4
2023-07-03,16:00:00,65
2023-07-03,17:00:00,33
2023-07-04,13:00:00,89
2023-07-04,14:00:00,14
2023-07-05,04:00:00,26
2023-07-05,05:00:00,48
2023-07-05,13:00:00,56
2023-07-05,14:00:00,90
2023-07-05,16:00:00,90
2023-07-05,17:00:00,21
2023-07-06,04:00:00,36
2023-07-06,05:00:00,125
2023-07-06,06:00:00,120
2023-07-06,07:00:00,43
2023-07-06,11:00:00,64
2023-07-06,12:00:00,80
2023-07-06,13:00:00,138
2023-07-06,14:00:00,27
2023-07-06,15:00:00,22
2023-07-06,16:00:00,97
2023-07-06,17:00:00,21
2023-07-06,18:00:00,86
2023-07-07,04:00:00,55
2023-07-07,05:00:00,113
2023-07-07,06:00:00,105
2023-07-07,07:00:00,65
2023-07-07,11:00:00,78
2023-07-07,12:00:00,71
2023-07-07,13:00:00,51
2023-07-07,14:00:00,120
2023-07-07,15:00:00,5
2023-07-07,16:00:00,89
2023-07-07,17:00:00,51
2023-07-09,04:00:00,23
2023-07-09,05:00:00,122
2023-07-09,06:00:00,90
2023-07-09,07:00:00,41
2023-07-09,11:00:00,73
2023-07-09,12:00:00,67
2023-07-09,13:00:00,127
2023-07-09,14:00:00,74
2023-07-09,15:00:00,18
2023-07-09,16:00:00,66
2023-07-09,17:00:00,27
2023-07-09,18:00:00,7
2023-07-09,19:00:00,117
2023-07-10,04:00:00,44
2023-07-10,05:00:00,122
2023-07-10,06:00:00,87
2023-07-10,07:00:00,101
2023-07-10,11:00:00,29
2023-07-10,12:00:00,105
2023-07-10,13:00:00,55
2023-07-10,14:00:00,125
2023-07-10,15:00:00,17
2023-07-10,16:00:00,49
2023-07-10,17:00:00,20
2023-07-11,12:00:00,18
2023-07-11,13:00:00,106
2023-07-11,14:00:00,23
2023-07-12,13:00:00,88
2023-07-12,14:00:00,93
2023-07-12,16:00:00,120
2023-07-12,17:00:00,29
2023-07-13,04:00:00,27
2023-07-13,05:00:00,163
2023-07-13,06:00:00,119
2023-07-13,07:00:00,26
2023-07-13,11:00:00,118
2023-07-13,12:00:00,70
2023-07-13,13:00:00,139
2023-07-13,14:00:00,33
2023-07-13,15:00:00,43
2023-07-13,16:00:00,78
2023-07-13,17:00:00,8
2023-07-13,18:00:00,82
2023-07-13,19:00:00,14
2023-07-14,04:00:00,66
2023-07-14,05:00:00,84
2023-07-14,06:00:00,103
2023-07-14,07:00:00,71
2023-07-14,11:00:00,50
2023-07-14,12:00:00,116
2023-07-14,13:00:00,67
2023-07-14,14:00:00,128
2023-07-14,15:00:00,6
2023-07-14,16:00:00,94
2023-07-14,17:00:00,30
2023-07-15,11:00:00,59
2023-07-15,12:00:00,41
2023-07-15,13:00:00,45
2023-07-15,14:00:00,127
2023-07-15,16:00:00,117
2023-07-15,17:00:00,24
2023-07-16,04:00:00,19
2023-07-16,05:00:00,131
2023-07-16,06:00:00,98
2023-07-16,07:00:00,54
2023-07-16,11:00:00,47
2023-07-16,12:00:00,103
2023-07-16,13:00:00,11
2023-07-16,14:00:00,121
2023-07-16,15:00:00,63
2023-07-16,17:00:00,83
2023-07-16,18:00:00,47
2023-07-16,19:00:00,80
2023-07-17,04:00:00,43
2023-07-17,05:00:00,136
2023-07-17,06:00:00,129
2023-07-17,07:00:00,45
2023-07-17,11:00:00,16
2023-07-17,12:00:00,140
2023-07-17,13:00:00,80
2023-07-17,14:00:00,96
2023-07-17,15:00:00,11
2023-07-17,16:00:00,52
2023-07-17,17:00:00,33
2023-07-18,12:00:00,15
2023-07-18,13:00:00,115
2023-07-18,14:00:00,31
2023-07-19,13:00:00,91
2023-07-19,14:00:00,88
2023-07-19,16:00:00,87
2023-07-19,17:00:00,27
2023-07-20,04:00:00,50
2023-07-20,05:00:00,137
2023-07-20,06:00:00,127
2023-07-20,07:00:00,69
2023-07-20,11:00:00,70
2023-07-20,12:00:00,96
2023-07-20,13:00:00,112
2023-07-20,14:00:00,76
2023-07-20,15:00:00,22
2023-07-20,16:00:00,98
2023-07-20,17:00:00,12
2023-07-20,18:00:00,111
2023-07-21,04:00:00,33
2023-07-21,05:00:00,130
2023-07-21,06:00:00,132
2023-07-21,07:00:00,59
2023-07-21,11:00:00,46
2023-07-21,12:00:00,97
2023-07-21,13:00:00,55
2023-07-21,14:00:00,117
2023-07-21,15:00:00,18
2023-07-21,16:00:00,68
2023-07-21,17:00:00,60
2023-07-22,11:00:00,62
2023-07-22,12:00:00,69
2023-07-22,13:00:00,68
2023-07-22,14:00:00,123
2023-07-22,15:00:00,1
2023-07-22,16:00:00,72
2023-07-22,17:00:00,41
2023-07-23,04:00:00,18
2023-07-23,05:00:00,114
2023-07-23,06:00:00,47
2023-07-23,07:00:00,74
2023-07-23,11:00:00,38
2023-07-23,12:00:00,61
2023-07-23,13:00:00,110
2023-07-23,14:00:00,43
2023-07-23,15:00:00,33
2023-07-23,16:00:00,69
2023-07-23,17:00:00,15
2023-07-23,18:00:00,75
2023-07-23,19:00:00,25
2023-07-24,04:00:00,37
2023-07-24,05:00:00,122
2023-07-24,06:00:00,115
2023-07-24,07:00:00,65
2023-07-24,11:00:00,40
2023-07-24,12:00:00,130
2023-07-24,13:00:00,48
2023-07-24,14:00:00,127
2023-07-24,15:00:00,11
2023-07-24,16:00:00,38
2023-07-24,17:00:00,27
2023-07-25,12:00:00,11
2023-07-25,13:00:00,109
2023-07-25,14:00:00,50
2023-07-26,13:00:00,77
2023-07-26,14:00:00,109
2023-07-26,16:00:00,66
2023-07-26,17:00:00,44
2023-07-27,04:00:00,55
2023-07-27,05:00:00,126
2023-07-27,06:00:00,125
2023-07-27,07:00:00,65
2023-07-27,11:00:00,60
2023-07-27,12:00:00,106
2023-07-27,13:00:00,124
2023-07-27,14:00:00,52
2023-07-27,15:00:00,34
2023-07-27,16:00:00,119
2023-07-27,17:00:00,22
2023-07-27,18:00:00,128
2023-07-27,19:00:00,39
2023-07-28,04:00:00,38
2023-07-28,05:00:00,153
2023-07-28,06:00:00,84
2023-07-28,07:00:00,95
2023-07-28,11:00:00,34
2023-07-28,12:00:00,121
2023-07-28,13:00:00,61
2023-07-28,14:00:00,154
2023-07-28,15:00:00,11
2023-07-28,16:00:00,120
2023-07-28,17:00:00,65
2023-07-29,11:00:00,32
2023-07-29,12:00:00,112
2023-07-29,13:00:00,69
2023-07-29,14:00:00,118
2023-07-29,16:00:00,82
2023-07-29,17:00:00,46
2023-07-30,04:00:00,32
2023-07-30,05:00:00,129
2023-07-30,06:00:00,115
2023-07-30,07:00:00,26
2023-07-30,11:00:00,67
2023-07-30,12:00:00,104
2023-07-30,13:00:00,104
2023-07-30,14:00:00,63
2023-07-30,15:00:00,18
2023-07-30,16:00:00,104
2023-07-30,17:00:00,29
2023-07-30,18:00:00,65
2023-07-30,19:00:00,47
2023-07-31,04:00:00,44
2023-07-31,05:00:00,108
2023-07-31,06:00:00,105
2023-07-31,07:00:00,43
2023-07-31,11:00:00,61
2023-07-31,12:00:00,105
2023-07-31,13:00:00,42
2023-07-31,14:00:00,120
2023-07-31,15:00:00,10
2023-07-31,16:00:00,58
2023-07-31,17:00:00,29
2023-08-01,13:00:00,124
2023-08-01,14:00:00,50
2023-08-02,13:00:00,90
2023-08-02,14:00:00,105
2023-08-02,16:00:00,72
2023-08-02,17:00:00,31
2023-08-03,04:00:00,32
2023-08-03,05:00:00,133
2023-08-03,06:00:00,131
2023-08-03,07:00:00,59
2023-08-03,11:00:00,73
2023-08-03,12:00:00,73
2023-08-03,13:00:00,153
2023-08-03,14:00:00,35
2023-08-03,15:00:00,14
2023-08-03,16:00:00,126
2023-08-03,17:00:00,26
2023-08-03,18:00:00,121
2023-08-03,19:00:00,31
2023-08-04,04:00:00,42
2023-08-04,05:00:00,132
2023-08-04,06:00:00,96
2023-08-04,07:00:00,88
2023-08-04,11:00:00,39
2023-08-04,12:00:00,124
2023-08-04,13:00:00,66
2023-08-04,14:00:00,142
2023-08-04,15:00:00,7
2023-08-04,16:00:00,36
2023-08-04,17:00:00,93
2023-08-05,11:00:00,36
2023-08-05,12:00:00,137
2023-08-05,13:00:00,45
2023-08-05,14:00:00,156
2023-08-05,16:00:00,97
2023-08-05,17:00:00,26
2023-08-06,04:00:00,36
2023-08-06,05:00:00,130
2023-08-06,06:00:00,103
2023-08-06,07:00:00,40
2023-08-06,11:00:00,79
2023-08-06,12:00:00,101
2023-08-06,13:00:00,134
2023-08-06,14:00:00,44
2023-08-06,15:00:00,10
2023-08-06,16:00:00,73
2023-08-06,17:00:00,10
2023-08-06,18:00:00,92
2023-08-06,19:00:00,47
2023-08-07,04:00:00,44
2023-08-07,05:00:00,160
2023-08-07,06:00:00,108
2023-08-07,07:00:00,81
2023-08-07,11:00:00,41
2023-08-07,12:00:00,130
2023-08-07,13:00:00,77
2023-08-07,14:00:00,112
2023-08-07,15:00:00,13
2023-08-07,16:00:00,25
2023-08-07,17:00:00,44
2023-08-07,18:00:00,18
2023-08-08,12:00:00,25
2023-08-08,13:00:00,94
2023-08-08,14:00:00,34
2023-08-09,12:00:00,83
2023-08-09,13:00:00,102
2023-08-09,15:00:00,97
2023-08-09,16:00:00,27
2023-08-10,04:00:00,26
2023-08-10,05:00:00,112
2023-08-10,06:00:00,124
2023-08-10,07:00:00,105
2023-08-10,11:00:00,62
2023-08-10,12:00:00,94
2023-08-10,13:00:00,128
2023-08-10,14:00:00,60
2023-08-10,16:00:00,112
2023-08-10,17:00:00,19
2023-08-10,18:00:00,51
2023-08-10,19:00:00,114
2023-08-10,20:00:00,123
2023-08-11,04:00:00,19
2023-08-11,05:00:00,125
2023-08-11,06:00:00,109
2023-08-11,07:00:00,67
2023-08-11,08:00:00,16
2023-08-11,09:00:00,25
2023-08-11,11:00:00,40
2023-08-11,12:00:00,133
2023-08-11,13:00:00,20
2023-08-11,14:00:00,159
2023-08-11,15:00:00,7
2023-08-11,16:00:00,109
2023-08-11,17:00:00,68
2023-08-12,11:00:00,60
2023-08-12,12:00:00,123
2023-08-12,13:00:00,58
2023-08-12,14:00:00,124
2023-08-12,16:00:00,107
2023-08-12,17:00:00,50
2023-08-13,04:00:00,24
2023-08-13,05:00:00,126
2023-08-13,06:00:00,117
2023-08-13,07:00:00,14
2023-08-13,11:00:00,49
2023-08-13,12:00:00,81
2023-08-13,13:00:00,117
2023-08-13,14:00:00,64
2023-08-13,15:00:00,14
2023-08-13,16:00:00,82
2023-08-13,17:00:00,10
2023-08-13,18:00:00,102
2023-08-13,19:00:00,25
2023-08-14,04:00:00,35
2023-08-14,05:00:00,94
2023-08-14,06:00:00,84
2023-08-14,07:00:00,60
2023-08-14,11:00:00,33
2023-08-14,12:00:00,134
2023-08-14,13:00:00,65
2023-08-14,14:00:00,124
2023-08-14,16:00:00,44
2023-08-14,17:00:00,41
2023-08-15,12:00:00,10
2023-08-15,13:00:00,83
2023-08-15,14:00:00,40
2023-08-16,13:00:00,84
2023-08-16,14:00:00,98
2023-08-16,16:00:00,105
2023-08-16,17:00:00,12
2023-08-17,04:00:00,26
2023-08-17,05:00:00,157
2023-08-17,06:00:00,120
2023-08-17,07:00:00,99
2023-08-17,11:00:00,21
2023-08-17,12:00:00,98
2023-08-17,13:00:00,129
2023-08-17,14:00:00,62
2023-08-17,15:00:00,19
2023-08-17,16:00:00,98
2023-08-17,17:00:00,21
2023-08-17,18:00:00,96
2023-08-17,19:00:00,41
2023-08-18,04:00:00,30
2023-08-18,05:00:00,144
2023-08-18,06:00:00,123
2023-08-18,07:00:00,42
2023-08-18,11:00:00,33
2023-08-18,12:00:00,131
2023-08-18,13:00:00,73
2023-08-18,14:00:00,105
2023-08-18,15:00:00,18
2023-08-18,16:00:00,91
2023-08-18,17:00:00,85
2023-08-19,11:00:00,48
2023-08-19,12:00:00,126
2023-08-19,13:00:00,57
2023-08-19,14:00:00,121
2023-08-19,16:00:00,55
2023-08-19,17:00:00,23
2023-08-20,04:00:00,41
2023-08-20,05:00:00,119
2023-08-20,06:00:00,78
2023-08-20,07:00:00,39
2023-08-20,08:00:00,15
2023-08-20,09:00:00,10
2023-08-20,10:00:00,1
2023-08-20,12:00:00,111
2023-08-20,13:00:00,25
2023-08-20,14:00:00,30
2023-08-20,15:00:00,138
2023-08-20,16:00:00,66
2023-08-20,17:00:00,51
2023-08-20,18:00:00,85
2023-08-20,19:00:00,74
2023-08-21,04:00:00,36
2023-08-21,05:00:00,115
2023-08-21,06:00:00,78
2023-08-21,07:00:00,38
2023-08-21,11:00:00,54
2023-08-21,12:00:00,95
2023-08-21,13:00:00,45
2023-08-21,14:00:00,112
2023-08-21,15:00:00,3
2023-08-21,16:00:00,35
2023-08-21,17:00:00,29
2023-08-22,12:00:00,15
2023-08-22,13:00:00,68
2023-08-22,14:00:00,4
2023-08-23,13:00:00,110
2023-08-23,14:00:00,84
2023-08-23,16:00:00,65
2023-08-23,17:00:00,23
2023-08-24,04:00:00,39
2023-08-24,05:00:00,126
2023-08-24,06:00:00,102
2023-08-24,07:00:00,87
2023-08-24,11:00:00,52
2023-08-24,12:00:00,107
2023-08-24,13:00:00,134
2023-08-24,14:00:00,56
2023-08-24,15:00:00,19
2023-08-24,16:00:00,120
2023-08-24,17:00:00,12
2023-08-24,18:00:00,90
2023-08-24,19:00:00,46
2023-08-25,04:00:00,46
2023-08-25,05:00:00,101
2023-08-25,06:00:00,121
2023-08-25,07:00:00,56
2023-08-25,11:00:00,43
2023-08-25,12:00:00,135
2023-08-25,13:00:00,43
2023-08-25,14:00:00,127
2023-08-25,15:00:00,16
2023-08-25,16:00:00,63
2023-08-25,17:00:00,56
2023-08-26,11:00:00,36
2023-08-26,12:00:00,78
2023-08-26,13:00:00,62
2023-08-26,14:00:00,87
2023-08-26,15:00:00,5
2023-08-26,16:00:00,25
2023-08-26,17:00:00,23
2023-08-27,04:00:00,46
2023-08-27,05:00:00,64
2023-08-27,06:00:00,37
2023-08-27,07:00:00,26
2023-08-27,11:00:00,54
2023-08-27,12:00:00,76
2023-08-27,13:00:00,82
2023-08-27,14:00:00,66
2023-08-27,15:00:00,13
2023-08-27,16:00:00,31
2023-08-27,17:00:00,10
2023-08-27,18:00:00,66
2023-08-27,19:00:00,29
2023-08-28,04:00:00,13
2023-08-28,05:00:00,91
2023-08-28,06:00:00,90
2023-08-28,07:00:00,17
2023-08-28,11:00:00,53
2023-08-28,12:00:00,65
2023-08-28,13:00:00,64
2023-08-28,14:00:00,43
2023-08-28,15:00:00,8
2023-08-28,16:00:00,32
2023-08-28,17:00:00,5
2023-08-30,13:00:00,60
2023-08-30,14:00:00,34
2023-08-31,04:00:00,28
2023-08-31,05:00:00,101
2023-08-31,06:00:00,98
2023-08-31,07:00:00,102
2023-08-31,11:00:00,56
2023-08-31,12:00:00,69
2023-08-31,13:00:00,121
2023-08-31,14:00:00,53
2023-08-31,15:00:00,26
2023-08-31,16:00:00,98
2023-08-31,17:00:00,30
2023-08-31,18:00:00,111
2023-08-31,19:00:00,35
2023-09-01,04:00:00,76
2023-09-01,05:00:00,113
2023-09-01,06:00:00,51
2023-09-01,07:00:00,138
2023-09-01,11:00:00,37
2023-09-01,12:00:00,146
2023-09-01,13:00:00,60
2023-09-01,14:00:00,116
2023-09-01,15:00:00,17
2023-09-01,16:00:00,113
2023-09-01,17:00:00,65
2023-09-02,11:00:00,32
2023-09-02,12:00:00,48
2023-09-02,13:00:00,34
2023-09-02,14:00:00,45
2023-09-02,15:00:00,5
2023-09-02,16:00:00,43
2023-09-02,17:00:00,42
2023-09-03,04:00:00,11
2023-09-03,05:00:00,35
2023-09-03,06:00:00,34
2023-09-03,07:00:00,16
2023-09-03,11:00:00,29
2023-09-03,12:00:00,48
2023-09-03,13:00:00,88
2023-09-03,14:00:00,27
2023-09-03,15:00:00,10
2023-09-03,16:00:00,65
2023-09-03,17:00:00,6
2023-09-03,18:00:00,44
2023-09-03,19:00:00,19
2023-09-04,04:00:00,31
2023-09-04,05:00:00,58
2023-09-04,06:00:00,81
2023-09-04,07:00:00,27
2023-09-04,11:00:00,11
2023-09-04,12:00:00,57
2023-09-04,13:00:00,38
2023-09-04,14:00:00,102
2023-09-04,15:00:00,11
2023-09-04,16:00:00,34
2023-09-04,17:00:00,59
2023-09-05,13:00:00,72
2023-09-05,14:00:00,10
2023-09-06,13:00:00,45
2023-09-06,14:00:00,46
2023-09-06,16:00:00,45
2023-09-06,17:00:00,11
2023-09-07,04:00:00,27
2023-09-07,05:00:00,73
2023-09-07,06:00:00,100
2023-09-07,07:00:00,77
2023-09-07,11:00:00,33
2023-09-07,12:00:00,57
2023-09-07,13:00:00,113
2023-09-07,14:00:00,28
2023-09-07,15:00:00,21
2023-09-07,16:00:00,141
2023-09-07,17:00:00,9
2023-09-07,18:00:00,35
2023-09-07,19:00:00,41
2023-09-08,04:00:00,30
2023-09-08,05:00:00,75
2023-09-08,06:00:00,19
2023-09-08,07:00:00,107
2023-09-08,12:00:00,102
2023-09-08,13:00:00,90
2023-09-08,14:00:00,129
2023-09-08,15:00:00,29
2023-09-08,16:00:00,11
2023-09-08,17:00:00,67
2023-09-08,18:00:00,21
2023-09-10,04:00:00,15
2023-09-10,05:00:00,57
2023-09-10,06:00:00,62
2023-09-10,07:00:00,11
2023-09-10,11:00:00,44
2023-09-10,12:00:00,73
2023-09-10,13:00:00,107
2023-09-10,14:00:00,67
2023-09-10,16:00:00,76
2023-09-10,17:00:00,9
2023-09-10,18:00:00,56
2023-09-10,19:00:00,48
2023-09-11,04:00:00,28
2023-09-11,05:00:00,82
2023-09-11,06:00:00,60
2023-09-11,07:00:00,37
2023-09-11,12:00:00,70
2023-09-11,13:00:00,36
2023-09-11,14:00:00,103
2023-09-11,15:00:00,9
2023-09-11,16:00:00,17
2023-09-11,17:00:00,32
2023-09-11,18:00:00,2
2023-09-13,06:00:00,45
2023-09-13,07:00:00,9
2023-09-13,12:00:00,27
2023-09-13,13:00:00,24
2023-09-14,04:00:00,33
2023-09-14,05:00:00,93
2023-09-14,06:00:00,115
2023-09-14,07:00:00,78
2023-09-14,09:00:00,25
2023-09-14,10:00:00,16
2023-09-14,11:00:00,31
2023-09-14,12:00:00,113
2023-09-14,13:00:00,18
2023-09-14,14:00:00,143
2023-09-14,15:00:00,35
2023-09-15,04:00:00,32
2023-09-15,05:00:00,105
2023-09-15,06:00:00,74
2023-09-15,07:00:00,39
2023-09-15,12:00:00,102
2023-09-15,13:00:00,133
2023-09-15,14:00:00,129
2023-09-15,15:00:00,5
2023-09-15,16:00:00,33
2023-09-15,17:00:00,117
2023-09-15,18:00:00,2
2023-09-17,04:00:00,14
2023-09-17,05:00:00,64
2023-09-17,06:00:00,53
2023-09-17,07:00:00,32
2023-09-17,11:00:00,28
2023-09-17,12:00:00,89
2023-09-17,13:00:00,108
2023-09-17,14:00:00,45
2023-09-17,15:00:00,21
2023-09-17,16:00:00,48
2023-09-17,17:00:00,25
2023-09-17,18:00:00,78
2023-09-18,04:00:00,29
2023-09-18,05:00:00,90
2023-09-18,06:00:00,51
2023-09-18,07:00:00,37
2023-09-18,12:00:00,74
2023-09-18,13:00:00,36
2023-09-18,14:00:00,106
2023-09-18,15:00:00,19
2023-09-18,16:00:00,20
2023-09-18,17:00:00,32
2023-09-18,18:00:00,1
2023-09-20,06:00:00,48
2023-09-20,07:00:00,42
2023-09-20,12:00:00,42
2023-09-20,13:00:00,36
2023-09-21,04:00:00,46
2023-09-21,05:00:00,100
2023-09-21,06:00:00,155
2023-09-21,07:00:00,48
2023-09-21,11:00:00,69
2023-09-21,12:00:00,82
2023-09-21,13:00:00,37
2023-09-21,14:00:00,135
2023-09-21,15:00:00,79
2023-09-21,16:00:00,133
2023-09-21,17:00:00,51
2023-09-21,18:00:00,123
2023-09-22,04:00:00,35
2023-09-22,05:00:00,130
2023-09-22,06:00:00,115
2023-09-22,07:00:00,37
2023-09-22,12:00:00,112
2023-09-22,13:00:00,82
2023-09-22,14:00:00,118
2023-09-22,15:00:00,47
2023-09-22,16:00:00,38
2023-09-22,17:00:00,126
2023-09-22,18:00:00,4
2023-09-24,04:00:00,23
2023-09-24,05:00:00,84
2023-09-24,06:00:00,88
2023-09-24,07:00:00,26
2023-09-24,11:00:00,64
2023-09-24,12:00:00,104
2023-09-24,13:00:00,143
2023-09-24,14:00:00,46
2023-09-24,15:00:00,22
2023-09-24,16:00:00,65
2023-09-24,17:00:00,55
2023-09-24,18:00:00,66
2023-09-25,04:00:00,29
2023-09-25,05:00:00,99
2023-09-25,06:00:00,54
2023-09-25,07:00:00,35
2023-09-25,12:00:00,91
2023-09-25,13:00:00,53
2023-09-25,14:00:00,98
2023-09-25,15:00:00,17
2023-09-25,16:00:00,12
2023-09-25,17:00:00,38
2023-09-27,06:00:00,62
2023-09-27,07:00:00,40
2023-09-27,12:00:00,27
2023-09-27,13:00:00,15
2023-09-28,04:00:00,20
2023-09-28,05:00:00,120
2023-09-28,06:00:00,100
2023-09-28,07:00:00,74
2023-09-28,11:00:00,44
2023-09-28,12:00:00,113
2023-09-28,13:00:00,97
2023-09-28,14:00:00,15
2023-09-28,15:00:00,33
2023-09-28,16:00:00,137
2023-09-28,17:00:00,144
2023-09-29,04:00:00,13
2023-09-29,05:00:00,117
2023-09-29,06:00:00,61
2023-09-29,07:00:00,37
2023-09-29,12:00:00,121
2023-09-29,13:00:00,79
2023-09-29,14:00:00,132
2023-09-29,15:00:00,32
2023-09-29,16:00:00,47
2023-09-29,17:00:00,101
2023-09-29,18:00:00,4
2023-10-01,04:00:00,22
2023-10-01,05:00:00,55
2023-10-01,06:00:00,85
2023-10-01,07:00:00,23
2023-10-01,11:00:00,56
2023-10-01,12:00:00,61
2023-10-01,13:00:00,114
2023-10-01,14:00:00,30
2023-10-01,15:00:00,30
2023-10-01,16:00:00,69
2023-10-01,17:00:00,35
2023-10-01,18:00:00,74
2023-10-02,04:00:00,25
2023-10-02,05:00:00,77
2023-10-02,06:00:00,89
2023-10-02,07:00:00,41
2023-10-02,12:00:00,53
2023-10-02,13:00:00,24
2023-10-02,14:00:00,114
2023-10-02,15:00:00,22
2023-10-02,16:00:00,9
2023-10-02,17:00:00,52
2023-10-02,18:00:00,2
2023-10-04,06:00:00,73
2023-10-04,07:00:00,74
2023-10-04,12:00:00,36
2023-10-04,13:00:00,27
2023-10-05,04:00:00,54
2023-10-05,05:00:00,119
2023-10-05,06:00:00,115
2023-10-05,07:00:00,79
2023-10-05,11:00:00,67
2023-10-05,12:00:00,109
2023-10-05,13:00:00,132
2023-10-05,14:00:00,43
2023-10-05,15:00:00,68
2023-10-05,16:00:00,119
2023-10-05,17:00:00,59
2023-10-05,18:00:00,113
2023-10-06,04:00:00,20
2023-10-06,05:00:00,146
2023-10-06,06:00:00,152
2023-10-06,07:00:00,27
2023-10-06,09:00:00,14
2023-10-06,12:00:00,108
2023-10-06,13:00:00,96
2023-10-06,14:00:00,81
2023-10-06,15:00:00,76
2023-10-06,16:00:00,17
2023-10-06,17:00:00,162
2023-10-06,18:00:00,24
2023-10-07,06:00:00,126
2023-10-07,07:00:00,29
2023-10-08,04:00:00,22
2023-10-08,05:00:00,67
2023-10-08,06:00:00,68
2023-10-08,07:00:00,43
2023-10-08,11:00:00,45
2023-10-08,12:00:00,71
2023-10-08,13:00:00,119
2023-10-08,14:00:00,61
2023-10-08,15:00:00,29
2023-10-08,16:00:00,73
2023-10-08,17:00:00,4
2023-10-08,18:00:00,74
2023-10-08,19:00:00,24
2023-10-09,04:00:00,10
2023-10-09,05:00:00,106
2023-10-09,06:00:00,68
2023-10-09,07:00:00,43
2023-10-09,12:00:00,92
2023-10-09,13:00:00,51
2023-10-09,14:00:00,101
2023-10-09,15:00:00,12
2023-10-09,16:00:00,12
2023-10-09,17:00:00,112
2023-10-09,18:00:00,4
2023-10-11,06:00:00,57
2023-10-11,07:00:00,55
2023-10-11,12:00:00,33
2023-10-11,13:00:00,50
2023-10-12,04:00:00,39
2023-10-12,05:00:00,130
2023-10-12,11:00:00,104
2023-10-12,12:00:00,82
2023-10-12,15:00:00,42
2023-10-12,16:00:00,111
2023-10-12,17:00:00,65
2023-10-12,18:00:00,72
2023-10-12,19:00:00,59
2023-10-12,20:00:00,35
2023-10-12,21:00:00,50
2023-10-12,22:00:00,84
2023-10-13,04:00:00,33
2023-10-13,05:00:00,147
2023-10-13,06:00:00,110
2023-10-13,07:00:00,42
2023-10-13,12:00:00,103
2023-10-13,13:00:00,68
2023-10-13,14:00:00,137
2023-10-13,15:00:00,17
2023-10-13,16:00:00,62
2023-10-13,17:00:00,116
2023-10-14,06:00:00,129
2023-10-14,07:00:00,42
2023-10-15,04:00:00,50
2023-10-15,05:00:00,64
2023-10-15,06:00:00,53
2023-10-15,07:00:00,47
2023-10-15,11:00:00,100
2023-10-15,12:00:00,79
2023-10-15,13:00:00,120
2023-10-15,14:00:00,64
2023-10-15,15:00:00,35
2023-10-15,16:00:00,96
2023-10-15,17:00:00,48
2023-10-16,04:00:00,35
2023-10-16,05:00:00,117
2023-10-16,06:00:00,88
2023-10-16,07:00:00,63
2023-10-16,12:00:00,79
2023-10-16,13:00:00,55
2023-10-16,14:00:00,95
2023-10-16,15:00:00,9
2023-10-16,16:00:00,35
2023-10-16,17:00:00,64
2023-10-16,18:00:00,1
2023-10-18,06:00:00,75
2023-10-18,07:00:00,51
2023-10-18,12:00:00,36
2023-10-18,13:00:00,29
2023-10-19,04:00:00,49
2023-10-19,05:00:00,137
2023-10-19,06:00:00,102
2023-10-19,07:00:00,50
2023-10-19,11:00:00,49
2023-10-19,12:00:00,103
2023-10-19,13:00:00,125
2023-10-19,14:00:00,50
2023-10-19,15:00:00,33
2023-10-19,16:00:00,148
2023-10-19,17:00:00,57
2023-10-19,18:00:00,113
2023-10-20,04:00:00,22
2023-10-20,05:00:00,120
2023-10-20,06:00:00,104
2023-10-20,07:00:00,75
2023-10-20,12:00:00,114
2023-10-20,13:00:00,62
2023-10-20,14:00:00,162
2023-10-20,15:00:00,20
2023-10-20,16:00:00,30
2023-10-20,17:00:00,124
2023-10-20,18:00:00,9
2023-10-21,06:00:00,110
2023-10-21,07:00:00,57
2023-10-22,04:00:00,26
2023-10-22,05:00:00,84
2023-10-22,06:00:00,75
2023-10-22,07:00:00,20
2023-10-22,11:00:00,39
2023-10-22,12:00:00,117
2023-10-22,13:00:00,105
2023-10-22,14:00:00,69
2023-10-22,15:00:00,29
2023-10-22,16:00:00,109
2023-10-22,17:00:00,30
2023-10-22,18:00:00,94
2023-10-23,04:00:00,25
2023-10-23,05:00:00,123
2023-10-23,06:00:00,66
2023-10-23,07:00:00,61
2023-10-23,12:00:00,61
2023-10-23,13:00:00,48
2023-10-23,14:00:00,96
2023-10-23,15:00:00,22
2023-10-23,16:00:00,26
2023-10-23,17:00:00,76
2023-10-23,18:00:00,3
2023-10-25,06:00:00,83
2023-10-25,07:00:00,42
2023-10-25,12:00:00,27
2023-10-25,13:00:00,12
2023-10-26,04:00:00,34
2023-10-26,05:00:00,127
2023-10-26,06:00:00,100
2023-10-26,07:00:00,49
2023-10-26,11:00:00,53
2023-10-26,12:00:00,100
2023-10-26,13:00:00,67
2023-10-26,14:00:00,104
2023-10-26,15:00:00,57
2023-10-26,16:00:00,116
2023-10-26,17:00:00,57
2023-10-26,18:00:00,66
2023-10-27,04:00:00,33
2023-10-27,05:00:00,125
2023-10-27,06:00:00,83
2023-10-27,07:00:00,47
2023-10-27,12:00:00,112
2023-10-27,13:00:00,93
2023-10-27,14:00:00,128
2023-10-27,15:00:00,27
2023-10-27,16:00:00,38
2023-10-27,17:00:00,120
2023-10-27,18:00:00,13
2023-10-28,06:00:00,66
2023-10-28,07:00:00,78
2023-10-29,04:00:00,36
2023-10-29,05:00:00,51
2023-10-29,06:00:00,22
2023-10-29,07:00:00,12
2023-10-29,11:00:00,45
2023-10-29,12:00:00,42
2023-10-29,13:00:00,104
2023-10-29,14:00:00,51
2023-10-29,15:00:00,14
2023-10-29,16:00:00,67
2023-10-29,17:00:00,25
2023-10-30,04:00:00,41
2023-10-30,05:00:00,85
2023-10-30,06:00:00,54
2023-10-30,07:00:00,38
2023-10-30,12:00:00,56
2023-10-30,13:00:00,28
2023-10-30,14:00:00,66
2023-10-30,15:00:00,20
2023-10-30,16:00:00,18
2023-10-30,17:00:00,31
2023-11-01,06:00:00,76
2023-11-01,07:00:00,31
2023-11-01,13:00:00,39
2023-11-01,14:00:00,73
2023-11-02,04:00:00,38
2023-11-02,05:00:00,108
2023-11-02,06:00:00,130
2023-11-02,07:00:00,57
2023-11-02,11:00:00,43
2023-11-02,12:00:00,127
2023-11-02,13:00:00,76
2023-11-02,14:00:00,102
2023-11-03,04:00:00,43
2023-11-03,05:00:00,98
2023-11-03,06:00:00,108
2023-11-03,07:00:00,44
2023-11-03,11:00:00,45
2023-11-03,12:00:00,86
2023-11-03,13:00:00,112
2023-11-03,14:00:00,67
2023-11-04,04:00:00,34
2023-11-04,05:00:00,99
2023-11-04,06:00:00,98
2023-11-04,07:00:00,43
2023-11-04,13:00:00,97
2023-11-04,14:00:00,47
2023-11-05,04:00:00,13
2023-11-05,05:00:00,71
2023-11-05,06:00:00,93
2023-11-05,07:00:00,25
2023-11-05,11:00:00,38
2023-11-05,12:00:00,102
2023-11-05,13:00:00,69
2023-11-05,14:00:00,13
2023-11-05,17:00:00,14
2023-11-05,18:00:00,38
2023-11-05,19:00:00,11
2023-11-06,04:00:00,13
2023-11-06,05:00:00,49
2023-11-06,06:00:00,94
2023-11-06,07:00:00,66
2023-11-06,11:00:00,100
2023-11-06,12:00:00,29
2023-11-06,13:00:00,99
2023-11-06,14:00:00,22
2023-11-06,15:00:00,41
2023-11-06,16:00:00,12
2023-11-07,04:00:00,20
2023-11-07,05:00:00,39
2023-11-07,06:00:00,8
2023-11-08,06:00:00,116
2023-11-08,07:00:00,38
2023-11-08,13:00:00,113
2023-11-08,14:00:00,59
2023-11-09,04:00:00,54
2023-11-09,05:00:00,147
2023-11-09,06:00:00,113
2023-11-09,07:00:00,50
2023-11-09,11:00:00,70
2023-11-09,12:00:00,88
2023-11-09,13:00:00,119
2023-11-09,14:00:00,59
2023-11-09,17:00:00,20
2023-11-09,18:00:00,122
2023-11-09,19:00:00,12
2023-11-10,04:00:00,31
2023-11-10,05:00:00,141
2023-11-10,06:00:00,121
2023-11-10,07:00:00,45
2023-11-10,11:00:00,75
2023-11-10,12:00:00,77
2023-11-10,13:00:00,92
2023-11-10,14:00:00,64
2023-11-10,17:00:00,74
2023-11-10,18:00:00,53
2023-11-11,04:00:00,17
2023-11-11,05:00:00,73
2023-11-11,06:00:00,56
2023-11-11,07:00:00,14
2023-11-11,13:00:00,70
2023-11-11,14:00:00,57
2023-11-12,04:00:00,13
2023-11-12,05:00:00,61
2023-11-12,06:00:00,66
2023-11-12,07:00:00,42
2023-11-12,11:00:00,47
2023-11-12,12:00:00,75
2023-11-12,13:00:00,78
2023-11-12,14:00:00,13
2023-11-12,17:00:00,5
2023-11-12,18:00:00,50
2023-11-12,19:00:00,7
2023-11-13,04:00:00,12
2023-11-13,05:00:00,29
2023-11-13,06:00:00,72
2023-11-13,07:00:00,34
2023-11-13,11:00:00,67
2023-11-13,12:00:00,36
2023-11-13,13:00:00,79
2023-11-13,14:00:00,37
2023-11-13,17:00:00,23
2023-11-13,18:00:00,23
2023-11-14,05:00:00,35
2023-11-14,06:00:00,3
2023-11-15,06:00:00,46
2023-11-15,07:00:00,22
2023-11-15,11:00:00,67
2023-11-15,12:00:00,65
2023-11-15,13:00:00,105
2023-11-15,14:00:00,8
2023-11-16,04:00:00,41
2023-11-16,05:00:00,128
2023-11-16,06:00:00,104
2023-11-16,07:00:00,46
2023-11-16,11:00:00,55
2023-11-16,12:00:00,118
2023-11-16,13:00:00,71
2023-11-16,14:00:00,34
2023-11-16,17:00:00,8
2023-11-16,18:00:00,96
2023-11-16,19:00:00,30
2023-11-17,04:00:00,36
2023-11-17,05:00:00,109
2023-11-17,06:00:00,125
2023-11-17,07:00:00,59
2023-11-17,08:00:00,6
2023-11-17,11:00:00,92
2023-11-17,12:00:00,45
2023-11-17,13:00:00,95
2023-11-17,14:00:00,83
2023-11-17,17:00:00,114
2023-11-17,18:00:00,43
2023-11-18,04:00:00,35
2023-11-18,05:00:00,119
2023-11-18,06:00:00,121
2023-11-18,07:00:00,84
2023-11-18,11:00:00,52
2023-11-18,12:00:00,106
2023-11-18,13:00:00,105
2023-11-18,14:00:00,71
2023-11-19,04:00:00,30
2023-11-19,05:00:00,123
2023-11-19,06:00:00,109
2023-11-19,07:00:00,45
2023-11-19,11:00:00,39
2023-11-19,12:00:00,105
2023-11-19,13:00:00,83
2023-11-19,14:00:00,11
2023-11-19,17:00:00,15
2023-11-19,18:00:00,88
2023-11-19,19:00:00,11
2023-11-20,04:00:00,51
2023-11-20,05:00:00,79
2023-11-20,06:00:00,99
2023-11-20,07:00:00,45
2023-11-20,11:00:00,125
2023-11-20,12:00:00,33
2023-11-20,13:00:00,102
2023-11-20,14:00:00,60
2023-11-20,17:00:00,55
2023-11-20,18:00:00,71
2023-11-21,04:00:00,32
2023-11-21,05:00:00,90
2023-11-21,06:00:00,15
2023-11-21,11:00:00,88
2023-11-21,12:00:00,72
2023-11-21,13:00:00,85
2023-11-21,14:00:00,72
2023-11-22,06:00:00,129
2023-11-22,07:00:00,32
2023-11-22,11:00:00,80
2023-11-22,12:00:00,88
2023-11-22,13:00:00,103
2023-11-22,14:00:00,69
2023-11-23,04:00:00,25
2023-11-23,05:00:00,129
2023-11-23,06:00:00,85
2023-11-23,07:00:00,45
2023-11-23,12:00:00,17
2023-11-23,13:00:00,54
2023-11-23,14:00:00,15
2023-11-24,04:00:00,49
2023-11-24,05:00:00,93
2023-11-24,06:00:00,103
2023-11-24,07:00:00,39
2023-11-24,11:00:00,63
2023-11-24,12:00:00,43
2023-11-24,13:00:00,110
2023-11-24,14:00:00,49
2023-11-24,17:00:00,84
2023-11-24,18:00:00,59
2023-11-25,04:00:00,26
2023-11-25,05:00:00,105
2023-11-25,06:00:00,121
2023-11-25,07:00:00,57
2023-11-25,11:00:00,65
2023-11-25,12:00:00,71
2023-11-25,13:00:00,69
2023-11-25,14:00:00,105
2023-11-26,04:00:00,24
2023-11-26,05:00:00,118
2023-11-26,06:00:00,120
2023-11-26,07:00:00,64
2023-11-26,11:00:00,62
2023-11-26,12:00:00,92
2023-11-26,13:00:00,104
2023-11-26,14:00:00,74
2023-11-26,17:00:00,4
2023-11-26,18:00:00,127
2023-11-26,19:00:00,34
2023-11-27,04:00:00,34
2023-11-27,05:00:00,115
2023-11-27,06:00:00,89
2023-11-27,07:00:00,70
2023-11-27,11:00:00,96
2023-11-27,12:00:00,39
2023-11-27,13:00:00,121
2023-11-27,14:00:00,52
2023-11-27,17:00:00,51
2023-11-27,18:00:00,29
2023-11-28,04:00:00,11
2023-11-28,05:00:00,52
2023-11-28,06:00:00,8
2023-11-28,11:00:00,27
2023-11-28,12:00:00,54
2023-11-28,13:00:00,68
2023-11-28,14:00:00,8
2023-11-29,06:00:00,70
2023-11-29,07:00:00,40
2023-11-29,11:00:00,80
2023-11-29,12:00:00,10
2023-11-29,13:00:00,81
2023-11-29,14:00:00,41
2023-11-30,04:00:00,30
2023-11-30,05:00:00,93
2023-11-30,06:00:00,66
2023-11-30,07:00:00,34
2023-11-30,11:00:00,27
2023-11-30,12:00:00,73
2023-11-30,13:00:00,70
2023-11-30,14:00:00,30
2023-12-01,04:00:00,16
2023-12-01,05:00:00,111
2023-12-01,06:00:00,107
2023-12-01,07:00:00,83
2023-12-01,11:00:00,88
2023-12-01,12:00:00,73
2023-12-01,13:00:00,133
2023-12-01,14:00:00,42
2023-12-02,04:00:00,40
2023-12-02,05:00:00,74
2023-12-02,06:00:00,92
2023-12-02,07:00:00,25
2023-12-02,11:00:00,83
2023-12-02,12:00:00,29
2023-12-02,13:00:00,91
2023-12-02,14:00:00,34
2023-12-03,04:00:00,15
2023-12-03,05:00:00,34
2023-12-03,06:00:00,1
2023-12-03,10:00:00,37
2023-12-03,11:00:00,30
2023-12-03,12:00:00,61
2023-12-03,13:00:00,45
2023-12-03,14:00:00,9
2023-12-04,04:00:00,12
2023-12-04,05:00:00,42
2023-12-04,06:00:00,54
2023-12-04,07:00:00,23
2023-12-04,11:00:00,53
2023-12-04,12:00:00,23
2023-12-04,13:00:00,45
2023-12-04,14:00:00,24
2023-12-05,04:00:00,9
2023-12-05,05:00:00,31
2023-12-06,06:00:00,43
2023-12-06,07:00:00,18
2023-12-06,11:00:00,49
2023-12-06,12:00:00,20
2023-12-06,13:00:00,74
2023-12-06,14:00:00,26
2023-12-07,04:00:00,39
2023-12-07,05:00:00,139
2023-12-07,06:00:00,89
2023-12-07,07:00:00,19
2023-12-07,11:00:00,66
2023-12-07,12:00:00,62
2023-12-07,13:00:00,60
2023-12-07,14:00:00,11
2023-12-08,04:00:00,21
2023-12-08,05:00:00,82
2023-12-08,06:00:00,103
2023-12-08,07:00:00,50
2023-12-08,11:00:00,104
2023-12-08,12:00:00,11
2023-12-08,13:00:00,78
2023-12-08,14:00:00,64
2023-12-09,04:00:00,23
2023-12-09,05:00:00,83
2023-12-09,06:00:00,63
2023-12-09,07:00:00,18
2023-12-09,11:00:00,28
2023-12-09,12:00:00,51
2023-12-09,14:00:00,84
2023-12-09,15:00:00,19
2023-12-10,04:00:00,16
2023-12-10,05:00:00,74
2023-12-10,06:00:00,42
2023-12-10,07:00:00,18
2023-12-10,11:00:00,28
2023-12-10,12:00:00,53
2023-12-10,13:00:00,44
2023-12-10,14:00:00,10
2023-12-11,05:00:00,42
2023-12-11,06:00:00,66
2023-12-11,07:00:00,33
2023-12-11,11:00:00,47
2023-12-11,12:00:00,26
2023-12-11,13:00:00,40
2023-12-11,14:00:00,26
2023-12-12,04:00:00,13
2023-12-12,05:00:00,45
2023-12-13,06:00:00,42
2023-12-13,07:00:00,29
2023-12-13,11:00:00,88
2023-12-13,12:00:00,69
2023-12-13,13:00:00,98
2023-12-13,14:00:00,18
2023-12-14,04:00:00,22
2023-12-14,05:00:00,85
2023-12-14,06:00:00,64
2023-12-14,07:00:00,49
2023-12-14,11:00:00,51
2023-12-14,12:00:00,70
2023-12-14,13:00:00,71
2023-12-14,14:00:00,10
2023-12-14,15:00:00,8
2023-12-15,04:00:00,17
2023-12-15,05:00:00,84
2023-12-15,06:00:00,53
2023-12-15,07:00:00,44
2023-12-15,11:00:00,113
2023-12-15,12:00:00,30
2023-12-15,13:00:00,78
2023-12-15,14:00:00,53
2023-12-16,04:00:00,24
2023-12-16,05:00:00,74
2023-12-16,06:00:00,65
2023-12-16,07:00:00,33
2023-12-16,11:00:00,67
2023-12-16,12:00:00,94
2023-12-16,13:00:00,68
2023-12-16,14:00:00,33
2023-12-17,04:00:00,17
2023-12-17,05:00:00,88
2023-12-17,06:00:00,72
2023-12-17,07:00:00,34
2023-12-17,11:00:00,42
2023-12-17,12:00:00,45
2023-12-17,13:00:00,69
2023-12-17,14:00:00,9
2023-12-18,04:00:00,6
2023-12-18,05:00:00,28
2023-12-18,06:00:00,40
2023-12-18,07:00:00,44
2023-12-18,11:00:00,58
2023-12-18,12:00:00,76
2023-12-18,13:00:00,51
2023-12-18,14:00:00,16
2023-12-19,04:00:00,20
2023-12-19,05:00:00,70
2023-12-19,06:00:00,79
2023-12-19,07:00:00,30
2023-12-19,11:00:00,30
2023-12-19,12:00:00,47
2023-12-19,13:00:00,74
2023-12-19,14:00:00,13
2023-12-20,04:00:00,36
2023-12-20,05:00:00,76
2023-12-20,06:00:00,62
2023-12-20,07:00:00,63
2023-12-20,11:00:00,44
2023-12-20,12:00:00,147
2023-12-20,16:00:00,19
2023-12-20,17:00:00,67
2023-12-20,18:00:00,144
2023-12-20,19:00:00,29
2023-12-21,04:00:00,52
2023-12-21,05:00:00,116
2023-12-21,06:00:00,68
2023-12-21,07:00:00,80
2023-12-21,11:00:00,87
2023-12-21,12:00:00,81
2023-12-21,13:00:00,123
2023-12-21,14:00:00,51
2023-12-21,17:00:00,21
2023-12-21,18:00:00,106
2023-12-21,19:00:00,35
2023-12-22,04:00:00,40
2023-12-22,05:00:00,137
2023-12-22,06:00:00,121
2023-12-22,07:00:00,52
2023-12-22,11:00:00,132
2023-12-22,12:00:00,60
2023-12-22,13:00:00,97
2023-12-22,14:00:00,105
2023-12-22,17:00:00,70
2023-12-22,18:00:00,44
2023-12-23,04:00:00,59
2023-12-23,05:00:00,129
2023-12-23,06:00:00,76
2023-12-23,07:00:00,95
2023-12-23,11:00:00,88
2023-12-23,12:00:00,106
2023-12-23,13:00:00,90
2023-12-23,14:00:00,80
2023-12-24,04:00:00,53
2023-12-24,05:00:00,117
2023-12-24,06:00:00,74
2023-12-24,07:00:00,88
2023-12-24,11:00:00,54
2023-12-24,12:00:00,104
2023-12-24,13:00:00,144
2023-12-24,17:00:00,31
2023-12-24,18:00:00,89
2023-12-24,19:00:00,7
2023-12-25,04:00:00,14
2023-12-25,05:00:00,99
2023-12-25,06:00:00,72
2023-12-25,07:00:00,84
2023-12-25,11:00:00,96
2023-12-25,12:00:00,77
2023-12-25,13:00:00,132
2023-12-25,14:00:00,48
2023-12-25,17:00:00,106
2023-12-25,18:00:00,41
2023-12-26,04:00:00,51
2023-12-26,05:00:00,134
2023-12-26,06:00:00,94
2023-12-26,07:00:00,95
2023-12-26,11:00:00,84
2023-12-26,12:00:00,106
2023-12-26,13:00:00,86
2023-12-26,14:00:00,52
2023-12-26,15:00:00,34
2023-12-26,16:00:00,14
2023-12-27,04:00:00,51
2023-12-27,05:00:00,132
2023-12-27,06:00:00,72
2023-12-27,07:00:00,110
2023-12-27,11:00:00,113
2023-12-27,12:00:00,84
2023-12-27,13:00:00,119
2023-12-27,14:00:00,55
2023-12-28,04:00:00,35
2023-12-28,05:00:00,146
2023-12-28,06:00:00,19
2023-12-28,07:00:00,90
2023-12-28,08:00:00,75
2023-12-28,11:00:00,72
2023-12-28,12:00:00,102
2023-12-28,13:00:00,4
2023-12-28,14:00:00,120
2023-12-28,15:00:00,62
2023-12-28,18:00:00,128
2023-12-28,19:00:00,47
2023-12-29,04:00:00,87
2023-12-29,05:00:00,90
2023-12-29,08:00:00,155
2023-12-29,09:00:00,20
2023-12-29,11:00:00,97
2023-12-29,12:00:00,80
2023-12-29,15:00:00,55
2023-12-29,16:00:00,124
2023-12-29,17:00:00,101
2023-12-29,18:00:00,75
2023-12-30,04:00:00,41
2023-12-30,05:00:00,138
2023-12-30,06:00:00,95
2023-12-30,07:00:00,89
2023-12-30,12:00:00,52
2023-12-30,13:00:00,177
2023-12-30,14:00:00,117
2023-12-31,04:00:00,24
2023-12-31,05:00:00,115
2023-12-31,06:00:00,78
2023-12-31,07:00:00,64
2023-12-31,11:00:00,134
2023-12-31,12:00:00,25
2023-12-31,13:00:00,101
2023-12-31,14:00:00,29
2023-12-31,17:00:00,4
2023-12-31,18:00:00,78
2023-12-31,19:00:00,7
2024-01-01,04:00:00,6
2024-01-01,05:00:00,46
2024-01-01,06:00:00,73
2024-01-01,07:00:00,62
2024-01-01,11:00:00,69
2024-01-01,12:00:00,46
2024-01-01,13:00:00,56
2024-01-01,14:00:00,17
2024-01-01,17:00:00,30
2024-01-01,18:00:00,23
2024-01-02,05:00:00,15
2024-01-02,06:00:00,76
2024-01-02,07:00:00,83
2024-01-02,08:00:00,14
2024-01-02,11:00:00,45
2024-01-02,12:00:00,82
2024-01-02,13:00:00,61
2024-01-02,14:00:00,22
2024-01-03,04:00:00,12
2024-01-03,05:00:00,48
2024-01-03,06:00:00,62
2024-01-03,07:00:00,71
2024-01-03,11:00:00,97
2024-01-03,12:00:00,62
2024-01-03,13:00:00,72
2024-01-03,14:00:00,44
2024-01-04,04:00:00,76
2024-01-04,05:00:00,101
2024-01-04,06:00:00,98
2024-01-04,07:00:00,19
2024-01-04,11:00:00,38
2024-01-04,12:00:00,81
2024-01-04,13:00:00,60
2024-01-04,14:00:00,43
2024-01-04,18:00:00,85
2024-01-04,19:00:00,49
2024-01-05,04:00:00,25
2024-01-05,05:00:00,44
2024-01-05,06:00:00,95
2024-01-05,07:00:00,57
2024-01-05,11:00:00,85
2024-01-05,12:00:00,43
2024-01-05,13:00:00,74
2024-01-05,14:00:00,76
2024-01-05,17:00:00,65
2024-01-05,18:00:00,21
2024-01-05,19:00:00,27
2024-01-06,04:00:00,46
2024-01-06,05:00:00,67
2024-01-06,06:00:00,64
2024-01-06,07:00:00,16
2024-01-06,11:00:00,77
2024-01-06,12:00:00,52
2024-01-06,13:00:00,80
2024-01-06,14:00:00,16
2024-01-07,04:00:00,19
2024-01-07,05:00:00,54
2024-01-07,06:00:00,54
2024-01-07,07:00:00,11
2024-01-07,11:00:00,41
2024-01-07,12:00:00,52
2024-01-07,17:00:00,8
2024-01-07,18:00:00,60
2024-01-07,19:00:00,10
2024-01-08,04:00:00,2
2024-01-08,05:00:00,31
2024-01-08,06:00:00,68
2024-01-08,07:00:00,15
2024-01-08,13:00:00,55
2024-01-08,14:00:00,36
2024-01-08,17:00:00,12
2024-01-08,18:00:00,9
2024-01-09,04:00:00,9
2024-01-09,05:00:00,34
2024-01-09,06:00:00,56
2024-01-09,07:00:00,24
2024-01-09,11:00:00,22
2024-01-09,12:00:00,33
2024-01-10,04:00:00,46
2024-01-10,05:00:00,110
2024-01-10,14:00:00,15
2024-01-10,15:00:00,41
2024-01-10,16:00:00,108
2024-01-10,17:00:00,18
2024-01-11,04:00:00,56
2024-01-11,05:00:00,112
2024-01-11,11:00:00,60
2024-01-11,12:00:00,110
2024-01-12,06:00:00,121
2024-01-12,07:00:00,60
2024-01-12,09:00:00,111
2024-01-12,10:00:00,71
2024-01-12,13:00:00,114
2024-01-12,14:00:00,68
2024-01-13,05:00:00,61
2024-01-13,06:00:00,124
2024-01-13,07:00:00,12
2024-01-13,15:00:00,58
2024-01-13,16:00:00,86
2024-01-13,17:00:00,32
2024-01-14,04:00:00,32
2024-01-14,05:00:00,39
2024-01-14,06:00:00,13
2024-01-14,11:00:00,47
2024-01-14,12:00:00,106
2024-01-15,06:00:00,91
2024-01-15,07:00:00,38
2024-01-15,09:00:00,66
2024-01-15,13:00:00,67
2024-01-15,14:00:00,20
2024-01-16,04:00:00,5
2024-01-16,05:00:00,35
2024-01-16,09:00:00,34
2024-01-16,10:00:00,5
2024-01-16,12:00:00,31
2024-01-16,13:00:00,9
2024-01-16,14:00:00,3
2024-01-17,04:00:00,51
2024-01-17,05:00:00,87
2024-01-17,06:00:00,1
2024-01-17,14:00:00,16
2024-01-17,15:00:00,42
2024-01-17,16:00:00,47
2024-01-17,17:00:00,9
2024-01-18,04:00:00,33
2024-01-18,05:00:00,78
2024-01-18,06:00:00,3
2024-01-18,11:00:00,60
2024-01-18,12:00:00,92
2024-01-19,06:00:00,93
2024-01-19,07:00:00,60
2024-01-19,09:00:00,110
2024-01-19,10:00:00,34
2024-01-20,04:00:00,37
2024-01-20,05:00:00,100
2024-01-20,11:00:00,70
2024-01-20,12:00:00,20
2024-01-20,14:00:00,37
2024-01-20,15:00:00,19
2024-01-20,16:00:00,39
2024-01-21,04:00:00,7
2024-01-21,05:00:00,54
2024-01-21,11:00:00,41
2024-01-21,12:00:00,40
2024-01-22,06:00:00,86
2024-01-22,10:00:00,84
2024-01-22,13:00:00,48
2024-01-22,14:00:00,9
2024-01-22,15:00:00,5
2024-01-24,04:00:00,39
2024-01-24,05:00:00,113
2024-01-24,14:00:00,23
2024-01-24,15:00:00,75
2024-01-24,16:00:00,93
2024-01-24,17:00:00,16
2024-01-24,19:00:00,3
2024-01-25,04:00:00,43
2024-01-25,05:00:00,145
2024-01-25,11:00:00,86
2024-01-25,12:00:00,75
2024-01-26,06:00:00,102
2024-01-26,07:00:00,82
2024-01-26,09:00:00,141
2024-01-26,10:00:00,23
2024-01-26,12:00:00,65
2024-01-26,13:00:00,35
2024-01-26,14:00:00,27
2024-01-26,15:00:00,38
2024-01-27,07:00:00,14
2024-01-27,08:00:00,54
2024-01-27,11:00:00,58
2024-01-27,12:00:00,51
2024-01-27,16:00:00,44
2024-01-28,04:00:00,12
2024-01-28,05:00:00,50
2024-01-28,06:00:00,4
2024-01-28,11:00:00,37
2024-01-28,12:00:00,50
2024-01-28,13:00:00,1
2024-01-29,06:00:00,57
2024-01-29,07:00:00,46
2024-01-29,09:00:00,54
2024-01-29,10:00:00,37
2024-01-29,13:00:00,64
2024-01-29,14:00:00,17
2024-01-31,04:00:00,8
2024-01-31,05:00:00,43
2024-01-31,11:00:00,54
2024-01-31,12:00:00,34
2024-01-31,16:00:00,32
2024-01-31,17:00:00,18
2024-02-01,04:00:00,25
2024-02-01,05:00:00,130
2024-02-01,12:00:00,9
2024-02-01,13:00:00,79
2024-02-01,14:00:00,52
2024-02-02,04:00:00,33
2024-02-02,05:00:00,133
2024-02-02,09:00:00,107
2024-02-02,10:00:00,54
2024-02-02,13:00:00,91
2024-02-02,14:00:00,30
2024-02-03,04:00:00,17
2024-02-03,05:00:00,58
2024-02-03,11:00:00,90
2024-02-03,12:00:00,51
2024-02-03,16:00:00,67
2024-02-03,17:00:00,18
2024-02-04,04:00:00,26
2024-02-04,05:00:00,65
2024-02-04,06:00:00,3
2024-02-04,11:00:00,39
2024-02-04,12:00:00,51
2024-02-04,13:00:00,1
2024-02-05,04:00:00,19
2024-02-05,05:00:00,97
2024-02-05,09:00:00,64
2024-02-05,10:00:00,30
2024-02-05,13:00:00,71
2024-02-05,14:00:00,46
2024-02-07,04:00:00,11
2024-02-07,05:00:00,68
2024-02-07,06:00:00,1
2024-02-07,11:00:00,84
2024-02-07,12:00:00,49
2024-02-07,15:00:00,9
2024-02-07,16:00:00,59
2024-02-08,04:00:00,42
2024-02-08,05:00:00,113
2024-02-08,06:00:00,15
2024-02-08,11:00:00,78
2024-02-08,12:00:00,94
2024-02-09,04:00:00,44
2024-02-09,05:00:00,140
2024-02-09,06:00:00,4
2024-02-09,09:00:00,133
2024-02-09,10:00:00,37
2024-02-09,13:00:00,104
2024-02-09,14:00:00,67
2024-02-10,04:00:00,15
2024-02-10,05:00:00,84
2024-02-10,06:00:00,1
2024-02-10,11:00:00,92
2024-02-10,12:00:00,64
2024-02-10,16:00:00,65
2024-02-10,17:00:00,11
2024-02-11,04:00:00,16
2024-02-11,05:00:00,76
2024-02-11,06:00:00,1
2024-02-11,11:00:00,40
2024-02-11,12:00:00,69
2024-02-12,04:00:00,21
2024-02-12,05:00:00,98
2024-02-12,09:00:00,76
2024-02-12,10:00:00,5
2024-02-12,13:00:00,77
2024-02-12,14:00:00,18
2024-02-13,04:00:00,20
2024-02-13,05:00:00,84
2024-02-14,04:00:00,43
2024-02-14,05:00:00,90
2024-02-14,11:00:00,100
2024-02-14,12:00:00,73
2024-02-14,16:00:00,135
2024-02-14,17:00:00,33
2024-02-15,04:00:00,57
2024-02-15,05:00:00,133
2024-02-15,06:00:00,3
2024-02-15,11:00:00,81
2024-02-15,12:00:00,81
2024-02-16,04:00:00,21
2024-02-16,05:00:00,157
2024-02-16,09:00:00,126
2024-02-16,10:00:00,53
2024-02-16,11:00:00,30
2024-02-16,12:00:00,136
2024-02-16,13:00:00,5
2024-02-17,04:00:00,35
2024-02-17,05:00:00,138
2024-02-17,11:00:00,45
2024-02-17,12:00:00,132
2024-02-17,13:00:00,11
2024-02-18,04:00:00,24
2024-02-18,05:00:00,104
2024-02-18,06:00:00,5
2024-02-18,11:00:00,83
2024-02-18,12:00:00,60
2024-02-18,13:00:00,4
2024-02-18,14:00:00,16
2024-02-18,15:00:00,87
2024-02-18,16:00:00,16
2024-02-19,04:00:00,38
2024-02-19,05:00:00,120
2024-02-19,09:00:00,61
2024-02-19,10:00:00,46
2024-02-19,11:00:00,22
2024-02-19,12:00:00,125
2024-02-20,04:00:00,22
2024-02-20,05:00:00,48
2024-02-21,04:00:00,31
2024-02-21,05:00:00,85
2024-02-21,11:00:00,75
2024-02-21,12:00:00,77
2024-02-22,04:00:00,36
2024-02-22,05:00:00,102
2024-02-22,06:00:00,9
2024-02-22,11:00:00,79
2024-02-22,12:00:00,106
2024-02-22,14:00:00,12
2024-02-22,15:00:00,115
2024-02-22,16:00:00,40
2024-02-23,04:00:00,34
2024-02-23,05:00:00,154
2024-02-23,13:00:00,106
2024-02-23,14:00:00,68
2024-02-23,18:00:00,62
2024-02-23,19:00:00,65
2024-02-24,04:00:00,18
2024-02-24,05:00:00,139
2024-02-24,11:00:00,72
2024-02-24,12:00:00,87
2024-02-25,04:00:00,14
2024-02-25,05:00:00,88
2024-02-25,06:00:00,3
2024-02-25,11:00:00,69
2024-02-25,12:00:00,83
2024-02-25,14:00:00,81
2024-02-25,15:00:00,9
2024-02-26,04:00:00,46
2024-02-26,05:00:00,94
2024-02-26,09:00:00,48
2024-02-26,10:00:00,48
2024-02-26,13:00:00,88
2024-02-26,14:00:00,32
2024-02-28,04:00:00,32
2024-02-28,05:00:00,86
2024-02-28,10:00:00,78
2024-02-28,11:00:00,41
2024-02-29,04:00:00,26
2024-02-29,05:00:00,149
2024-02-29,11:00:00,52
2024-02-29,12:00:00,136
2024-02-29,14:00:00,38
2024-02-29,15:00:00,123
2024-02-29,16:00:00,23
2024-03-01,04:00:00,34
2024-03-01,05:00:00,119
2024-03-01,06:00:00,43
2024-03-01,09:00:00,74
2024-03-01,10:00:00,106
2024-03-01,13:00:00,74
2024-03-01,14:00:00,114
2024-03-02,04:00:00,48
2024-03-02,05:00:00,129
2024-03-02,11:00:00,101
2024-03-02,12:00:00,99
2024-03-03,04:00:00,46
2024-03-03,05:00:00,107
2024-03-03,11:00:00,78
2024-03-03,12:00:00,91
2024-03-03,13:00:00,2
2024-03-03,14:00:00,18
2024-03-03,15:00:00,70
2024-03-03,16:00:00,5
2024-03-03,17:00:00,21
2024-03-04,04:00:00,28
2024-03-04,05:00:00,107
2024-03-04,06:00:00,37
2024-03-04,09:00:00,85
2024-03-04,10:00:00,54
2024-03-04,13:00:00,84
2024-03-04,14:00:00,32
2024-03-06,04:00:00,46
2024-03-06,05:00:00,125
2024-03-06,06:00:00,3
2024-03-06,11:00:00,96
2024-03-06,12:00:00,79
2024-03-06,13:00:00,7
2024-03-07,04:00:00,20
2024-03-07,05:00:00,143
2024-03-07,06:00:00,25
2024-03-07,11:00:00,88
2024-03-07,12:00:00,111
2024-03-07,15:00:00,60
2024-03-07,16:00:00,98
2024-03-07,17:00:00,12
2024-03-08,04:00:00,36
2024-03-08,05:00:00,145
2024-03-08,11:00:00,64
2024-03-08,12:00:00,108
2024-03-08,16:00:00,150
2024-03-08,17:00:00,15
2024-03-09,04:00:00,41
2024-03-09,05:00:00,146
2024-03-09,11:00:00,98
2024-03-09,12:00:00,92
2024-03-10,04:00:00,33
2024-03-10,05:00:00,138
2024-03-10,06:00:00,11
2024-03-10,11:00:00,70
2024-03-10,12:00:00,128
2024-03-10,13:00:00,1
2024-03-10,15:00:00,83
2024-03-10,16:00:00,57
2024-03-10,17:00:00,4
2024-03-11,04:00:00,18
2024-03-11,05:00:00,117
2024-03-11,06:00:00,1
2024-03-11,11:00:00,90
2024-03-11,12:00:00,85
2024-03-11,21:00:00,32
2024-03-11,22:00:00,20
2024-03-13,04:00:00,20
2024-03-13,05:00:00,143
2024-03-13,11:00:00,98
2024-03-13,12:00:00,80
2024-03-14,04:00:00,39
2024-03-14,05:00:00,125
2024-03-14,11:00:00,71
2024-03-14,12:00:00,116
2024-03-14,13:00:00,1
2024-03-14,14:00:00,39
2024-03-14,15:00:00,127
2024-03-14,16:00:00,28
2024-03-15,16:00:00,61
2024-03-15,17:00:00,107
2024-03-16,04:00:00,34
2024-03-16,05:00:00,158
2024-03-16,06:00:00,39
2024-03-16,07:00:00,43
2024-03-16,11:00:00,66
2024-03-16,12:00:00,127
2024-03-16,13:00:00,68
2024-03-17,04:00:00,31
2024-03-17,05:00:00,102
2024-03-17,11:00:00,68
2024-03-17,12:00:00,127
2024-03-17,14:00:00,15
2024-03-17,15:00:00,93
2024-03-17,16:00:00,28
2024-03-18,04:00:00,17
2024-03-18,05:00:00,100
2024-03-18,11:00:00,89
2024-03-18,12:00:00,76
2024-03-18,16:00:00,49
2024-03-18,17:00:00,50
2024-03-18,18:00:00,3
2024-03-20,04:00:00,31
2024-03-20,05:00:00,124
2024-03-20,06:00:00,16
2024-03-20,11:00:00,108
2024-03-20,12:00:00,54
2024-03-21,04:00:00,42
2024-03-21,05:00:00,134
2024-03-21,06:00:00,13
2024-03-21,11:00:00,68
2024-03-21,12:00:00,118
2024-03-21,14:00:00,18
2024-03-21,15:00:00,114
2024-03-21,16:00:00,56
2024-03-22,04:00:00,23
2024-03-22,05:00:00,149
2024-03-22,06:00:00,20
2024-03-22,11:00:00,76
2024-03-23,04:00:00,59
2024-03-23,05:00:00,129
2024-03-23,11:00:00,76
2024-03-23,12:00:00,8
2024-03-23,13:00:00,1
2024-03-23,14:00:00,87
2024-03-24,04:00:00,27
2024-03-24,05:00:00,156
2024-03-24,06:00:00,1
2024-03-24,11:00:00,56
2024-03-24,12:00:00,129
2024-03-24,14:00:00,20
2024-03-24,15:00:00,138
2024-03-24,16:00:00,24
2024-03-25,04:00:00,27
2024-03-25,05:00:00,132
2024-03-25,06:00:00,18
2024-03-25,11:00:00,41
2024-03-25,12:00:00,148
2024-03-25,16:00:00,95
2024-03-25,17:00:00,92
2024-03-27,04:00:00,22
2024-03-27,05:00:00,148
2024-03-27,06:00:00,12
2024-03-27,11:00:00,94
2024-03-28,04:00:00,49
2024-03-28,05:00:00,138
2024-03-28,06:00:00,5
2024-03-28,11:00:00,67
2024-03-28,12:00:00,111
2024-03-28,15:00:00,131
2024-03-28,16:00:00,36
2024-03-29,04:00:00,18
2024-03-29,05:00:00,178
2024-03-29,11:00:00,83
2024-03-29,12:00:00,81
2024-03-30,04:00:00,14
2024-03-30,05:00:00,164
2024-03-30,06:00:00,9
2024-03-30,11:00:00,73
2024-03-30,12:00:00,119
2024-03-31,04:00:00,37
2024-03-31,05:00:00,123
2024-03-31,06:00:00,32
2024-03-31,11:00:00,66
2024-03-31,12:00:00,113
2024-03-31,14:00:00,9
2024-03-31,15:00:00,142
2024-03-31,16:00:00,20
2024-04-01,04:00:00,30
2024-04-01,05:00:00,100
2024-04-01,06:00:00,30
2024-04-01,11:00:00,44
2024-04-01,12:00:00,118
2024-04-01,16:00:00,72
2024-04-01,17:00:00,95
2024-04-03,04:00:00,23
2024-04-03,05:00:00,123
2024-04-03,06:00:00,5
2024-04-03,08:00:00,4
2024-04-03,09:00:00,21
2024-04-03,10:00:00,43
2024-04-03,11:00:00,30
2024-04-03,12:00:00,52
2024-04-03,13:00:00,50
2024-04-03,14:00:00,62
2024-04-03,15:00:00,18
2024-04-04,04:00:00,21
2024-04-04,05:00:00,111
2024-04-04,06:00:00,8
2024-04-04,11:00:00,44
2024-04-04,12:00:00,109
2024-04-05,04:00:00,26
2024-04-05,05:00:00,111
2024-04-05,06:00:00,19
2024-04-05,11:00:00,78
2024-04-05,12:00:00,61
2024-04-05,18:00:00,51
2024-04-05,19:00:00,8
2024-04-06,04:00:00,20
2024-04-06,05:00:00,104
2024-04-06,06:00:00,4
2024-04-06,11:00:00,74
2024-04-06,12:00:00,72
2024-04-06,13:00:00,11
2024-04-07,04:00:00,10
2024-04-07,05:00:00,76
2024-04-07,06:00:00,12
2024-04-07,11:00:00,27
2024-04-07,12:00:00,80
2024-04-07,13:00:00,0
2024-04-07,14:00:00,4
2024-04-07,15:00:00,66
2024-04-07,16:00:00,15
2024-04-08,04:00:00,46
2024-04-08,05:00:00,24
2024-04-08,06:00:00,8
2024-04-08,11:00:00,36
2024-04-08,12:00:00,62
2024-04-08,16:00:00,40
2024-04-08,17:00:00,19
2024-04-10,04:00:00,24
2024-04-10,05:00:00,95
2024-04-10,06:00:00,10
2024-04-10,11:00:00,66
2024-04-10,12:00:00,49
2024-04-11,04:00:00,30
2024-04-11,05:00:00,120
2024-04-11,06:00:00,19
2024-04-11,11:00:00,47
2024-04-11,12:00:00,117
2024-04-11,13:00:00,4
2024-04-11,15:00:00,15
2024-04-11,16:00:00,58
2024-04-11,17:00:00,99
2024-04-11,18:00:00,2
2024-04-12,04:00:00,41
2024-04-12,05:00:00,118
2024-04-12,06:00:00,4
2024-04-12,11:00:00,78
2024-04-12,12:00:00,105
2024-04-12,13:00:00,48
2024-04-13,04:00:00,17
2024-04-13,05:00:00,134
2024-04-13,11:00:00,76
2024-04-13,12:00:00,68
2024-04-14,04:00:00,58
2024-04-14,05:00:00,62
2024-04-14,06:00:00,3
2024-04-14,11:00:00,35
2024-04-14,12:00:00,88
2024-04-14,13:00:00,5
2024-04-14,14:00:00,10
2024-04-14,15:00:00,62
2024-04-14,16:00:00,32
2024-04-15,04:00:00,11
2024-04-15,05:00:00,73
2024-04-15,06:00:00,4
2024-04-15,11:00:00,79
2024-04-15,12:00:00,78
2024-04-15,16:00:00,37
2024-04-15,17:00:00,44
2024-04-17,04:00:00,21
2024-04-17,05:00:00,117
2024-04-17,06:00:00,63
2024-04-17,11:00:00,65
2024-04-17,12:00:00,77
2024-04-18,04:00:00,22
2024-04-18,05:00:00,106
2024-04-18,06:00:00,54
2024-04-18,11:00:00,44
2024-04-18,12:00:00,128
2024-04-18,14:00:00,15
2024-04-18,15:00:00,148
2024-04-18,16:00:00,14
2024-04-19,04:00:00,34
2024-04-19,05:00:00,137
2024-04-19,11:00:00,80
2024-04-19,12:00:00,93
2024-04-19,16:00:00,69
2024-04-19,17:00:00,105
2024-04-20,04:00:00,27
2024-04-20,05:00:00,118
2024-04-20,06:00:00,7
2024-04-20,11:00:00,66
2024-04-20,12:00:00,54
2024-04-21,04:00:00,19
2024-04-21,05:00:00,95
2024-04-21,06:00:00,1
2024-04-21,11:00:00,44
2024-04-21,12:00:00,99
2024-04-21,13:00:00,2
2024-04-21,14:00:00,21
2024-04-21,15:00:00,73
2024-04-21,16:00:00,29
2024-04-22,04:00:00,15
2024-04-22,05:00:00,76
2024-04-22,06:00:00,3
2024-04-22,11:00:00,84
2024-04-22,12:00:00,56
2024-04-22,16:00:00,36
2024-04-22,17:00:00,33
2024-04-24,04:00:00,24
2024-04-24,05:00:00,88
2024-04-24,06:00:00,5
2024-04-24,11:00:00,71
2024-04-24,12:00:00,92
2024-04-25,04:00:00,24
2024-04-25,05:00:00,138
2024-04-25,06:00:00,6
2024-04-25,11:00:00,59
2024-04-25,12:00:00,115
2024-04-25,13:00:00,3
2024-04-25,14:00:00,72
2024-04-25,15:00:00,74
2024-04-25,16:00:00,28
2024-04-26,04:00:00,13
2024-04-26,05:00:00,131
2024-04-26,11:00:00,77
2024-04-26,12:00:00,74
2024-04-26,13:00:00,21
2024-04-26,16:00:00,47
2024-04-26,17:00:00,84
2024-04-27,04:00:00,13
2024-04-27,05:00:00,41
2024-04-27,11:00:00,68
2024-04-27,12:00:00,50
2024-04-28,04:00:00,18
2024-04-28,05:00:00,65
2024-04-28,06:00:00,3
2024-04-28,11:00:00,49
2024-04-28,12:00:00,74
2024-04-28,14:00:00,7
2024-04-28,15:00:00,70
2024-04-28,16:00:00,14
2024-04-29,04:00:00,10
2024-04-29,05:00:00,42
2024-04-29,06:00:00,2
2024-04-29,11:00:00,81
2024-04-29,12:00:00,61
2024-04-29,16:00:00,37
2024-04-29,17:00:00,50
2024-05-01,06:00:00,39
2024-05-01,07:00:00,83
2024-05-01,08:00:00,3
2024-05-02,05:00:00,36
2024-05-02,06:00:00,122
2024-05-02,07:00:00,6
2024-05-02,12:00:00,72
2024-05-02,13:00:00,107
2024-05-02,15:00:00,106
2024-05-03,05:00:00,32
2024-05-03,06:00:00,136
2024-05-03,12:00:00,99
2024-05-03,13:00:00,38
2024-05-03,15:00:00,122
2024-05-03,16:00:00,66
2024-05-03,17:00:00,116
2024-05-03,18:00:00,4
2024-05-04,06:00:00,48
2024-05-04,07:00:00,104
2024-05-05,05:00:00,25
2024-05-05,06:00:00,45
2024-05-05,12:00:00,34
2024-05-05,13:00:00,83
2024-05-05,14:00:00,3
2024-05-05,15:00:00,90
2024-05-05,16:00:00,45
2024-05-06,05:00:00,26
2024-05-06,06:00:00,90
2024-05-06,07:00:00,8
2024-05-06,12:00:00,46
2024-05-06,13:00:00,38
2024-05-06,15:00:00,50
2024-05-06,16:00:00,35
2024-05-06,17:00:00,54
2024-05-06,18:00:00,12
2024-05-08,06:00:00,60
2024-05-08,07:00:00,105
2024-05-09,05:00:00,39
2024-05-09,06:00:00,128
2024-05-09,07:00:00,4
2024-05-09,12:00:00,73
2024-05-09,13:00:00,94
2024-05-09,15:00:00,124
2024-05-09,16:00:00,49
2024-05-10,05:00:00,29
2024-05-10,06:00:00,149
2024-05-10,12:00:00,68
2024-05-10,13:00:00,106
2024-05-10,16:00:00,44
2024-05-10,17:00:00,76
2024-05-10,19:00:00,96
2024-05-11,06:00:00,26
2024-05-11,07:00:00,138
2024-05-11,08:00:00,27
2024-05-12,05:00:00,31
2024-05-12,06:00:00,74
2024-05-12,12:00:00,37
2024-05-12,13:00:00,79
2024-05-12,15:00:00,88
2024-05-12,16:00:00,25
2024-05-13,05:00:00,50
2024-05-13,06:00:00,90
2024-05-13,12:00:00,95
2024-05-13,13:00:00,19
2024-05-13,15:00:00,68
2024-05-13,16:00:00,30
2024-05-13,17:00:00,80
2024-05-13,18:00:00,4
2024-05-15,06:00:00,73
2024-05-15,07:00:00,55
2024-05-16,05:00:00,20
2024-05-16,06:00:00,136
2024-05-16,07:00:00,13
2024-05-16,12:00:00,58
2024-05-16,13:00:00,107
2024-05-16,14:00:00,102
2024-05-16,15:00:00,52
2024-05-17,05:00:00,27
2024-05-17,06:00:00,148
2024-05-17,07:00:00,3
2024-05-17,12:00:00,71
2024-05-17,13:00:00,69
2024-05-17,14:00:00,23
2024-05-17,15:00:00,75
2024-05-17,16:00:00,28
2024-05-17,17:00:00,98
2024-05-18,05:00:00,56
2024-05-18,06:00:00,66
2024-05-19,05:00:00,30
2024-05-19,06:00:00,109
2024-05-19,12:00:00,139
2024-05-19,13:00:00,32
2024-05-19,19:00:00,92
2024-05-20,05:00:00,13
2024-05-20,06:00:00,71
2024-05-20,07:00:00,2
2024-05-20,12:00:00,39
2024-05-20,13:00:00,45
2024-05-20,15:00:00,64
2024-05-20,16:00:00,49
2024-05-20,17:00:00,80
2024-05-22,06:00:00,44
2024-05-22,07:00:00,129
2024-05-22,08:00:00,8
2024-05-23,05:00:00,41
2024-05-23,06:00:00,124
2024-05-23,07:00:00,16
2024-05-23,12:00:00,58
2024-05-23,13:00:00,123
2024-05-23,15:00:00,109
2024-05-23,16:00:00,51
2024-05-24,05:00:00,36
2024-05-24,06:00:00,156
2024-05-24,12:00:00,137
2024-05-24,13:00:00,47
2024-05-24,15:00:00,123
2024-05-24,16:00:00,115
2024-05-24,17:00:00,72
2024-05-24,18:00:00,59
2024-05-25,06:00:00,46
2024-05-25,07:00:00,135
2024-05-25,08:00:00,2
2024-05-26,05:00:00,11
2024-05-26,06:00:00,101
2024-05-26,12:00:00,65
2024-05-26,13:00:00,72
2024-05-26,15:00:00,41
2024-05-26,16:00:00,25
2024-05-27,05:00:00,16
2024-05-27,06:00:00,107
2024-05-27,12:00:00,39
2024-05-27,13:00:00,30
2024-05-27,16:00:00,26
2024-05-27,17:00:00,28
2024-05-27,18:00:00,81
2024-05-27,19:00:00,53
2024-05-29,06:00:00,43
2024-05-29,07:00:00,48
2024-05-30,05:00:00,12
2024-05-30,06:00:00,119
2024-05-30,12:00:00,75
2024-05-30,13:00:00,76
2024-05-30,15:00:00,66
2024-05-30,16:00:00,13
2024-05-31,05:00:00,32
2024-05-31,06:00:00,93
2024-05-31,12:00:00,85
2024-05-31,13:00:00,26
2024-05-31,15:00:00,44
2024-05-31,16:00:00,17
2024-05-31,17:00:00,125
2024-06-01,06:00:00,49
2024-06-01,07:00:00,88
2024-06-01,08:00:00,35
2024-06-02,05:00:00,11
2024-06-02,06:00:00,86
2024-06-02,07:00:00,9
2024-06-02,12:00:00,39
2024-06-02,13:00:00,111
2024-06-02,15:00:00,63
2024-06-02,16:00:00,36
2024-06-03,05:00:00,26
2024-06-03,06:00:00,78
2024-06-03,12:00:00,46
2024-06-03,13:00:00,33
2024-06-03,15:00:00,48
2024-06-03,16:00:00,52
2024-06-03,17:00:00,46
2024-06-03,18:00:00,14
2024-06-05,06:00:00,46
2024-06-05,07:00:00,138
2024-06-05,08:00:00,9
2024-06-06,05:00:00,30
2024-06-06,06:00:00,131
2024-06-06,07:00:00,9
2024-06-06,12:00:00,54
2024-06-06,13:00:00,104
2024-06-06,16:00:00,94
2024-06-06,17:00:00,76
2024-06-07,05:00:00,18
2024-06-07,06:00:00,134
2024-06-07,10:00:00,112
2024-06-07,11:00:00,23
2024-06-07,14:00:00,72
2024-06-07,15:00:00,110
2024-06-07,16:00:00,69
2024-06-07,17:00:00,68
2024-06-08,06:00:00,58
2024-06-08,07:00:00,121
2024-06-09,06:00:00,22
2024-06-09,07:00:00,128
2024-06-09,12:00:00,75
2024-06-09,13:00:00,105
2024-06-09,15:00:00,99
2024-06-09,16:00:00,54
2024-06-10,05:00:00,12
2024-06-10,06:00:00,104
2024-06-10,14:00:00,242
2024-06-10,15:00:00,52
2024-06-10,16:00:00,62
2024-06-10,17:00:00,45
2024-06-12,07:00:00,89
2024-06-12,08:00:00,98
2024-06-13,05:00:00,25
2024-06-13,06:00:00,145
2024-06-13,07:00:00,16
2024-06-13,12:00:00,66
2024-06-13,13:00:00,124
2024-06-14,05:00:00,42
2024-06-14,06:00:00,101
2024-06-14,07:00:00,7
2024-06-14,10:00:00,138
2024-06-14,11:00:00,4
2024-06-14,14:00:00,98
2024-06-14,15:00:00,85
2024-06-14,16:00:00,94
2024-06-14,17:00:00,75
2024-06-15,07:00:00,78
2024-06-15,08:00:00,113
2024-06-16,05:00:00,37
2024-06-16,06:00:00,138
2024-06-16,07:00:00,5
2024-06-16,12:00:00,52
2024-06-16,13:00:00,110
2024-06-16,14:00:00,26
2024-06-16,16:00:00,73
2024-06-16,17:00:00,114
2024-06-17,05:00:00,25
2024-06-17,06:00:00,95
2024-06-17,07:00:00,1
2024-06-17,14:00:00,260
2024-06-17,15:00:00,52
2024-06-17,16:00:00,64
2024-06-17,17:00:00,95
2024-06-19,07:00:00,124
2024-06-19,08:00:00,69
2024-06-20,05:00:00,42
2024-06-20,06:00:00,120
2024-06-20,07:00:00,16
2024-06-20,13:00:00,183
2024-06-20,16:00:00,109
2024-06-20,17:00:00,77
2024-06-21,05:00:00,33
2024-06-21,06:00:00,114
2024-06-21,07:00:00,12
2024-06-21,08:00:00,146
2024-06-21,14:00:00,122
2024-06-21,15:00:00,60
2024-06-21,16:00:00,91
2024-06-21,17:00:00,77
2024-06-22,07:00:00,67
2024-06-22,08:00:00,199
2024-06-22,09:00:00,202
