Date,Hour,PIR Gate
2018-12-30,08:00:00,20
2018-12-30,12:00:00,1
2018-12-30,15:00:00,14
2018-12-31,08:00:00,13
2018-12-31,15:00:00,21
2019-01-01,08:00:00,9
2019-01-01,15:00:00,23
2019-01-02,08:00:00,25
2019-01-02,19:00:00,3
2019-01-03,08:00:00,12
2019-01-03,12:00:00,1
2019-01-03,15:00:00,11
2019-01-04,08:00:00,11
2019-01-04,12:00:00,2
2019-01-04,15:00:00,6
2019-01-05,08:00:00,16
2019-01-05,12:00:00,1
2019-01-06,08:00:00,12
2019-01-06,12:00:00,2
2019-01-06,15:00:00,26
2019-01-07,08:00:00,10
2019-01-07,15:00:00,7
2019-01-08,08:00:00,10
2019-01-08,12:00:00,1
2019-01-08,15:00:00,8
2019-01-08,19:00:00,1
2019-01-09,08:00:00,13
2019-01-10,15:00:00,13
2019-01-11,08:00:00,21
2019-01-11,15:00:00,10
2019-01-12,08:00:00,22
2019-01-13,08:00:00,16
2019-01-13,15:00:00,9
2019-01-14,12:00:00,3
2019-01-14,15:00:00,7
2019-01-15,08:00:00,7
2019-01-15,12:00:00,4
2019-01-15,15:00:00,5
2019-01-16,08:00:00,15
2019-04-03,13:00:00,23
2019-04-04,09:00:00,18
2019-04-04,13:00:00,16
2019-04-05,09:00:00,28
2019-04-05,13:00:00,27
2019-04-06,10:00:00,7
2019-04-07,09:00:00,9
2019-04-07,13:00:00,18
2019-04-08,09:00:00,15
2019-04-08,13:00:00,12
2019-04-09,08:00:00,4
2019-04-09,13:00:00,19
2019-04-10,09:00:00,0
2019-04-12,13:00:00,41
2019-04-13,11:00:00,17
2019-04-13,19:00:00,2
2019-04-14,09:00:00,12
2019-04-14,13:00:00,10
2019-04-15,09:00:00,10
2019-04-15,22:00:00,1
2019-04-16,09:00:00,17
2019-04-16,13:00:00,12
2019-04-17,09:00:00,27
2019-04-17,13:00:00,39
2019-04-17,22:00:00,1
2019-04-18,09:00:00,30
2019-04-18,13:00:00,42
2019-04-19,09:00:00,26
2019-04-19,14:00:00,37
2019-04-20,09:00:00,17
2019-04-20,19:00:00,1
2019-04-21,09:00:00,6
2019-04-21,13:00:00,6
2019-04-22,09:00:00,23
2019-04-22,13:00:00,9
2019-04-22,22:00:00,1
2019-04-23,09:00:00,13
2019-04-23,13:00:00,17
2019-04-24,09:00:00,20
2019-04-24,13:00:00,21
2019-04-25,08:00:00,19
2019-04-25,13:00:00,30
2019-04-26,08:00:00,25
2019-04-26,13:00:00,20
2019-04-27,10:00:00,26
2019-04-28,09:00:00,9
2019-04-28,13:00:00,25
2019-04-29,07:00:00,15
2019-04-29,15:00:00,28
2019-04-30,07:00:00,15
2019-04-30,13:00:00,10
2019-05-01,07:00:00,12
2019-05-01,13:00:00,13
2019-05-02,09:00:00,9
2019-05-02,13:00:00,14
2019-05-03,09:00:00,31
2019-05-03,13:00:00,25
2019-05-04,07:00:00,18
2019-05-05,07:00:00,16
2019-05-05,13:00:00,32
2019-05-06,07:00:00,15
2019-05-06,13:00:00,22
2019-05-07,07:00:00,24
2019-05-07,13:00:00,15
2019-05-08,07:00:00,23
2019-05-08,13:00:00,14
2019-05-09,07:00:00,32
2019-05-09,13:00:00,30
2019-05-10,07:00:00,21
2019-05-10,13:00:00,22
2019-05-11,07:00:00,30
2019-05-12,07:00:00,14
2019-05-12,13:00:00,22
2019-05-13,07:00:00,31
2019-05-13,13:00:00,18
2019-05-14,07:00:00,20
2019-05-14,13:00:00,11
2019-05-15,07:00:00,26
2019-05-15,13:00:00,18
2019-05-16,07:00:00,15
2019-05-16,13:00:00,30
2019-05-16,22:00:00,1
2019-05-17,07:00:00,35
2019-05-17,13:00:00,38
2019-05-18,07:00:00,35
2019-05-19,07:00:00,25
2019-05-19,13:00:00,30
2019-05-20,07:00:00,30
2019-05-20,13:00:00,27
2019-05-21,07:00:00,20
2019-05-21,14:00:00,22
2019-05-22,07:00:00,29
2019-05-22,13:00:00,34
2019-05-23,11:00:00,6
2019-05-23,12:00:00,44
2019-05-23,13:00:00,43
2019-05-23,22:00:00,1
2019-05-24,07:00:00,37
2019-05-24,13:00:00,48
2019-05-25,07:00:00,39
2019-05-26,07:00:00,17
2019-05-26,13:00:00,19
2019-05-26,22:00:00,1
2019-05-27,07:00:00,20
2019-05-27,13:00:00,17
2019-05-28,07:00:00,20
2019-05-28,13:00:00,33
2019-05-28,22:00:00,1
2019-05-29,07:00:00,18
2019-05-29,13:00:00,24
2019-05-30,07:00:00,20
2019-05-30,13:00:00,28
2019-05-31,07:00:00,28
2019-05-31,13:00:00,20
2019-06-01,07:00:00,29
2019-06-02,07:00:00,25
2019-06-02,13:00:00,48
2019-06-03,07:00:00,23
2019-06-03,13:00:00,32
2019-06-04,07:00:00,35
2019-06-04,13:00:00,20
2019-06-05,07:00:00,14
2019-06-05,13:00:00,33
2019-06-06,07:00:00,18
2019-06-06,13:00:00,18
2019-06-07,07:00:00,33
2019-06-07,13:00:00,40
2019-06-08,07:00:00,27
2019-06-08,20:00:00,1
2019-06-09,08:00:00,33
2019-06-10,07:00:00,27
2019-06-10,13:00:00,41
2019-06-11,07:00:00,32
2019-06-11,13:00:00,15
2019-06-11,23:00:00,1
2019-06-12,07:00:00,27
2019-06-12,13:00:00,20
2019-06-13,07:00:00,33
2019-06-13,13:00:00,20
2019-06-14,07:00:00,20
2019-06-14,13:00:00,33
2019-06-15,07:00:00,27
2019-06-16,08:00:00,24
2019-06-16,14:00:00,36
2019-06-17,07:00:00,43
2019-06-17,13:00:00,29
2019-06-18,07:00:00,14
2019-06-18,13:00:00,24
2019-06-19,07:00:00,40
2019-06-19,13:00:00,28
2019-06-20,07:00:00,20
2019-06-20,13:00:00,34
2019-06-21,07:00:00,29
2019-06-21,13:00:00,36
2019-06-22,07:00:00,25
2019-06-23,07:00:00,36
2019-06-23,13:00:00,41
2019-06-23,22:00:00,1
2019-06-24,07:00:00,29
2019-06-24,13:00:00,15
2019-06-25,07:00:00,20
2019-06-25,13:00:00,19
2019-06-26,07:00:00,36
2019-06-26,13:00:00,32
2019-06-27,07:00:00,20
2019-06-27,14:00:00,39
2019-06-27,22:00:00,2
2019-06-28,08:00:00,38
2019-06-28,13:00:00,43
2019-06-29,07:00:00,37
2019-06-30,07:00:00,47
2019-06-30,13:00:00,47
2019-07-01,13:00:00,34
2019-07-01,14:00:00,17
2019-07-02,11:00:00,36
2019-07-02,13:00:00,29
2019-07-02,22:00:00,1
2019-07-03,07:00:00,31
2019-07-03,13:00:00,39
2019-07-04,07:00:00,33
2019-07-04,13:00:00,7
2019-07-05,12:00:00,19
2019-07-05,13:00:00,39
2019-07-06,07:00:00,30
2019-07-07,07:00:00,55
2019-07-07,13:00:00,57
2019-07-08,07:00:00,31
2019-07-08,13:00:00,52
2019-07-09,07:00:00,27
2019-07-09,13:00:00,25
2019-07-10,07:00:00,35
2019-07-10,13:00:00,43
2019-07-11,07:00:00,24
2019-07-11,13:00:00,31
2019-07-12,07:00:00,32
2019-07-12,13:00:00,29
2019-07-12,22:00:00,1
2019-07-13,07:00:00,40
2019-07-14,07:00:00,31
2019-07-14,13:00:00,34
2019-07-15,07:00:00,32
2019-07-15,13:00:00,37
2019-07-16,07:00:00,25
2019-07-16,14:00:00,19
2019-07-17,07:00:00,30
2019-07-17,13:00:00,27
2019-07-18,07:00:00,27
2019-07-18,13:00:00,39
2019-07-19,07:00:00,30
2019-07-19,16:00:00,23
2019-07-20,07:00:00,30
2019-07-21,07:00:00,27
2019-07-21,13:00:00,29
2019-07-22,07:00:00,30
2019-07-22,13:00:00,31
2019-07-22,22:00:00,1
2019-07-23,07:00:00,20
2019-07-23,14:00:00,50
2019-07-23,18:00:00,1
2019-07-24,07:00:00,21
2019-07-24,13:00:00,33
2019-07-25,07:00:00,28
2019-07-25,13:00:00,37
2019-07-26,07:00:00,37
2019-07-26,13:00:00,37
2019-07-27,07:00:00,28
2019-07-28,07:00:00,30
2019-07-28,13:00:00,30
2019-07-29,07:00:00,29
2019-07-29,13:00:00,34
2019-07-30,07:00:00,20
2019-07-30,13:00:00,31
2019-07-31,07:00:00,32
2019-07-31,13:00:00,30
2019-08-01,07:00:00,32
2019-08-01,13:00:00,49
2019-08-02,07:00:00,37
2019-08-02,08:00:00,0
2019-08-02,09:00:00,2
2019-08-02,14:00:00,42
2019-08-03,07:00:00,32
2019-08-03,19:00:00,1
2019-08-04,07:00:00,27
2019-08-04,13:00:00,26
2019-08-05,07:00:00,30
2019-08-05,13:00:00,25
2019-08-06,07:00:00,42
2019-08-06,13:00:00,23
2019-08-07,07:00:00,31
2019-08-07,13:00:00,18
2019-08-08,07:00:00,17
2019-08-08,13:00:00,18
2019-08-08,22:00:00,1
2019-08-09,07:00:00,27
2019-08-09,13:00:00,50
2019-08-09,22:00:00,1
2019-08-10,07:00:00,34
2019-08-10,19:00:00,1
2019-08-11,07:00:00,30
2019-08-11,12:00:00,30
2019-08-11,13:00:00,37
2019-08-11,22:00:00,1
2019-08-12,07:00:00,35
2019-08-12,13:00:00,34
2019-08-13,07:00:00,33
2019-08-13,13:00:00,19
2019-08-14,07:00:00,28
2019-08-14,13:00:00,25
2019-08-15,07:00:00,21
2019-08-15,13:00:00,50
2019-08-16,07:00:00,32
2019-08-16,09:00:00,1
2019-08-16,13:00:00,32
2019-08-17,07:00:00,32
2019-08-18,07:00:00,26
2019-08-18,14:00:00,36
2019-08-19,07:00:00,23
2019-08-19,13:00:00,34
2019-08-20,07:00:00,23
2019-08-20,14:00:00,18
2019-08-20,22:00:00,1
2019-08-21,07:00:00,17
2019-08-21,13:00:00,15
2019-08-22,07:00:00,33
2019-08-22,13:00:00,17
2019-08-23,07:00:00,32
2019-08-23,13:00:00,29
2019-08-24,07:00:00,35
2019-08-25,07:00:00,45
2019-08-25,13:00:00,41
2019-08-26,07:00:00,23
2019-08-26,13:00:00,15
2019-08-27,07:00:00,13
2019-08-27,13:00:00,11
2019-08-28,07:00:00,37
2019-08-28,13:00:00,26
2019-08-29,07:00:00,27
2019-08-29,13:00:00,39
2019-08-30,07:00:00,39
2019-08-30,13:00:00,48
2019-08-31,07:00:00,37
2019-09-01,07:00:00,14
2019-09-01,13:00:00,34
2019-09-02,05:00:00,16
2019-09-02,13:00:00,42
2019-09-03,05:00:00,27
2019-09-03,13:00:00,20
2019-09-04,05:00:00,27
2019-09-04,13:00:00,28
2019-09-05,05:00:00,35
2019-09-05,13:00:00,36
2019-09-06,05:00:00,20
2019-09-06,13:00:00,26
2019-09-07,05:00:00,32
2019-09-08,05:00:00,50
2019-09-08,13:00:00,42
2019-09-09,05:00:00,41
2019-09-09,13:00:00,45
2019-09-10,05:00:00,27
2019-09-10,13:00:00,30
2019-09-11,05:00:00,17
2019-09-11,13:00:00,21
2019-09-12,05:00:00,27
2019-09-12,13:00:00,52
2019-09-13,05:00:00,42
2019-09-13,13:00:00,33
2019-09-14,05:00:00,41
2019-09-15,05:00:00,44
2019-09-15,13:00:00,48
2019-09-16,09:00:00,21
2019-09-16,13:00:00,45
2019-09-17,05:00:00,34
2019-09-17,13:00:00,28
2019-09-18,05:00:00,26
2019-09-18,13:00:00,7
2019-09-19,05:00:00,29
2019-09-19,13:00:00,33
2019-09-20,05:00:00,37
2019-09-20,13:00:00,31
2019-09-21,05:00:00,40
2019-09-22,05:00:00,54
2019-09-22,13:00:00,46
2019-09-23,05:00:00,41
2019-09-23,13:00:00,55
2019-09-24,05:00:00,49
2019-09-24,13:00:00,15
2019-09-25,05:00:00,37
2019-09-25,13:00:00,31
2019-09-26,05:00:00,24
2019-09-26,13:00:00,37
2019-09-27,05:00:00,39
2019-09-27,14:00:00,24
2019-09-28,05:00:00,43
2019-09-29,05:00:00,28
2019-09-29,13:00:00,51
2019-09-30,05:00:00,32
2019-09-30,13:00:00,38
2019-10-01,05:00:00,26
2019-10-01,13:00:00,11
2019-10-02,05:00:00,38
2019-10-02,13:00:00,19
2019-10-03,05:00:00,41
2019-10-03,13:00:00,31
2019-10-04,05:00:00,40
2019-10-04,13:00:00,39
2019-10-05,12:00:00,44
2019-10-06,05:00:00,28
2019-10-06,13:00:00,38
2019-10-07,05:00:00,20
2019-10-07,13:00:00,22
2019-10-08,05:00:00,24
2019-10-08,13:00:00,45
2019-10-09,05:00:00,37
2019-10-09,13:00:00,51
2019-10-10,05:00:00,41
2019-10-10,13:00:00,30
2019-10-11,05:00:00,33
2019-10-11,13:00:00,39
2019-10-12,05:00:00,36
2019-10-13,05:00:00,37
2019-10-13,13:00:00,44
2019-10-14,05:00:00,52
2019-10-14,14:00:00,43
2019-10-15,05:00:00,28
2019-10-15,13:00:00,23
2019-10-16,05:00:00,41
2019-10-16,13:00:00,57
2019-10-17,05:00:00,41
2019-10-17,13:00:00,34
2019-10-18,05:00:00,19
2019-10-18,13:00:00,43
2019-10-19,05:00:00,37
2019-10-20,05:00:00,44
2019-10-20,13:00:00,50
2019-10-21,05:00:00,49
2019-10-21,13:00:00,49
2019-10-22,05:00:00,49
2019-10-22,13:00:00,50
2019-10-23,05:00:00,47
2019-10-23,13:00:00,57
2019-10-23,15:00:00,12
2019-10-24,05:00:00,53
2019-10-24,13:00:00,34
2019-10-25,05:00:00,36
2019-10-25,13:00:00,45
2019-10-26,05:00:00,46
2019-10-27,05:00:00,51
2019-10-27,11:00:00,49
2019-10-28,05:00:00,49
2019-10-29,05:00:00,48
2019-10-29,13:00:00,41
2019-10-30,12:00:00,51
2019-10-31,05:00:00,46
2019-10-31,12:00:00,25
2019-11-01,05:00:00,31
2019-11-01,11:00:00,32
2019-11-02,05:00:00,49
2019-11-03,05:00:00,35
2019-11-03,11:00:00,46
2019-11-04,05:00:00,28
2019-11-04,11:00:00,43
2019-11-05,05:00:00,31
2019-11-05,12:00:00,36
2019-11-06,05:00:00,34
2019-11-06,11:00:00,32
2019-11-07,05:00:00,50
2019-11-07,12:00:00,48
2019-11-08,05:00:00,49
2019-11-08,12:00:00,47
2019-11-09,05:00:00,47
2019-11-10,05:00:00,33
2019-11-10,11:00:00,45
2019-11-11,05:00:00,40
2019-11-11,11:00:00,49
2019-11-12,05:00:00,45
2019-11-12,12:00:00,39
2019-11-13,05:00:00,43
2019-11-13,11:00:00,33
2019-11-14,05:00:00,50
2019-11-14,12:00:00,24
2019-11-15,05:00:00,33
2019-11-15,12:00:00,39
2019-11-16,05:00:00,47
2019-11-17,05:00:00,20
2019-11-17,11:00:00,23
2019-11-18,05:00:00,20
2019-11-18,12:00:00,40
2019-11-19,05:00:00,20
2019-11-19,11:00:00,19
2019-11-20,05:00:00,25
2019-11-20,11:00:00,35
2019-11-21,05:00:00,39
2019-11-21,12:00:00,32
2019-11-22,05:00:00,14
2019-11-22,12:00:00,28
2019-11-23,05:00:00,32
2019-11-24,05:00:00,29
2019-11-24,11:00:00,27
2019-11-25,05:00:00,30
2019-11-25,11:00:00,30
2019-11-26,09:00:00,15
2019-11-26,11:00:00,20
2019-11-27,05:00:00,49
2019-11-27,12:00:00,36
2019-11-28,05:00:00,35
2019-11-29,05:00:00,28
2019-11-30,05:00:00,0
2019-11-30,11:00:00,0
2019-12-01,11:00:00,50
2019-12-02,12:00:00,56
2019-12-03,05:00:00,55
2019-12-03,11:00:00,58
2019-12-04,05:00:00,43
2019-12-04,11:00:00,13
2019-12-05,05:00:00,48
2019-12-05,12:00:00,41
2019-12-06,06:00:00,31
2019-12-06,12:00:00,49
2019-12-07,05:00:00,49
2019-12-08,05:00:00,29
2019-12-08,11:00:00,26
2019-12-09,05:00:00,47
2019-12-09,11:00:00,31
2019-12-10,05:00:00,18
2019-12-10,11:00:00,25
2019-12-11,05:00:00,42
2019-12-11,11:00:00,26
2019-12-12,06:00:00,46
2019-12-12,12:00:00,27
2019-12-13,06:00:00,44
2019-12-13,12:00:00,20
2019-12-14,05:00:00,19
2019-12-15,05:00:00,29
2019-12-15,12:00:00,14
2019-12-16,05:00:00,7
2019-12-16,13:00:00,12
2019-12-17,05:00:00,26
2019-12-17,11:00:00,15
2019-12-18,12:00:00,52
2019-12-18,14:00:00,2
2019-12-19,06:00:00,33
2019-12-19,12:00:00,19
2019-12-20,05:00:00,41
2019-12-20,12:00:00,31
2019-12-21,05:00:00,42
2019-12-21,11:00:00,31
2019-12-22,05:00:00,42
2019-12-22,11:00:00,23
2019-12-23,05:00:00,34
2019-12-23,11:00:00,21
2019-12-24,05:00:00,31
2019-12-24,11:00:00,35
2019-12-25,11:00:00,29
2019-12-26,05:00:00,34
2019-12-26,12:00:00,41
2019-12-27,06:00:00,49
2019-12-27,12:00:00,52
2019-12-28,05:00:00,49
2019-12-28,18:00:00,42
2019-12-29,05:00:00,0
2019-12-29,11:00:00,0
2019-12-30,05:00:00,58
2019-12-30,11:00:00,53
2019-12-31,06:00:00,48
2019-12-31,12:00:00,56
2020-01-01,11:00:00,34
2020-01-02,06:00:00,34
2020-01-02,12:00:00,30
2020-01-03,06:00:00,11
2020-01-03,12:00:00,21
2020-01-04,05:00:00,28
2020-01-04,11:00:00,11
2020-01-05,06:00:00,26
2020-01-05,12:00:00,19
2020-01-06,06:00:00,22
2020-01-06,12:00:00,7
2020-01-07,06:00:00,22
2020-01-07,12:00:00,7
2020-01-08,06:00:00,34
2020-01-08,12:00:00,11
2020-01-09,06:00:00,31
2020-01-09,12:00:00,24
2020-01-10,06:00:00,19
2020-01-10,12:00:00,23
2020-01-11,06:00:00,37
2020-01-12,06:00:00,25
2020-01-12,12:00:00,16
2020-01-13,06:00:00,32
2020-01-13,12:00:00,13
2020-01-14,06:00:00,34
2020-01-14,12:00:00,15
2020-01-15,06:00:00,36
2020-01-15,12:00:00,13
2020-01-16,06:00:00,49
2020-01-16,12:00:00,32
2020-01-17,06:00:00,51
2020-01-18,06:00:00,47
2020-01-19,06:00:00,35
2020-01-19,12:00:00,9
2020-01-20,06:00:00,14
2020-01-20,12:00:00,8
2020-01-21,06:00:00,12
2020-01-21,12:00:00,8
2020-01-22,06:00:00,20
2020-01-22,12:00:00,13
2020-01-23,06:00:00,42
2020-01-23,12:00:00,34
2020-01-24,06:00:00,45
2020-01-24,11:00:00,20
2020-01-25,06:00:00,49
2020-01-26,06:00:00,24
2020-01-26,11:00:00,13
2020-01-27,06:00:00,24
2020-01-27,12:00:00,8
2020-01-28,06:00:00,20
2020-01-28,12:00:00,9
2020-01-29,11:00:00,37
2020-01-30,11:00:00,39
2020-01-31,06:00:00,32
2020-01-31,11:00:00,11
2020-02-01,06:00:00,35
2020-02-02,10:00:00,11
2020-02-02,12:00:00,10
2020-02-03,06:00:00,18
2020-02-03,11:00:00,16
2020-02-04,12:00:00,42
2020-02-05,06:00:00,32
2020-02-05,12:00:00,10
2020-02-06,06:00:00,44
2020-02-06,12:00:00,15
2020-02-07,06:00:00,49
2020-02-07,14:00:00,16
2020-02-08,06:00:00,44
2020-02-09,06:00:00,30
2020-02-09,12:00:00,16
2020-02-10,10:00:00,6
2020-02-10,12:00:00,22
2020-02-11,05:00:00,46
2020-02-11,12:00:00,11
2020-02-12,05:00:00,47
2020-02-12,12:00:00,19
2020-02-13,05:00:00,42
2020-02-13,12:00:00,44
2020-02-14,05:00:00,47
2020-02-14,12:00:00,32
2020-02-15,05:00:00,24
2020-02-15,06:00:00,23
2020-02-16,05:00:00,17
2020-02-16,06:00:00,1
2020-02-16,12:00:00,20
2020-02-17,05:00:00,22
2020-02-17,12:00:00,10
2020-02-18,05:00:00,17
2020-02-18,12:00:00,12
2020-02-19,05:00:00,81
2020-02-19,12:00:00,15
2020-02-20,05:00:00,38
2020-02-20,13:00:00,31
2020-02-21,05:00:00,29
2020-02-21,12:00:00,32
2020-02-22,05:00:00,38
2020-02-22,12:00:00,37
2020-02-23,05:00:00,20
2020-02-23,12:00:00,14
2020-02-24,05:00:00,23
2020-02-24,12:00:00,13
2020-02-25,05:00:00,15
2020-02-25,12:00:00,10
2020-02-26,05:00:00,40
2020-02-26,12:00:00,19
2020-02-27,05:00:00,41
2020-02-27,12:00:00,33
2020-02-28,05:00:00,50
2020-02-28,12:00:00,16
2020-02-29,05:00:00,38
2020-03-01,05:00:00,23
2020-03-01,12:00:00,16
2020-03-02,05:00:00,36
2020-03-02,12:00:00,19
2020-03-03,05:00:00,22
2020-03-03,12:00:00,14
2020-03-04,05:00:00,33
2020-03-04,12:00:00,22
2020-03-05,05:00:00,35
2020-03-05,14:00:00,30
2020-03-06,05:00:00,19
2020-03-06,13:00:00,31
2020-03-07,05:00:00,43
2020-03-08,05:00:00,20
2020-03-08,13:00:00,16
2020-03-09,05:00:00,27
2020-03-09,15:00:00,13
2020-03-10,05:00:00,19
2020-03-10,13:00:00,26
2020-03-11,05:00:00,36
2020-03-11,15:00:00,17
2020-03-12,05:00:00,27
2020-03-12,13:00:00,22
2020-03-13,05:00:00,11
2020-03-13,13:00:00,6
2020-03-14,05:00:00,10
2020-03-15,05:00:00,2
2020-03-15,14:00:00,14
2020-03-16,05:00:00,12
2020-03-16,14:00:00,9
2020-03-17,05:00:00,6
2020-03-17,14:00:00,4
2020-03-18,05:00:00,9
2020-03-18,15:00:00,9
2020-03-19,05:00:00,3
2020-03-20,14:00:00,4
2020-03-21,05:00:00,3
2020-03-22,05:00:00,0
2020-03-23,05:00:00,3
2020-03-24,05:00:00,1
2020-03-24,14:00:00,4
2020-03-25,05:00:00,1
2020-03-25,14:00:00,1
2020-03-26,05:00:00,2
2020-03-26,13:00:00,1
2020-03-27,05:00:00,2
2020-03-27,13:00:00,3
2020-03-28,05:00:00,0
2020-03-29,05:00:00,3
2020-03-29,15:00:00,4
2020-03-30,05:00:00,0
2020-03-31,05:00:00,2
2020-03-31,15:00:00,1
2020-04-01,07:00:00,0
2020-04-01,15:00:00,0
2020-04-02,07:00:00,1
2020-04-02,15:00:00,2
2020-04-03,14:00:00,2
2020-04-04,07:00:00,0
2020-04-05,15:00:00,2
2020-04-06,07:00:00,3
2020-04-06,15:00:00,1
2020-04-08,07:00:00,1
2020-04-08,15:00:00,1
2020-04-09,07:00:00,2
2020-04-09,15:00:00,0
2020-04-10,15:00:00,1
2020-04-11,07:00:00,1
2020-04-12,07:00:00,0
2020-04-13,07:00:00,2
2020-04-13,15:00:00,2
2020-04-14,07:00:00,1
2020-04-15,07:00:00,1
2020-04-15,15:00:00,1
2020-04-16,07:00:00,1
2020-04-16,15:00:00,2
2020-04-17,07:00:00,1
2020-04-17,15:00:00,1
2020-04-18,07:00:00,0
2020-04-19,07:00:00,1
2020-04-20,07:00:00,2
2020-04-21,07:00:00,0
2020-04-22,15:00:00,1
2020-04-23,16:00:00,1
2020-04-24,07:00:00,1
2020-04-24,15:00:00,2
2020-04-25,07:00:00,0
2020-04-26,15:00:00,5
2020-04-27,07:00:00,4
2020-04-28,07:00:00,2
2020-04-29,07:00:00,3
2020-04-30,07:00:00,1
2020-04-30,15:00:00,1
2020-05-01,07:00:00,3
2020-05-02,07:00:00,2
2020-05-03,07:00:00,1
2020-05-04,08:00:00,5
2020-05-05,08:00:00,1
2020-05-06,08:00:00,3
2020-05-07,08:00:00,0
2020-05-08,08:00:00,4
2020-05-09,07:00:00,1
2020-05-10,08:00:00,1
2020-05-11,08:00:00,8
2020-05-12,08:00:00,4
2020-05-13,09:00:00,1
2020-05-14,07:00:00,7
2020-05-15,07:00:00,2
2020-05-16,08:00:00,7
2020-05-17,08:00:00,6
2020-05-18,08:00:00,2
2020-05-19,08:00:00,3
2020-05-20,08:00:00,6
2020-05-21,08:00:00,2
2020-05-22,08:00:00,5
2020-05-23,08:00:00,3
2020-05-24,08:00:00,9
2020-05-25,08:00:00,5
2020-05-26,08:00:00,6
2020-05-27,08:00:00,6
2020-05-28,08:00:00,8
2020-05-29,08:00:00,6
2020-05-30,08:00:00,3
2020-05-31,08:00:00,9
2020-06-01,08:00:00,4
2020-06-02,08:00:00,2
2020-06-03,08:00:00,2
2020-06-04,08:00:00,4
2020-06-05,08:00:00,9
2020-06-06,08:00:00,3
2020-06-07,08:00:00,10
2020-06-08,08:00:00,10
2020-06-09,08:00:00,9
2020-06-10,09:00:00,11
2020-06-11,08:00:00,2
2020-06-12,08:00:00,9
2020-06-13,08:00:00,8
2020-06-14,08:00:00,11
2020-06-15,08:00:00,3
2020-06-16,08:00:00,7
2020-06-17,08:00:00,5
2020-06-18,08:00:00,8
2020-06-19,08:00:00,14
2020-06-20,08:00:00,7
2020-06-21,08:00:00,8
2020-06-22,08:00:00,12
2020-06-23,08:00:00,10
2020-06-24,08:00:00,9
2020-06-25,08:00:00,12
2020-06-26,08:00:00,7
2020-06-27,09:00:00,8
2020-06-28,08:00:00,16
2020-06-29,08:00:00,8
2020-06-30,08:00:00,11
2020-07-01,08:00:00,8
2020-07-02,09:00:00,1
2020-07-03,08:00:00,18
2020-07-04,08:00:00,6
2020-07-05,08:00:00,23
2020-07-06,08:00:00,16
2020-07-06,17:00:00,18
2020-07-07,16:00:00,16
2020-07-08,08:00:00,15
2020-07-08,15:00:00,14
2020-07-09,08:00:00,2
2020-07-09,15:00:00,16
2020-07-10,08:00:00,7
2020-07-10,15:00:00,17
2020-07-11,08:00:00,12
2020-07-12,08:00:00,10
2020-07-12,15:00:00,21
2020-07-13,08:00:00,10
2020-07-13,15:00:00,8
2020-07-14,08:00:00,6
2020-07-15,08:00:00,11
2020-07-15,15:00:00,9
2020-07-16,08:00:00,17
2020-07-16,15:00:00,7
2020-07-17,08:00:00,9
2020-07-17,15:00:00,6
2020-07-18,08:00:00,5
2020-07-19,08:00:00,8
2020-07-19,15:00:00,18
2020-07-20,08:00:00,8
2020-07-20,15:00:00,10
2020-07-21,08:00:00,13
2020-07-22,08:00:00,4
2020-07-22,15:00:00,10
2020-07-23,08:00:00,9
2020-07-23,15:00:00,17
2020-07-24,08:00:00,9
2020-07-24,15:00:00,7
2020-07-25,08:00:00,8
2020-07-26,08:00:00,4
2020-07-26,15:00:00,23
2020-07-27,08:00:00,8
2020-07-27,15:00:00,8
2020-07-28,08:00:00,9
2020-07-29,08:00:00,7
2020-07-29,15:00:00,11
2020-07-30,08:00:00,3
2020-07-30,15:00:00,6
2020-07-31,08:00:00,14
2020-07-31,15:00:00,5
2020-08-01,08:00:00,11
2020-08-02,08:00:00,11
2020-08-02,15:00:00,17
2020-08-03,15:00:00,15
2020-08-04,09:00:00,7
2020-08-05,09:00:00,14
2020-08-05,15:00:00,8
2020-08-06,09:00:00,10
2020-08-06,15:00:00,7
2020-08-07,09:00:00,7
2020-08-07,15:00:00,9
2020-08-08,09:00:00,10
2020-08-09,09:00:00,14
2020-08-09,16:00:00,15
2020-08-10,09:00:00,11
2020-08-10,15:00:00,6
2020-08-11,09:00:00,14
2020-08-12,09:00:00,14
2020-08-12,15:00:00,6
2020-08-13,09:00:00,16
2020-08-13,15:00:00,11
2020-08-14,09:00:00,9
2020-08-14,15:00:00,3
2020-08-15,09:00:00,6
2020-08-16,09:00:00,19
2020-08-16,16:00:00,15
2020-08-17,09:00:00,13
2020-08-17,16:00:00,10
2020-08-18,09:00:00,11
2020-08-19,09:00:00,19
2020-08-19,15:00:00,11
2020-08-20,09:00:00,3
2020-08-20,15:00:00,7
2020-08-21,09:00:00,10
2020-08-21,15:00:00,12
2020-08-22,09:00:00,12
2020-08-23,09:00:00,5
2020-08-23,16:00:00,14
2020-08-24,09:00:00,6
2020-08-24,15:00:00,10
2020-08-25,09:00:00,10
2020-08-26,09:00:00,3
2020-08-26,15:00:00,14
2020-08-27,09:00:00,11
2020-08-27,15:00:00,8
2020-08-28,09:00:00,9
2020-08-28,15:00:00,12
2020-08-29,09:00:00,5
2020-08-30,09:00:00,18
2020-08-30,15:00:00,7
2020-08-31,09:00:00,6
2020-08-31,15:00:00,4
2020-09-01,09:00:00,9
2020-09-02,09:00:00,21
2020-09-02,17:00:00,6
2020-09-03,09:00:00,18
2020-09-03,17:00:00,6
2020-09-04,09:00:00,22
2020-09-04,17:00:00,11
2020-09-05,09:00:00,15
2020-09-06,09:00:00,33
2020-09-07,09:00:00,12
2020-09-07,17:00:00,22
2020-09-08,10:00:00,21
2020-09-09,09:00:00,12
2020-09-09,17:00:00,4
2020-09-10,09:00:00,12
2020-09-10,17:00:00,14
2020-09-11,09:00:00,9
2020-09-11,17:00:00,14
2020-09-12,09:00:00,9
2020-09-13,09:00:00,18
2020-09-13,17:00:00,6
2020-09-14,09:00:00,19
2020-09-14,17:00:00,6
2020-09-15,09:00:00,8
2020-09-16,09:00:00,5
2020-09-16,17:00:00,7
2020-09-17,09:00:00,8
2020-09-17,17:00:00,1
2020-09-18,09:00:00,19
2020-09-18,17:00:00,14
2020-09-19,09:00:00,8
2020-09-20,09:00:00,11
2020-09-20,17:00:00,16
2020-09-21,09:00:00,18
2020-09-21,17:00:00,9
2020-09-22,09:00:00,11
2020-09-23,09:00:00,19
2020-09-23,17:00:00,3
2020-09-24,09:00:00,21
2020-09-24,17:00:00,5
2020-09-25,09:00:00,26
2020-09-25,16:00:00,7
2020-09-26,09:00:00,19
2020-09-27,09:00:00,24
2020-09-27,16:00:00,19
2020-09-28,09:00:00,21
2020-09-28,17:00:00,4
2020-09-29,09:00:00,20
2020-09-30,09:00:00,14
2020-09-30,17:00:00,5
2020-10-01,04:00:00,15
2020-10-01,17:00:00,10
2020-10-02,05:00:00,18
2020-10-02,17:00:00,4
2020-10-03,05:00:00,10
2020-10-04,05:00:00,24
2020-10-04,17:00:00,25
2020-10-05,05:00:00,16
2020-10-05,17:00:00,19
2020-10-06,05:00:00,32
2020-10-07,05:00:00,13
2020-10-07,17:00:00,17
2020-10-08,05:00:00,19
2020-10-08,17:00:00,13
2020-10-09,05:00:00,49
2020-10-09,17:00:00,8
2020-10-10,05:00:00,17
2020-10-11,05:00:00,35
2020-10-11,17:00:00,18
2020-10-12,05:00:00,41
2020-10-12,17:00:00,16
2020-10-13,05:00:00,13
2020-10-14,05:00:00,20
2020-10-14,17:00:00,11
2020-10-15,05:00:00,24
2020-10-15,17:00:00,3
2020-10-16,05:00:00,10
2020-10-16,17:00:00,7
2020-10-17,05:00:00,18
2020-10-18,05:00:00,36
2020-10-18,17:00:00,8
2020-10-19,05:00:00,31
2020-10-19,17:00:00,48
2020-10-20,05:00:00,48
2020-10-21,05:00:00,38
2020-10-21,19:00:00,11
2020-10-22,05:00:00,41
2020-10-22,20:00:00,7
2020-10-23,05:00:00,25
2020-10-23,17:00:00,25
2020-10-24,05:00:00,21
2020-10-25,05:00:00,51
2020-10-26,17:00:00,27
2020-10-27,05:00:00,21
2020-10-28,05:00:00,13
2020-10-28,17:00:00,11
2020-10-29,05:00:00,9
2020-10-29,17:00:00,8
2020-10-30,05:00:00,29
2020-10-30,17:00:00,22
2020-10-31,05:00:00,29
2020-11-01,05:00:00,51
2020-11-01,17:00:00,21
2020-11-02,05:00:00,38
2020-11-02,17:00:00,17
2020-11-03,05:00:00,35
2020-11-04,05:00:00,15
2020-11-04,17:00:00,12
2020-11-05,05:00:00,43
2020-11-05,17:00:00,10
2020-11-06,05:00:00,30
2020-11-06,17:00:00,7
2020-11-07,05:00:00,24
2020-11-08,05:00:00,42
2020-11-08,17:00:00,22
2020-11-09,05:00:00,28
2020-11-09,17:00:00,4
2020-11-10,05:00:00,25
2020-11-11,05:00:00,20
2020-11-11,17:00:00,10
2020-11-12,05:00:00,41
2020-11-12,17:00:00,23
2020-11-13,05:00:00,31
2020-11-13,17:00:00,5
2020-11-14,05:00:00,21
2020-11-15,05:00:00,22
2020-11-15,17:00:00,22
2020-11-16,05:00:00,26
2020-11-16,17:00:00,17
2020-11-17,05:00:00,19
2020-11-18,05:00:00,15
2020-11-18,17:00:00,9
2020-11-19,05:00:00,32
2020-11-19,17:00:00,21
2020-11-20,05:00:00,20
2020-11-20,17:00:00,9
2020-11-21,05:00:00,20
2020-11-22,05:00:00,36
2020-11-22,17:00:00,9
2020-11-23,05:00:00,23
2020-11-23,17:00:00,8
2020-11-24,05:00:00,25
2020-11-24,17:00:00,23
2020-11-25,05:00:00,36
2020-11-25,17:00:00,17
2020-11-26,05:00:00,14
2020-11-27,17:00:00,5
2020-11-28,05:00:00,25
2020-11-28,17:00:00,13
2020-11-29,05:00:00,21
2020-11-29,17:00:00,11
2020-11-30,05:00:00,24
2020-11-30,17:00:00,4
2020-12-01,05:00:00,19
2020-12-02,05:00:00,5
2020-12-02,17:00:00,4
2020-12-03,05:00:00,20
2020-12-03,17:00:00,4
2020-12-04,05:00:00,11
2020-12-04,17:00:00,3
2020-12-05,05:00:00,23
2020-12-06,05:00:00,19
2020-12-06,17:00:00,9
2020-12-07,05:00:00,8
2020-12-07,17:00:00,8
2020-12-08,05:00:00,4
2020-12-09,05:00:00,12
2020-12-09,17:00:00,6
2020-12-10,05:00:00,16
2020-12-10,17:00:00,5
2020-12-11,05:00:00,20
2020-12-11,17:00:00,15
2020-12-12,05:00:00,12
2020-12-13,05:00:00,10
2020-12-13,17:00:00,14
2020-12-14,05:00:00,5
2020-12-14,17:00:00,2
2020-12-15,05:00:00,2
2020-12-16,05:00:00,23
2020-12-16,17:00:00,10
2020-12-17,05:00:00,10
2020-12-17,17:00:00,6
2020-12-18,05:00:00,15
2020-12-18,17:00:00,9
2020-12-19,05:00:00,26
2020-12-20,05:00:00,19
2020-12-20,17:00:00,11
2020-12-21,05:00:00,15
2020-12-21,17:00:00,7
2020-12-22,05:00:00,15
2020-12-22,17:00:00,15
2020-12-23,05:00:00,18
2020-12-23,17:00:00,13
2020-12-24,05:00:00,32
2020-12-25,07:00:00,11
2020-12-26,05:00:00,24
2020-12-26,17:00:00,12
2020-12-27,05:00:00,20
2020-12-27,17:00:00,19
2020-12-28,05:00:00,19
2020-12-28,17:00:00,6
2020-12-29,05:00:00,14
2020-12-29,17:00:00,6
2020-12-30,05:00:00,24
2020-12-30,17:00:00,8
2020-12-31,05:00:00,15
2021-01-01,07:00:00,24
2021-01-02,07:00:00,14
2021-01-02,17:00:00,7
2021-01-03,05:00:00,8
2021-01-03,17:00:00,5
2021-01-04,05:00:00,11
2021-01-04,17:00:00,1
2021-01-05,05:00:00,12
2021-01-06,08:00:00,22
2021-01-06,17:00:00,1
2021-01-07,05:00:00,9
2021-01-07,17:00:00,8
2021-01-08,08:00:00,7
2021-01-08,17:00:00,1
2021-01-09,08:00:00,13
2021-01-10,09:00:00,11
2021-01-10,17:00:00,12
2021-01-11,09:00:00,12
2021-01-12,09:00:00,5
2021-01-13,09:00:00,6
2021-01-13,17:00:00,7
2021-01-14,09:00:00,18
2021-01-14,17:00:00,8
2021-01-15,08:00:00,23
2021-01-15,17:00:00,5
2021-01-16,08:00:00,10
2021-01-17,09:00:00,8
2021-01-17,17:00:00,11
2021-01-18,09:00:00,14
2021-01-18,17:00:00,3
2021-01-19,09:00:00,15
2021-01-20,09:00:00,13
2021-01-20,17:00:00,3
2021-01-21,09:00:00,14
2021-01-22,08:00:00,17
2021-01-22,17:00:00,2
2021-01-23,08:00:00,17
2021-01-24,09:00:00,6
2021-01-24,17:00:00,4
2021-01-25,09:00:00,4
2021-01-25,17:00:00,2
2021-01-26,09:00:00,5
2021-01-27,09:00:00,17
2021-01-27,17:00:00,2
2021-01-28,09:00:00,8
2021-01-28,17:00:00,1
2021-01-29,09:00:00,10
2021-01-29,18:00:00,2
2021-01-30,09:00:00,0
2021-01-31,09:00:00,21
2021-01-31,17:00:00,18
2021-02-01,09:00:00,5
2021-02-01,17:00:00,3
2021-02-02,09:00:00,13
2021-02-03,09:00:00,15
2021-02-03,17:00:00,2
2021-02-04,09:00:00,8
2021-02-04,17:00:00,12
2021-02-05,09:00:00,8
2021-02-05,17:00:00,9
2021-02-06,09:00:00,15
2021-02-07,09:00:00,15
2021-02-07,17:00:00,3
2021-02-08,09:00:00,15
2021-02-08,17:00:00,7
2021-02-09,09:00:00,23
2021-02-10,09:00:00,29
2021-02-10,17:00:00,7
2021-02-11,09:00:00,18
2021-02-11,17:00:00,14
2021-02-12,09:00:00,35
2021-02-12,17:00:00,10
2021-02-12,18:00:00,2
2021-02-13,11:00:00,22
2021-02-14,10:00:00,7
2021-02-14,17:00:00,10
2021-02-15,17:00:00,18
2021-02-16,10:00:00,12
2021-02-17,10:00:00,17
2021-02-17,17:00:00,3
2021-02-18,10:00:00,13
2021-02-18,17:00:00,3
2021-02-19,10:00:00,14
2021-02-20,10:00:00,16
2021-02-21,10:00:00,12
2021-02-21,17:00:00,7
2021-02-22,10:00:00,17
2021-02-22,15:00:00,10
2021-02-23,10:00:00,13
2021-02-24,10:00:00,13
2021-02-24,17:00:00,17
2021-02-25,10:00:00,18
2021-02-25,14:00:00,16
2021-02-25,17:00:00,10
2021-02-26,10:00:00,15
2021-02-26,17:00:00,3
2021-02-27,10:00:00,5
2021-02-28,10:00:00,11
2021-02-28,17:00:00,7
2021-03-01,10:00:00,8
2021-03-01,17:00:00,2
2021-03-02,10:00:00,10
2021-03-03,10:00:00,9
2021-03-03,17:00:00,7
2021-03-04,05:00:00,42
2021-03-04,17:00:00,5
2021-03-05,05:00:00,22
2021-03-05,17:00:00,7
2021-03-06,05:00:00,25
2021-03-07,05:00:00,14
2021-03-07,17:00:00,8
2021-03-08,05:00:00,12
2021-03-08,17:00:00,5
2021-03-09,05:00:00,14
2021-03-10,05:00:00,19
2021-03-10,17:00:00,4
2021-03-11,05:00:00,29
2021-03-11,17:00:00,8
2021-03-12,05:00:00,40
2021-03-12,17:00:00,12
2021-03-13,05:00:00,25
2021-03-14,05:00:00,0
2021-03-15,05:00:00,0
2021-03-16,05:00:00,0
2021-03-17,05:00:00,32
2021-03-17,17:00:00,12
2021-03-18,05:00:00,49
2021-03-18,17:00:00,10
2021-03-19,05:00:00,34
2021-03-19,17:00:00,9
2021-03-20,05:00:00,12
2021-03-21,05:00:00,14
2021-03-22,05:00:00,31
2021-03-22,17:00:00,7
2021-03-23,05:00:00,14
2021-03-24,05:00:00,16
2021-03-24,17:00:00,11
2021-03-25,05:00:00,35
2021-03-25,17:00:00,5
2021-03-26,05:00:00,23
2021-03-26,17:00:00,16
2021-03-27,05:00:00,15
2021-03-28,05:00:00,21
2021-03-28,17:00:00,11
2021-03-29,05:00:00,10
2021-03-29,17:00:00,11
2021-03-30,05:00:00,10
2021-03-31,05:00:00,45
2021-03-31,17:00:00,22
2021-04-01,05:00:00,45
2021-04-01,15:00:00,44
2021-04-02,05:00:00,44
2021-04-02,15:00:00,7
2021-04-03,05:00:00,14
2021-04-04,05:00:00,12
2021-04-04,15:00:00,13
2021-04-05,05:00:00,20
2021-04-05,15:00:00,16
2021-04-06,10:00:00,14
2021-04-07,10:00:00,16
2021-04-07,15:00:00,18
2021-04-08,05:00:00,18
2021-04-08,15:00:00,19
2021-04-09,05:00:00,15
2021-04-09,15:00:00,11
2021-04-10,05:00:00,42
2021-04-11,05:00:00,20
2021-04-11,15:00:00,10
2021-04-12,05:00:00,19
2021-04-12,15:00:00,13
2021-04-13,10:00:00,12
2021-04-14,10:00:00,22
2021-04-14,15:00:00,23
2021-04-15,10:00:00,36
2021-04-16,05:00:00,34
2021-04-16,15:00:00,9
2021-04-17,05:00:00,17
2021-04-18,05:00:00,22
2021-04-18,15:00:00,15
2021-04-19,05:00:00,13
2021-04-19,15:00:00,6
2021-04-20,10:00:00,10
2021-04-21,10:00:00,19
2021-04-21,15:00:00,10
2021-04-22,05:00:00,28
2021-04-22,15:00:00,30
2021-04-23,05:00:00,16
2021-04-23,15:00:00,15
2021-04-24,05:00:00,18
2021-04-25,05:00:00,6
2021-04-25,15:00:00,23
2021-04-26,05:00:00,8
2021-04-26,15:00:00,13
2021-04-27,10:00:00,17
2021-04-28,05:00:00,16
2021-04-28,15:00:00,12
2021-04-29,05:00:00,28
2021-04-29,15:00:00,20
2021-04-30,05:00:00,33
2021-04-30,15:00:00,20
2021-05-01,05:00:00,25
2021-05-02,05:00:00,22
2021-05-02,16:00:00,33
2021-05-03,05:00:00,9
2021-05-03,15:00:00,12
2021-05-04,10:00:00,14
2021-05-05,10:00:00,18
2021-05-05,15:00:00,31
2021-05-06,05:00:00,16
2021-05-06,15:00:00,16
2021-05-07,05:00:00,23
2021-05-07,15:00:00,19
2021-05-08,05:00:00,16
2021-05-09,05:00:00,15
2021-05-09,14:00:00,11
2021-05-10,05:00:00,29
2021-05-10,14:00:00,18
2021-05-11,10:00:00,12
2021-05-11,16:00:00,10
2021-05-12,10:00:00,21
2021-05-12,17:00:00,13
2021-05-13,05:00:00,19
2021-05-13,15:00:00,14
2021-05-14,05:00:00,25
2021-05-14,15:00:00,7
2021-05-15,05:00:00,41
2021-05-16,05:00:00,15
2021-05-16,14:00:00,13
2021-05-17,05:00:00,21
2021-05-17,14:00:00,17
2021-05-18,05:00:00,24
2021-05-19,05:00:00,15
2021-05-19,16:00:00,9
2021-05-20,05:00:00,40
2021-05-20,15:00:00,37
2021-05-21,05:00:00,41
2021-05-21,15:00:00,16
2021-05-22,05:00:00,43
2021-05-23,05:00:00,25
2021-05-23,15:00:00,32
2021-05-24,05:00:00,39
2021-05-24,14:00:00,32
2021-05-25,05:00:00,39
2021-05-26,05:00:00,49
2021-05-26,16:00:00,27
2021-05-27,05:00:00,46
2021-05-27,15:00:00,18
2021-05-28,05:00:00,29
2021-05-28,15:00:00,23
2021-05-29,05:00:00,33
2021-05-30,05:00:00,10
2021-05-30,14:00:00,23
2021-05-31,05:00:00,41
2021-05-31,14:00:00,35
2021-06-01,05:00:00,34
2021-06-02,05:00:00,24
2021-06-02,16:00:00,11
2021-06-03,05:00:00,26
2021-06-03,14:00:00,23
2021-06-04,05:00:00,28
2021-06-04,14:00:00,16
2021-06-05,05:00:00,18
2021-06-06,05:00:00,28
2021-06-06,14:00:00,27
2021-06-07,05:00:00,25
2021-06-07,14:00:00,21
2021-06-08,05:00:00,22
2021-06-09,05:00:00,21
2021-06-09,14:00:00,25
2021-06-10,05:00:00,24
2021-06-10,14:00:00,26
2021-06-11,05:00:00,36
2021-06-11,14:00:00,22
2021-06-12,05:00:00,31
2021-06-13,05:00:00,42
2021-06-13,14:00:00,37
2021-06-14,05:00:00,26
2021-06-14,14:00:00,16
2021-06-15,05:00:00,43
2021-06-16,05:00:00,25
2021-06-16,14:00:00,15
2021-06-17,09:00:00,22
2021-06-17,14:00:00,21
2021-06-18,05:00:00,32
2021-06-18,14:00:00,18
2021-06-19,05:00:00,42
2021-06-20,05:00:00,36
2021-06-20,14:00:00,45
2021-06-21,05:00:00,32
2021-06-21,14:00:00,45
2021-06-22,05:00:00,41
2021-06-22,10:00:00,30
2021-06-23,05:00:00,45
2021-06-23,14:00:00,29
2021-06-24,05:00:00,47
2021-06-24,14:00:00,12
2021-06-25,05:00:00,37
2021-06-25,14:00:00,17
2021-06-26,05:00:00,42
2021-06-27,05:00:00,26
2021-06-27,13:00:00,42
2021-06-28,05:00:00,22
2021-06-28,13:00:00,28
2021-06-29,05:00:00,37
2021-06-30,05:00:00,30
2021-06-30,14:00:00,21
2021-07-01,05:00:00,29
2021-07-01,09:00:00,5
2021-07-01,13:00:00,4
2021-07-01,20:00:00,4
2021-07-02,05:00:00,34
2021-07-02,09:00:00,6
2021-07-02,13:00:00,6
2021-07-03,05:00:00,33
2021-07-03,09:00:00,7
2021-07-04,05:00:00,27
2021-07-04,08:00:00,3
2021-07-04,13:00:00,9
2021-07-05,05:00:00,53
2021-07-05,08:00:00,36
2021-07-05,13:00:00,46
2021-07-05,17:00:00,53
2021-07-06,05:00:00,45
2021-07-06,08:00:00,27
2021-07-07,05:00:00,40
2021-07-07,08:00:00,14
2021-07-07,12:00:00,14
2021-07-07,16:00:00,23
2021-07-08,05:00:00,41
2021-07-08,08:00:00,15
2021-07-08,13:00:00,13
2021-07-08,17:00:00,19
2021-07-09,05:00:00,31
2021-07-09,08:00:00,18
2021-07-09,13:00:00,16
2021-07-09,19:00:00,7
2021-07-10,05:00:00,35
2021-07-10,08:00:00,17
2021-07-11,05:00:00,26
2021-07-11,08:00:00,34
2021-07-11,13:00:00,6
2021-07-11,17:00:00,26
2021-07-12,04:00:00,22
2021-07-12,08:00:00,8
2021-07-12,13:00:00,9
2021-07-12,17:00:00,32
2021-07-13,05:00:00,32
2021-07-13,09:00:00,10
2021-07-14,05:00:00,40
2021-07-14,08:00:00,4
2021-07-14,13:00:00,7
2021-07-14,17:00:00,14
2021-07-15,05:00:00,28
2021-07-15,08:00:00,12
2021-07-15,13:00:00,6
2021-07-15,17:00:00,30
2021-07-16,05:00:00,23
2021-07-16,08:00:00,12
2021-07-16,13:00:00,12
2021-07-16,17:00:00,15
2021-07-17,05:00:00,43
2021-07-17,08:00:00,9
2021-07-18,07:00:00,28
2021-07-18,08:00:00,8
2021-07-18,15:00:00,13
2021-07-18,18:00:00,32
2021-07-19,05:00:00,20
2021-07-19,09:00:00,12
2021-07-19,14:00:00,3
2021-07-19,17:00:00,35
2021-07-20,05:00:00,18
2021-07-20,08:00:00,7
2021-07-21,05:00:00,30
2021-07-21,08:00:00,38
2021-07-21,14:00:00,12
2021-07-22,05:00:00,51
2021-07-22,09:00:00,13
2021-07-22,13:00:00,13
2021-07-22,17:00:00,13
2021-07-23,05:00:00,30
2021-07-23,09:00:00,8
2021-07-23,13:00:00,11
2021-07-24,08:00:00,12
2021-07-24,09:00:00,46
2021-07-25,05:00:00,18
2021-07-25,09:00:00,5
2021-07-25,13:00:00,4
2021-07-25,19:00:00,2
2021-07-26,05:00:00,28
2021-07-26,09:00:00,9
2021-07-26,13:00:00,13
2021-07-26,17:00:00,14
2021-07-27,05:00:00,23
2021-07-27,08:00:00,6
2021-07-28,05:00:00,40
2021-07-28,08:00:00,14
2021-07-28,13:00:00,7
2021-07-28,17:00:00,19
2021-07-29,05:00:00,35
2021-07-29,08:00:00,9
2021-07-29,13:00:00,5
2021-07-29,17:00:00,46
2021-07-30,05:00:00,30
2021-07-30,08:00:00,17
2021-07-30,13:00:00,10
2021-07-31,05:00:00,46
2021-07-31,08:00:00,13
2021-08-01,05:00:00,36
2021-08-01,08:00:00,14
2021-08-01,13:00:00,14
2021-08-01,15:00:00,43
2021-08-02,05:00:00,36
2021-08-02,08:00:00,8
2021-08-02,13:00:00,5
2021-08-02,15:00:00,21
2021-08-03,05:00:00,34
2021-08-03,08:00:00,19
2021-08-04,05:00:00,34
2021-08-04,08:00:00,21
2021-08-04,13:00:00,11
2021-08-04,15:00:00,25
2021-08-05,05:00:00,37
2021-08-05,09:00:00,15
2021-08-05,13:00:00,6
2021-08-05,15:00:00,23
2021-08-06,05:00:00,31
2021-08-06,08:00:00,19
2021-08-06,13:00:00,18
2021-08-07,05:00:00,42
2021-08-07,08:00:00,10
2021-08-08,05:00:00,18
2021-08-08,08:00:00,22
2021-08-08,13:00:00,10
2021-08-08,15:00:00,33
2021-08-09,05:00:00,34
2021-08-09,08:00:00,8
2021-08-09,13:00:00,7
2021-08-09,15:00:00,16
2021-08-10,05:00:00,29
2021-08-10,08:00:00,16
2021-08-11,05:00:00,20
2021-08-11,08:00:00,13
2021-08-11,13:00:00,8
2021-08-11,15:00:00,23
2021-08-12,05:00:00,34
2021-08-12,08:00:00,15
2021-08-12,13:00:00,6
2021-08-12,15:00:00,21
2021-08-13,05:00:00,24
2021-08-13,08:00:00,13
2021-08-13,13:00:00,7
2021-08-13,15:00:00,12
2021-08-14,05:00:00,14
2021-08-14,08:00:00,15
2021-08-15,05:00:00,29
2021-08-15,08:00:00,13
2021-08-15,13:00:00,19
2021-08-15,15:00:00,41
2021-08-16,05:00:00,28
2021-08-16,08:00:00,7
2021-08-16,13:00:00,5
2021-08-16,15:00:00,22
2021-08-17,05:00:00,22
2021-08-17,08:00:00,9
2021-08-18,05:00:00,21
2021-08-18,08:00:00,10
2021-08-18,13:00:00,2
2021-08-18,15:00:00,20
2021-08-19,05:00:00,19
2021-08-19,08:00:00,7
2021-08-19,13:00:00,11
2021-08-19,15:00:00,7
2021-08-20,05:00:00,18
2021-08-20,08:00:00,6
2021-08-20,13:00:00,2
2021-08-20,15:00:00,18
2021-08-21,05:00:00,16
2021-08-21,09:00:00,10
2021-08-22,05:00:00,24
2021-08-22,08:00:00,18
2021-08-22,13:00:00,5
2021-08-22,15:00:00,25
2021-08-23,05:00:00,13
2021-08-23,08:00:00,7
2021-08-23,13:00:00,5
2021-08-23,15:00:00,13
2021-08-24,05:00:00,18
2021-08-24,08:00:00,10
2021-08-25,05:00:00,34
2021-08-25,08:00:00,12
2021-08-25,13:00:00,10
2021-08-25,15:00:00,29
2021-08-26,05:00:00,22
2021-08-26,08:00:00,11
2021-08-26,13:00:00,4
2021-08-26,15:00:00,19
2021-08-27,05:00:00,28
2021-08-27,08:00:00,9
2021-08-27,13:00:00,7
2021-08-27,15:00:00,3
2021-08-28,05:00:00,17
2021-08-28,08:00:00,10
2021-08-29,05:00:00,10
2021-08-29,08:00:00,4
2021-08-29,13:00:00,3
2021-08-29,15:00:00,21
2021-08-30,05:00:00,10
2021-08-30,08:00:00,3
2021-08-30,13:00:00,15
2021-08-30,15:00:00,13
2021-08-31,05:00:00,8
2021-08-31,08:00:00,8
2021-09-01,05:00:00,32
2021-09-01,08:00:00,5
2021-09-01,13:00:00,8
2021-09-01,15:00:00,18
2021-09-02,05:00:00,26
2021-09-02,09:00:00,25
2021-09-02,13:00:00,12
2021-09-02,15:00:00,26
2021-09-03,05:00:00,32
2021-09-03,09:00:00,18
2021-09-03,13:00:00,12
2021-09-03,15:00:00,42
2021-09-03,17:00:00,19
2021-09-04,05:00:00,48
2021-09-04,09:00:00,12
2021-09-05,08:00:00,5
2021-09-05,09:00:00,3
2021-09-05,13:00:00,4
2021-09-05,15:00:00,21
2021-09-06,05:00:00,30
2021-09-06,08:00:00,19
2021-09-06,13:00:00,8
2021-09-06,15:00:00,27
2021-09-07,05:00:00,34
2021-09-07,08:00:00,21
2021-09-08,05:00:00,18
2021-09-08,09:00:00,10
2021-09-08,13:00:00,10
2021-09-08,18:00:00,9
2021-09-09,05:00:00,27
2021-09-09,09:00:00,10
2021-09-09,13:00:00,7
2021-09-09,18:00:00,14
2021-09-10,05:00:00,28
2021-09-10,09:00:00,5
2021-09-10,13:00:00,10
2021-09-10,18:00:00,10
2021-09-11,05:00:00,25
2021-09-11,09:00:00,19
2021-09-12,05:00:00,27
2021-09-12,08:00:00,12
2021-09-12,13:00:00,14
2021-09-12,18:00:00,16
2021-09-13,05:00:00,16
2021-09-13,08:00:00,5
2021-09-13,13:00:00,16
2021-09-13,18:00:00,7
2021-09-14,05:00:00,28
2021-09-14,08:00:00,7
2021-09-15,05:00:00,30
2021-09-15,08:00:00,9
2021-09-15,13:00:00,15
2021-09-15,18:00:00,10
2021-09-16,05:00:00,23
2021-09-16,09:00:00,12
2021-09-16,13:00:00,18
2021-09-16,19:00:00,10
2021-09-17,05:00:00,37
2021-09-17,09:00:00,25
2021-09-17,13:00:00,10
2021-09-17,18:00:00,11
2021-09-18,05:00:00,25
2021-09-18,09:00:00,24
2021-09-19,05:00:00,32
2021-09-19,08:00:00,13
2021-09-19,13:00:00,16
2021-09-19,18:00:00,25
2021-09-20,05:00:00,21
2021-09-20,08:00:00,10
2021-09-20,13:00:00,7
2021-09-20,18:00:00,7
2021-09-21,05:00:00,13
2021-09-21,09:00:00,15
2021-09-22,05:00:00,30
2021-09-22,09:00:00,13
2021-09-22,13:00:00,10
2021-09-22,18:00:00,14
2021-09-23,05:00:00,27
2021-09-23,09:00:00,17
2021-09-23,13:00:00,14
2021-09-23,19:00:00,7
2021-09-24,05:00:00,28
2021-09-24,09:00:00,14
2021-09-24,13:00:00,7
2021-09-24,18:00:00,7
2021-09-25,05:00:00,23
2021-09-25,09:00:00,12
2021-09-26,05:00:00,23
2021-09-26,08:00:00,13
2021-09-26,13:00:00,19
2021-09-26,18:00:00,14
2021-09-27,05:00:00,16
2021-09-27,08:00:00,9
2021-09-27,13:00:00,12
2021-09-27,18:00:00,4
2021-09-28,05:00:00,26
2021-09-28,08:00:00,15
2021-09-29,05:00:00,38
2021-09-29,09:00:00,7
2021-09-29,13:00:00,13
2021-09-29,18:00:00,8
2021-09-30,09:00:00,32
2021-09-30,11:00:00,22
2021-09-30,13:00:00,18
2021-09-30,18:00:00,34
2021-10-01,05:00:00,31
2021-10-01,09:00:00,14
2021-10-01,13:00:00,17
2021-10-01,19:00:00,11
2021-10-02,09:00:00,18
2021-10-02,10:00:00,25
2021-10-03,05:00:00,38
2021-10-03,08:00:00,19
2021-10-03,13:00:00,30
2021-10-03,18:00:00,23
2021-10-04,05:00:00,40
2021-10-04,08:00:00,11
2021-10-04,13:00:00,15
2021-10-04,18:00:00,9
2021-10-05,05:00:00,13
2021-10-05,08:00:00,19
2021-10-06,05:00:00,22
2021-10-06,08:00:00,4
2021-10-06,10:00:00,14
2021-10-06,13:00:00,5
2021-10-07,05:00:00,44
2021-10-07,09:00:00,7
2021-10-07,10:00:00,42
2021-10-07,14:00:00,22
2021-10-08,05:00:00,39
2021-10-08,09:00:00,14
2021-10-08,10:00:00,34
2021-10-08,13:00:00,18
2021-10-09,05:00:00,29
2021-10-09,09:00:00,18
2021-10-10,05:00:00,43
2021-10-10,08:00:00,13
2021-10-10,10:00:00,29
2021-10-10,13:00:00,8
2021-10-11,05:00:00,49
2021-10-11,08:00:00,13
2021-10-11,10:00:00,42
2021-10-11,13:00:00,15
2021-10-12,05:00:00,25
2021-10-12,09:00:00,16
2021-10-13,05:00:00,27
2021-10-13,08:00:00,14
2021-10-13,10:00:00,30
2021-10-13,13:00:00,17
2021-10-14,05:00:00,23
2021-10-14,08:00:00,6
2021-10-14,10:00:00,22
2021-10-14,13:00:00,17
2021-10-15,05:00:00,25
2021-10-15,09:00:00,10
2021-10-15,10:00:00,15
2021-10-15,14:00:00,19
2021-10-16,05:00:00,34
2021-10-16,08:00:00,26
2021-10-17,05:00:00,23
2021-10-17,08:00:00,19
2021-10-17,10:00:00,31
2021-10-17,13:00:00,18
2021-10-18,05:00:00,49
2021-10-18,08:00:00,26
2021-10-18,10:00:00,46
2021-10-18,13:00:00,31
2021-10-19,05:00:00,48
2021-10-19,08:00:00,18
2021-10-20,05:00:00,42
2021-10-20,08:00:00,11
2021-10-20,10:00:00,14
2021-10-20,13:00:00,16
2021-10-21,05:00:00,16
2021-10-21,09:00:00,6
2021-10-21,10:00:00,26
2021-10-21,13:00:00,8
2021-10-22,09:00:00,17
2021-10-22,10:00:00,46
2021-10-22,13:00:00,23
2021-10-23,09:00:00,34
2021-10-24,05:00:00,49
2021-10-24,08:00:00,14
2021-10-24,10:00:00,44
2021-10-24,13:00:00,27
2021-10-25,05:00:00,35
2021-10-25,08:00:00,17
2021-10-25,10:00:00,35
2021-10-25,13:00:00,19
2021-10-26,05:00:00,21
2021-10-26,08:00:00,29
2021-10-27,05:00:00,20
2021-10-27,09:00:00,15
2021-10-27,10:00:00,13
2021-10-27,14:00:00,8
2021-10-28,05:00:00,35
2021-10-28,08:00:00,5
2021-10-28,10:00:00,12
2021-10-28,13:00:00,10
2021-10-29,05:00:00,39
2021-10-29,09:00:00,14
2021-10-29,10:00:00,37
2021-10-29,14:00:00,17
2021-10-30,05:00:00,36
2021-10-30,09:00:00,24
2021-10-31,05:00:00,33
2021-10-31,08:00:00,11
2021-10-31,10:00:00,34
2021-10-31,13:00:00,13
2021-11-01,05:00:00,32
2021-11-01,08:00:00,8
2021-11-01,10:00:00,31
2021-11-01,13:00:00,21
2021-11-02,07:00:00,26
2021-11-02,08:00:00,16
2021-11-02,09:00:00,24
2021-11-02,10:00:00,3
2021-11-03,05:00:00,30
2021-11-03,09:00:00,7
2021-11-03,10:00:00,20
2021-11-03,14:00:00,11
2021-11-04,05:00:00,42
2021-11-04,09:00:00,33
2021-11-04,10:00:00,40
2021-11-04,14:00:00,21
2021-11-05,05:00:00,44
2021-11-05,10:00:00,39
2021-11-05,11:00:00,7
2021-11-05,14:00:00,15
2021-11-06,05:00:00,48
2021-11-06,09:00:00,24
2021-11-07,05:00:00,41
2021-11-07,08:00:00,22
2021-11-07,10:00:00,43
2021-11-07,13:00:00,20
2021-11-08,05:00:00,31
2021-11-08,08:00:00,11
2021-11-08,10:00:00,28
2021-11-08,13:00:00,15
2021-11-09,05:00:00,15
2021-11-09,08:00:00,14
2021-11-10,05:00:00,52
2021-11-10,08:00:00,22
2021-11-10,10:00:00,36
2021-11-10,13:00:00,14
2021-11-11,05:00:00,47
2021-11-11,08:00:00,10
2021-11-11,10:00:00,35
2021-11-11,13:00:00,17
2021-11-12,05:00:00,36
2021-11-12,08:00:00,33
2021-11-12,13:00:00,8
2021-11-13,05:00:00,45
2021-11-13,08:00:00,17
2021-11-14,05:00:00,49
2021-11-14,08:00:00,18
2021-11-14,10:00:00,45
2021-11-14,13:00:00,39
2021-11-15,05:00:00,42
2021-11-15,08:00:00,12
2021-11-15,10:00:00,26
2021-11-15,13:00:00,12
2021-11-16,05:00:00,27
2021-11-16,08:00:00,25
2021-11-17,05:00:00,31
2021-11-17,08:00:00,9
2021-11-17,10:00:00,23
2021-11-17,13:00:00,17
2021-11-18,05:00:00,44
2021-11-18,08:00:00,37
2021-11-18,10:00:00,43
2021-11-18,13:00:00,18
2021-11-19,05:00:00,27
2021-11-19,08:00:00,12
2021-11-19,10:00:00,17
2021-11-19,13:00:00,22
2021-11-20,05:00:00,25
2021-11-20,08:00:00,19
2021-11-21,08:00:00,16
2021-11-21,10:00:00,60
2021-11-21,13:00:00,19
2021-11-22,05:00:00,31
2021-11-22,08:00:00,14
2021-11-22,10:00:00,30
2021-11-22,13:00:00,10
2021-11-23,05:00:00,24
2021-11-23,09:00:00,18
2021-11-23,10:00:00,34
2021-11-24,05:00:00,39
2021-11-24,08:00:00,23
2021-11-24,10:00:00,41
2021-11-24,13:00:00,23
2021-11-25,09:00:00,46
2021-11-25,13:00:00,8
2021-11-26,09:00:00,6
2021-11-26,10:00:00,29
2021-11-26,13:00:00,18
2021-11-27,05:00:00,29
2021-11-27,09:00:00,17
2021-11-27,10:00:00,36
2021-11-28,05:00:00,27
2021-11-28,08:00:00,26
2021-11-28,10:00:00,45
2021-11-28,13:00:00,37
2021-11-29,05:00:00,20
2021-11-29,08:00:00,4
2021-11-29,10:00:00,30
2021-11-29,13:00:00,7
2021-11-30,05:00:00,45
2021-11-30,09:00:00,12
2021-12-01,05:00:00,28
2021-12-01,08:00:00,14
2021-12-01,13:00:00,7
2021-12-01,14:00:00,24
2021-12-02,08:00:00,16
2021-12-02,13:00:00,22
2021-12-02,14:00:00,30
2021-12-03,09:00:00,15
2021-12-03,13:00:00,16
2021-12-03,14:00:00,27
2021-12-04,09:00:00,23
2021-12-05,05:00:00,35
2021-12-05,08:00:00,26
2021-12-05,13:00:00,32
2021-12-05,14:00:00,28
2021-12-06,08:00:00,26
2021-12-06,13:00:00,12
2021-12-06,14:00:00,16
2021-12-07,05:00:00,37
2021-12-07,08:00:00,15
2021-12-08,08:00:00,33
2021-12-08,13:00:00,10
2021-12-08,14:00:00,31
2021-12-09,09:00:00,24
2021-12-09,13:00:00,19
2021-12-09,14:00:00,42
2021-12-10,09:00:00,35
2021-12-10,13:00:00,12
2021-12-10,14:00:00,25
2021-12-11,08:00:00,40
2021-12-12,05:00:00,24
2021-12-12,08:00:00,7
2021-12-12,14:00:00,32
2021-12-13,08:00:00,14
2021-12-13,13:00:00,17
2021-12-13,14:00:00,15
2021-12-14,05:00:00,24
2021-12-14,08:00:00,6
2021-12-15,08:00:00,15
2021-12-15,13:00:00,10
2021-12-16,09:00:00,16
2021-12-16,13:00:00,9
2021-12-16,14:00:00,47
2021-12-17,09:00:00,22
2021-12-17,13:00:00,20
2021-12-17,14:00:00,35
2021-12-18,08:00:00,35
2021-12-19,05:00:00,32
2021-12-19,08:00:00,8
2021-12-19,13:00:00,11
2021-12-19,14:00:00,26
2021-12-20,08:00:00,9
2021-12-20,13:00:00,11
2021-12-20,14:00:00,36
2021-12-21,05:00:00,44
2021-12-21,08:00:00,24
2021-12-22,08:00:00,21
2021-12-22,13:00:00,24
2021-12-22,14:00:00,40
2021-12-23,08:00:00,16
2021-12-23,13:00:00,12
2021-12-23,14:00:00,46
2021-12-24,08:00:00,11
2021-12-24,09:00:00,11
2021-12-24,13:00:00,20
2021-12-24,14:00:00,35
2021-12-24,15:00:00,1
2021-12-25,08:00:00,15
2021-12-25,09:00:00,14
2021-12-26,05:00:00,41
2021-12-26,08:00:00,17
2021-12-26,13:00:00,25
2021-12-26,14:00:00,48
2021-12-27,08:00:00,46
2021-12-27,13:00:00,45
2021-12-27,14:00:00,48
2021-12-28,08:00:00,22
2021-12-28,09:00:00,23
2021-12-29,08:00:00,12
2021-12-29,13:00:00,29
2021-12-29,14:00:00,46
2021-12-30,08:00:00,9
2021-12-30,13:00:00,51
2021-12-31,08:00:00,14
2021-12-31,09:00:00,13
2021-12-31,13:00:00,8
2021-12-31,14:00:00,8
2022-01-01,08:00:00,9
2022-01-01,09:00:00,10
2022-01-02,08:00:00,9
2022-01-02,13:00:00,11
2022-01-02,14:00:00,45
2022-01-03,08:00:00,7
2022-01-03,13:00:00,14
2022-01-03,14:00:00,33
2022-01-04,08:00:00,26
2022-01-05,08:00:00,16
2022-01-05,13:00:00,9
2022-01-06,08:00:00,27
2022-01-06,13:00:00,15
2022-01-07,08:00:00,9
2022-01-07,09:00:00,10
2022-01-07,13:00:00,7
2022-01-07,14:00:00,7
2022-01-08,08:00:00,7
2022-01-08,09:00:00,23
2022-01-09,08:00:00,10
2022-01-09,13:00:00,35
2022-01-10,08:00:00,13
2022-01-10,13:00:00,15
2022-01-11,08:00:00,10
2022-01-11,09:00:00,11
2022-01-12,08:00:00,10
2022-01-12,09:00:00,10
2022-01-12,13:00:00,9
2022-01-12,14:00:00,10
2022-01-13,08:00:00,8
2022-01-13,09:00:00,10
2022-01-13,13:00:00,14
2022-01-13,14:00:00,12
2022-01-14,08:00:00,14
2022-01-14,09:00:00,16
2022-01-14,13:00:00,9
2022-01-14,14:00:00,11
2022-01-15,08:00:00,17
2022-01-15,09:00:00,18
2022-01-16,08:00:00,5
2022-01-16,09:00:00,7
2022-01-16,13:00:00,4
2022-01-16,14:00:00,6
2022-01-17,08:00:00,7
2022-01-17,09:00:00,8
2022-01-17,13:00:00,9
2022-01-17,14:00:00,9
2022-01-18,08:00:00,11
2022-01-18,09:00:00,11
2022-01-19,08:00:00,13
2022-01-19,09:00:00,13
2022-01-19,13:00:00,6
2022-01-19,14:00:00,6
2022-01-20,08:00:00,10
2022-01-20,09:00:00,12
2022-01-20,13:00:00,13
2022-01-20,14:00:00,11
2022-01-21,08:00:00,10
2022-01-21,09:00:00,10
2022-01-21,13:00:00,11
2022-01-21,14:00:00,12
2022-01-22,08:00:00,8
2022-01-22,09:00:00,10
2022-01-23,08:00:00,12
2022-01-23,09:00:00,11
2022-01-24,08:00:00,13
2022-01-24,09:00:00,11
2022-01-25,08:00:00,26
2022-01-26,08:00:00,21
2022-01-26,09:00:00,21
2022-01-27,08:00:00,16
2022-01-27,09:00:00,16
2022-01-28,09:00:00,13
2022-01-28,13:00:00,17
2022-01-29,08:00:00,18
2022-01-30,08:00:00,16
2022-01-30,13:00:00,17
2022-01-31,08:00:00,7
2022-01-31,09:00:00,4
2022-01-31,13:00:00,4
2022-01-31,14:00:00,2
2022-02-01,08:00:00,26
2022-02-02,08:00:00,7
2022-02-02,14:00:00,14
2022-02-03,08:00:00,11
2022-02-03,09:00:00,11
2022-02-03,13:00:00,6
2022-02-03,14:00:00,6
2022-02-04,08:00:00,8
2022-02-04,09:00:00,9
2022-02-04,13:00:00,5
2022-02-04,14:00:00,6
2022-02-05,08:00:00,9
2022-02-05,09:00:00,11
2022-02-06,08:00:00,12
2022-02-06,13:00:00,7
2022-02-07,08:00:00,13
2022-02-07,13:00:00,12
2022-02-08,08:00:00,24
2022-02-09,08:00:00,14
2022-02-09,09:00:00,14
2022-02-09,13:00:00,9
2022-02-09,14:00:00,8
2022-02-10,08:00:00,19
2022-02-10,09:00:00,19
2022-02-10,13:00:00,13
2022-02-10,14:00:00,11
2022-02-11,08:00:00,9
2022-02-11,09:00:00,9
2022-02-11,13:00:00,11
2022-02-11,14:00:00,10
2022-02-12,08:00:00,21
2022-02-13,08:00:00,9
2022-02-13,13:00:00,22
2022-02-14,08:00:00,17
2022-02-14,13:00:00,12
2022-02-15,08:00:00,28
2022-02-16,08:00:00,19
2022-02-16,09:00:00,18
2022-02-16,13:00:00,14
2022-02-16,14:00:00,13
2022-02-17,08:00:00,20
2022-02-17,09:00:00,20
2022-02-17,13:00:00,17
2022-02-17,14:00:00,19
2022-02-18,08:00:00,19
2022-02-18,09:00:00,18
2022-02-18,13:00:00,24
2022-02-18,14:00:00,23
2022-02-19,08:00:00,14
2022-02-19,09:00:00,16
2022-02-20,08:00:00,14
2022-02-20,13:00:00,29
2022-02-21,08:00:00,9
2022-02-21,13:00:00,24
2022-02-22,08:00:00,10
2022-02-22,09:00:00,9
2022-02-22,13:00:00,11
2022-02-23,08:00:00,9
2022-02-23,09:00:00,9
2022-02-23,13:00:00,11
2022-02-23,14:00:00,8
2022-02-24,08:00:00,25
2022-02-24,13:00:00,19
2022-02-25,08:00:00,13
2022-02-25,09:00:00,6
2022-02-25,13:00:00,18
2022-02-25,14:00:00,19
2022-02-26,08:00:00,11
2022-02-26,09:00:00,9
2022-02-27,08:00:00,17
2022-02-27,13:00:00,21
2022-02-28,08:00:00,16
2022-02-28,13:00:00,16
2022-03-01,08:00:00,25
2022-03-02,08:00:00,32
2022-03-02,13:00:00,12
2022-03-03,08:00:00,32
2022-03-03,13:00:00,18
2022-03-04,08:00:00,13
2022-03-04,09:00:00,11
2022-03-04,13:00:00,17
2022-03-04,14:00:00,9
2022-03-05,08:00:00,20
2022-03-05,09:00:00,15
2022-03-06,08:00:00,18
2022-03-06,13:00:00,25
2022-03-07,08:00:00,18
2022-03-07,13:00:00,21
2022-03-08,08:00:00,22
2022-03-09,08:00:00,26
2022-03-09,13:00:00,29
2022-03-10,08:00:00,20
2022-03-10,14:00:00,28
2022-03-11,08:00:00,12
2022-03-11,09:00:00,8
2022-03-11,13:00:00,20
2022-03-11,14:00:00,11
2022-03-12,08:00:00,15
2022-03-12,09:00:00,16
2022-03-13,08:00:00,20
2022-03-13,13:00:00,16
2022-03-14,08:00:00,20
2022-03-14,13:00:00,19
2022-03-15,08:00:00,19
2022-03-15,09:00:00,19
2022-03-16,08:00:00,22
2022-03-16,09:00:00,21
2022-03-16,13:00:00,15
2022-03-16,14:00:00,13
2022-03-17,08:00:00,13
2022-03-17,09:00:00,12
2022-03-17,13:00:00,20
2022-03-17,14:00:00,19
2022-03-18,08:00:00,12
2022-03-18,09:00:00,15
2022-03-18,13:00:00,14
2022-03-18,14:00:00,14
2022-03-19,08:00:00,20
2022-03-19,09:00:00,15
2022-03-20,08:00:00,28
2022-03-20,13:00:00,32
2022-03-21,08:00:00,12
2022-03-21,13:00:00,16
2022-03-22,08:00:00,11
2022-03-22,09:00:00,11
2022-03-23,08:00:00,14
2022-03-23,09:00:00,11
2022-03-23,13:00:00,14
2022-03-23,14:00:00,10
2022-03-24,08:00:00,14
2022-03-24,09:00:00,13
2022-03-24,13:00:00,18
2022-03-24,14:00:00,11
2022-03-25,08:00:00,11
2022-03-25,09:00:00,13
2022-03-25,13:00:00,10
2022-03-25,14:00:00,10
2022-03-26,08:00:00,13
2022-03-26,09:00:00,13
2022-03-27,08:00:00,13
2022-03-27,13:00:00,14
2022-03-28,08:00:00,12
2022-03-28,09:00:00,13
2022-03-28,13:00:00,4
2022-03-28,14:00:00,4
2022-03-29,08:00:00,10
2022-03-29,09:00:00,9
2022-03-30,08:00:00,8
2022-03-30,09:00:00,6
2022-03-30,15:00:00,23
2022-03-31,08:00:00,11
2022-03-31,09:00:00,11
2022-03-31,13:00:00,15
2022-03-31,14:00:00,14
2022-04-01,08:00:00,8
2022-04-01,09:00:00,9
2022-04-01,13:00:00,9
2022-04-01,14:00:00,9
2022-04-02,08:00:00,9
2022-04-02,09:00:00,9
2022-04-03,08:00:00,3
2022-04-03,13:00:00,26
2022-04-04,08:00:00,20
2022-04-04,13:00:00,23
2022-04-05,07:00:00,12
2022-04-05,08:00:00,11
2022-04-06,07:00:00,13
2022-04-06,08:00:00,11
2022-04-06,13:00:00,6
2022-04-06,14:00:00,7
2022-04-07,07:00:00,15
2022-04-07,08:00:00,13
2022-04-07,13:00:00,18
2022-04-07,14:00:00,16
2022-04-08,07:00:00,18
2022-04-08,08:00:00,18
2022-04-08,13:00:00,9
2022-04-08,14:00:00,8
2022-04-09,07:00:00,17
2022-04-09,08:00:00,15
2022-04-10,07:00:00,15
2022-04-10,08:00:00,9
2022-04-10,13:00:00,15
2022-04-10,14:00:00,13
2022-04-11,07:00:00,14
2022-04-11,08:00:00,3
2022-04-11,13:00:00,10
2022-04-11,14:00:00,6
2022-04-12,07:00:00,17
2022-04-12,08:00:00,14
2022-04-13,07:00:00,15
2022-04-13,08:00:00,16
2022-04-13,13:00:00,11
2022-04-13,14:00:00,11
2022-04-14,07:00:00,19
2022-04-14,08:00:00,19
2022-04-14,13:00:00,20
2022-04-14,14:00:00,20
2022-04-15,07:00:00,21
2022-04-15,08:00:00,21
2022-04-15,13:00:00,25
2022-04-15,14:00:00,24
2022-04-16,07:00:00,12
2022-04-16,08:00:00,11
2022-04-17,07:00:00,1
2022-04-17,13:00:00,14
2022-04-18,07:00:00,19
2022-04-18,13:00:00,30
2022-04-19,07:00:00,27
2022-04-20,07:00:00,16
2022-04-20,13:00:00,22
2022-04-21,07:00:00,20
2022-04-21,13:00:00,28
2022-04-22,07:00:00,15
2022-04-22,08:00:00,15
2022-04-22,13:00:00,13
2022-04-22,14:00:00,14
2022-04-23,07:00:00,26
2022-04-23,08:00:00,24
2022-04-24,07:00:00,35
2022-04-24,13:00:00,20
2022-04-25,07:00:00,20
2022-04-25,13:00:00,12
2022-04-26,07:00:00,13
2022-04-26,08:00:00,12
2022-04-27,07:00:00,12
2022-04-27,08:00:00,10
2022-04-28,07:00:00,18
2022-04-28,08:00:00,16
2022-04-28,13:00:00,19
2022-04-28,14:00:00,18
2022-04-29,07:00:00,14
2022-04-29,08:00:00,13
2022-04-29,13:00:00,17
2022-04-29,14:00:00,16
2022-04-30,07:00:00,11
2022-04-30,08:00:00,10
2022-05-01,07:00:00,18
2022-05-01,13:00:00,25
2022-05-02,07:00:00,33
2022-05-02,13:00:00,21
2022-05-03,07:00:00,24
2022-05-04,07:00:00,16
2022-05-04,08:00:00,19
2022-05-04,13:00:00,12
2022-05-04,14:00:00,4
2022-05-05,07:00:00,11
2022-05-05,08:00:00,10
2022-05-05,13:00:00,11
2022-05-05,14:00:00,11
2022-05-06,07:00:00,12
2022-05-06,08:00:00,12
2022-05-06,13:00:00,10
2022-05-06,14:00:00,10
2022-05-07,07:00:00,15
2022-05-07,08:00:00,11
2022-05-08,07:00:00,20
2022-05-08,13:00:00,30
2022-05-09,07:00:00,9
2022-05-09,08:00:00,10
2022-05-09,13:00:00,14
2022-05-09,14:00:00,16
2022-05-10,07:00:00,29
2022-05-11,07:00:00,15
2022-05-11,08:00:00,14
2022-05-11,13:00:00,12
2022-05-11,14:00:00,12
2022-05-12,07:00:00,15
2022-05-12,08:00:00,15
2022-05-12,13:00:00,9
2022-05-12,14:00:00,6
2022-05-13,07:00:00,17
2022-05-13,08:00:00,17
2022-05-13,13:00:00,20
2022-05-13,14:00:00,20
2022-05-14,07:00:00,14
2022-05-14,08:00:00,12
2022-05-15,07:00:00,16
2022-05-15,13:00:00,27
2022-05-16,07:00:00,31
2022-05-16,13:00:00,28
2022-05-17,07:00:00,25
2022-05-18,07:00:00,12
2022-05-18,13:00:00,40
2022-05-19,07:00:00,43
2022-05-19,13:00:00,36
2022-05-20,07:00:00,25
2022-05-20,08:00:00,23
2022-05-20,13:00:00,19
2022-05-20,14:00:00,17
2022-05-21,07:00:00,21
2022-05-21,08:00:00,21
2022-05-22,07:00:00,19
2022-05-22,13:00:00,40
2022-05-23,07:00:00,39
2022-05-23,13:00:00,47
2022-05-24,07:00:00,44
2022-05-25,07:00:00,17
2022-05-25,08:00:00,17
2022-05-25,13:00:00,17
2022-05-25,14:00:00,18
2022-05-26,07:00:00,19
2022-05-26,08:00:00,20
2022-05-26,13:00:00,16
2022-05-26,14:00:00,17
2022-05-27,07:00:00,19
2022-05-27,08:00:00,18
2022-05-27,13:00:00,12
2022-05-27,14:00:00,11
2022-05-28,07:00:00,19
2022-05-28,08:00:00,18
2022-05-29,07:00:00,12
2022-05-29,13:00:00,30
2022-05-30,07:00:00,9
2022-05-30,08:00:00,6
2022-05-30,13:00:00,22
2022-05-30,14:00:00,10
2022-05-31,07:00:00,16
2022-05-31,08:00:00,15
2022-06-01,07:00:00,12
2022-06-01,08:00:00,10
2022-06-01,13:00:00,11
2022-06-01,14:00:00,9
2022-06-02,07:00:00,22
2022-06-02,13:00:00,27
2022-06-03,07:00:00,15
2022-06-03,08:00:00,16
2022-06-03,13:00:00,15
2022-06-03,14:00:00,15
2022-06-04,07:00:00,18
2022-06-04,08:00:00,17
2022-06-05,07:00:00,36
2022-06-05,13:00:00,30
2022-06-06,07:00:00,15
2022-06-06,08:00:00,16
2022-06-06,13:00:00,17
2022-06-06,14:00:00,13
2022-06-07,07:00:00,15
2022-06-07,08:00:00,13
2022-06-08,07:00:00,11
2022-06-08,08:00:00,10
2022-06-08,13:00:00,16
2022-06-08,14:00:00,16
2022-06-09,07:00:00,15
2022-06-09,08:00:00,13
2022-06-09,13:00:00,14
2022-06-09,14:00:00,15
2022-06-10,07:00:00,20
2022-06-10,08:00:00,19
2022-06-10,13:00:00,16
2022-06-10,14:00:00,15
2022-06-11,07:00:00,14
2022-06-11,08:00:00,14
2022-06-12,06:00:00,7
2022-06-12,07:00:00,9
2022-06-12,13:00:00,16
2022-06-12,14:00:00,14
2022-06-13,07:00:00,12
2022-06-13,08:00:00,12
2022-06-13,13:00:00,12
2022-06-13,14:00:00,8
2022-06-14,07:00:00,14
2022-06-14,08:00:00,12
2022-06-15,07:00:00,12
2022-06-15,08:00:00,5
2022-06-15,13:00:00,8
2022-06-15,14:00:00,7
2022-06-16,07:00:00,17
2022-06-16,08:00:00,17
2022-06-16,13:00:00,12
2022-06-16,14:00:00,12
2022-06-17,07:00:00,16
2022-06-17,08:00:00,15
2022-06-17,13:00:00,12
2022-06-17,14:00:00,10
2022-06-19,07:00:00,12
2022-06-19,08:00:00,11
2022-06-19,13:00:00,18
2022-06-19,14:00:00,17
2022-06-20,07:00:00,33
2022-06-20,13:00:00,47
2022-06-21,07:00:00,17
2022-06-21,08:00:00,16
2022-06-22,07:00:00,19
2022-06-22,08:00:00,18
2022-06-22,13:00:00,15
2022-06-22,14:00:00,14
2022-06-23,07:00:00,39
2022-06-23,13:00:00,19
2022-06-24,07:00:00,27
2022-06-24,08:00:00,19
2022-06-24,13:00:00,18
2022-06-24,14:00:00,17
2022-06-25,07:00:00,19
2022-06-25,08:00:00,17
2022-06-26,07:00:00,34
2022-06-26,13:00:00,42
2022-06-27,07:00:00,45
2022-06-27,13:00:00,49
2022-06-28,07:00:00,25
2022-06-28,08:00:00,20
2022-06-29,07:00:00,21
2022-06-29,08:00:00,18
2022-06-29,13:00:00,14
2022-06-29,14:00:00,14
2022-06-30,07:00:00,22
2022-06-30,13:00:00,17
2022-07-01,07:00:00,14
2022-07-01,08:00:00,13
2022-07-01,13:00:00,14
2022-07-01,14:00:00,16
2022-07-03,07:00:00,15
2022-07-03,13:00:00,14
2022-07-04,07:00:00,23
2022-07-04,13:00:00,44
2022-07-05,07:00:00,22
2022-07-05,08:00:00,23
2022-07-06,07:00:00,20
2022-07-06,08:00:00,18
2022-07-06,13:00:00,25
2022-07-06,14:00:00,24
2022-07-07,07:00:00,23
2022-07-07,08:00:00,23
2022-07-07,13:00:00,21
2022-07-07,14:00:00,20
2022-07-08,07:00:00,21
2022-07-08,08:00:00,21
2022-07-08,13:00:00,16
2022-07-08,14:00:00,17
2022-07-09,07:00:00,22
2022-07-09,08:00:00,24
2022-07-10,07:00:00,39
2022-07-10,13:00:00,41
2022-07-11,07:00:00,34
2022-07-11,13:00:00,27
2022-07-12,07:00:00,18
2022-07-12,08:00:00,19
2022-07-13,07:00:00,21
2022-07-13,08:00:00,12
2022-07-13,13:00:00,9
2022-07-13,14:00:00,8
2022-07-14,07:00:00,18
2022-07-14,08:00:00,17
2022-07-14,13:00:00,13
2022-07-14,14:00:00,12
2022-07-15,07:00:00,16
2022-07-15,08:00:00,15
2022-07-15,13:00:00,11
2022-07-15,14:00:00,10
2022-07-16,07:00:00,18
2022-07-16,08:00:00,17
2022-07-17,07:00:00,19
2022-07-17,08:00:00,11
2022-07-17,13:00:00,20
2022-07-17,14:00:00,25
2022-07-18,07:00:00,11
2022-07-18,08:00:00,10
2022-07-18,13:00:00,9
2022-07-18,14:00:00,8
2022-07-19,07:00:00,15
2022-07-19,08:00:00,14
2022-07-20,07:00:00,20
2022-07-20,08:00:00,19
2022-07-20,13:00:00,21
2022-07-20,14:00:00,20
2022-07-21,07:00:00,15
2022-07-21,08:00:00,13
2022-07-21,13:00:00,19
2022-07-21,14:00:00,18
2022-07-22,07:00:00,16
2022-07-22,08:00:00,15
2022-07-22,13:00:00,21
2022-07-22,14:00:00,20
2022-07-23,07:00:00,23
2022-07-23,08:00:00,25
2022-07-24,07:00:00,21
2022-07-24,08:00:00,10
2022-07-24,13:00:00,19
2022-07-24,14:00:00,7
2022-07-25,09:00:00,28
2022-07-25,14:00:00,32
2022-07-26,07:00:00,16
2022-07-26,08:00:00,16
2022-07-27,07:00:00,14
2022-07-27,08:00:00,13
2022-07-27,13:00:00,12
2022-07-27,14:00:00,11
2022-07-28,07:00:00,13
2022-07-28,08:00:00,12
2022-07-28,13:00:00,13
2022-07-28,14:00:00,13
2022-07-29,07:00:00,12
2022-07-29,08:00:00,10
2022-07-29,13:00:00,15
2022-07-29,14:00:00,13
2022-07-30,07:00:00,17
2022-07-30,08:00:00,16
2022-07-31,07:00:00,8
2022-07-31,08:00:00,8
2022-07-31,13:00:00,17
2022-07-31,14:00:00,12
2022-08-01,07:00:00,18
2022-08-01,08:00:00,16
2022-08-01,13:00:00,15
2022-08-01,14:00:00,16
2022-08-02,07:00:00,15
2022-08-02,08:00:00,13
2022-08-03,07:00:00,23
2022-08-03,13:00:00,23
2022-08-04,07:00:00,16
2022-08-04,08:00:00,14
2022-08-04,13:00:00,10
2022-08-04,14:00:00,9
2022-08-05,07:00:00,19
2022-08-05,08:00:00,20
2022-08-05,13:00:00,15
2022-08-05,14:00:00,17
2022-08-06,07:00:00,20
2022-08-06,08:00:00,14
2022-08-07,07:00:00,33
2022-08-07,13:00:00,36
2022-08-08,07:00:00,24
2022-08-08,13:00:00,19
2022-08-09,07:00:00,32
2022-08-10,07:00:00,19
2022-08-10,13:00:00,12
2022-08-11,07:00:00,21
2022-08-11,13:00:00,23
2022-08-12,07:00:00,8
2022-08-12,08:00:00,8
2022-08-12,13:00:00,14
2022-08-12,14:00:00,15
2022-08-13,07:00:00,14
2022-08-13,08:00:00,12
2022-08-14,07:00:00,13
2022-08-14,13:00:00,24
2022-08-15,07:00:00,24
2022-08-15,13:00:00,17
2022-08-16,07:00:00,19
2022-08-17,07:00:00,9
2022-08-17,08:00:00,8
2022-08-17,13:00:00,10
2022-08-17,14:00:00,7
2022-08-18,07:00:00,16
2022-08-18,08:00:00,15
2022-08-18,13:00:00,8
2022-08-18,14:00:00,8
2022-08-19,07:00:00,8
2022-08-19,08:00:00,6
2022-08-19,13:00:00,12
2022-08-19,14:00:00,11
2022-08-20,07:00:00,11
2022-08-20,08:00:00,9
2022-08-21,07:00:00,11
2022-08-21,08:00:00,10
2022-08-21,13:00:00,14
2022-08-21,14:00:00,14
2022-08-22,07:00:00,11
2022-08-22,08:00:00,11
2022-08-22,13:00:00,10
2022-08-22,14:00:00,10
2022-08-23,07:00:00,13
2022-08-23,08:00:00,15
2022-08-24,07:00:00,10
2022-08-24,08:00:00,7
2022-08-24,13:00:00,7
2022-08-24,14:00:00,6
2022-08-25,07:00:00,12
2022-08-25,08:00:00,11
2022-08-25,13:00:00,12
2022-08-25,14:00:00,8
2022-08-26,07:00:00,7
2022-08-26,08:00:00,6
2022-08-26,13:00:00,13
2022-08-26,14:00:00,11
2022-08-27,07:00:00,12
2022-08-27,08:00:00,11
2022-08-28,07:00:00,24
2022-08-28,13:00:00,12
2022-08-29,07:00:00,22
2022-08-29,13:00:00,9
2022-08-30,07:00:00,13
2022-08-30,08:00:00,12
2022-08-31,07:00:00,19
2022-08-31,13:00:00,6
2022-09-01,07:00:00,17
2022-09-01,08:00:00,16
2022-09-02,07:00:00,11
2022-09-02,08:00:00,10
2022-09-02,13:00:00,15
2022-09-02,14:00:00,14
2022-09-03,07:00:00,13
2022-09-03,08:00:00,13
2022-09-04,07:00:00,12
2022-09-04,13:00:00,19
2022-09-05,07:00:00,24
2022-09-05,13:00:00,24
2022-09-06,07:00:00,14
2022-09-06,08:00:00,13
2022-09-07,07:00:00,11
2022-09-07,08:00:00,10
2022-09-07,15:00:00,12
2022-09-08,07:00:00,16
2022-09-08,08:00:00,14
2022-09-08,16:00:00,7
2022-09-08,17:00:00,6
2022-09-09,07:00:00,13
2022-09-09,08:00:00,11
2022-09-09,15:00:00,11
2022-09-09,16:00:00,10
2022-09-10,07:00:00,10
2022-09-10,08:00:00,11
2022-09-10,09:00:00,16
2022-09-11,07:00:00,18
2022-09-11,15:00:00,24
2022-09-12,07:00:00,24
2022-09-12,15:00:00,13
2022-09-13,07:00:00,14
2022-09-13,08:00:00,13
2022-09-14,07:00:00,25
2022-09-14,15:00:00,15
2022-09-15,07:00:00,47
2022-09-15,15:00:00,16
2022-09-16,07:00:00,15
2022-09-16,08:00:00,14
2022-09-16,15:00:00,13
2022-09-17,07:00:00,9
2022-09-17,08:00:00,9
2022-09-18,07:00:00,40
2022-09-18,15:00:00,35
2022-09-19,07:00:00,25
2022-09-19,15:00:00,28
2022-09-20,07:00:00,19
2022-09-20,08:00:00,18
2022-09-21,07:00:00,18
2022-09-21,08:00:00,17
2022-09-21,15:00:00,32
2022-09-22,07:00:00,25
2022-09-22,08:00:00,25
2022-09-22,15:00:00,23
2022-09-23,07:00:00,10
2022-09-23,08:00:00,10
2022-09-23,15:00:00,21
2022-09-24,07:00:00,16
2022-09-24,08:00:00,16
2022-09-25,07:00:00,50
2022-09-25,15:00:00,49
2022-09-26,07:00:00,38
2022-09-26,15:00:00,22
2022-09-27,07:00:00,32
2022-09-28,07:00:00,47
2022-09-28,15:00:00,14
2022-09-29,07:00:00,10
2022-09-29,08:00:00,12
2022-09-29,15:00:00,13
2022-09-30,07:00:00,21
2022-09-30,08:00:00,19
2022-09-30,15:00:00,22
2022-10-01,07:00:00,14
2022-10-01,08:00:00,12
2022-10-02,07:00:00,44
2022-10-02,15:00:00,24
2022-10-03,07:00:00,31
2022-10-03,15:00:00,20
2022-10-04,07:00:00,11
2022-10-04,08:00:00,10
2022-10-05,07:00:00,19
2022-10-05,08:00:00,19
2022-10-05,15:00:00,20
2022-10-06,07:00:00,19
2022-10-06,08:00:00,19
2022-10-06,15:00:00,31
2022-10-07,07:00:00,15
2022-10-07,08:00:00,16
2022-10-07,15:00:00,14
2022-10-08,07:00:00,10
2022-10-08,08:00:00,9
2022-10-09,07:00:00,23
2022-10-09,08:00:00,20
2022-10-09,15:00:00,28
2022-10-10,07:00:00,18
2022-10-10,08:00:00,18
2022-10-10,15:00:00,24
2022-10-11,07:00:00,24
2022-10-12,07:00:00,11
2022-10-12,08:00:00,11
2022-10-12,15:00:00,19
2022-10-13,07:00:00,18
2022-10-13,08:00:00,17
2022-10-13,15:00:00,11
2022-10-14,07:00:00,14
2022-10-14,08:00:00,14
2022-10-14,15:00:00,16
2022-10-15,07:00:00,9
2022-10-15,08:00:00,9
2022-10-16,07:00:00,21
2022-10-16,08:00:00,22
2022-10-16,15:00:00,27
2022-10-17,07:00:00,28
2022-10-17,08:00:00,23
2022-10-17,15:00:00,46
2022-10-18,07:00:00,46
2022-10-19,07:00:00,24
2022-10-19,08:00:00,23
2022-10-19,15:00:00,14
2022-10-20,07:00:00,22
2022-10-20,08:00:00,23
2022-10-20,15:00:00,32
2022-10-21,07:00:00,16
2022-10-21,08:00:00,15
2022-10-21,15:00:00,36
2022-10-22,07:00:00,20
2022-10-22,08:00:00,20
2022-10-23,07:00:00,49
2022-10-23,15:00:00,46
2022-10-24,07:00:00,46
2022-10-24,15:00:00,24
2022-10-25,08:00:00,48
2022-10-26,07:00:00,25
2022-10-26,08:00:00,17
2022-10-26,15:00:00,37
2022-10-27,07:00:00,16
2022-10-27,08:00:00,15
2022-10-27,15:00:00,31
2022-10-28,07:00:00,12
2022-10-28,08:00:00,12
2022-10-28,15:00:00,12
2022-10-29,07:00:00,24
2022-10-29,08:00:00,22
2022-10-30,07:00:00,51
2022-10-30,15:00:00,40
2022-10-31,07:00:00,43
2022-10-31,15:00:00,24
2022-11-01,07:00:00,11
2022-11-01,08:00:00,9
2022-11-01,15:00:00,8
2022-11-01,16:00:00,6
2022-11-02,07:00:00,41
2022-11-02,15:00:00,13
2022-11-03,07:00:00,49
2022-11-04,07:00:00,24
2022-11-04,08:00:00,24
2022-11-04,15:00:00,11
2022-11-04,16:00:00,9
2022-11-05,07:00:00,25
2022-11-05,08:00:00,24
2022-11-05,15:00:00,7
2022-11-06,07:00:00,47
2022-11-06,15:00:00,42
2022-11-07,07:00:00,46
2022-11-08,07:00:00,23
2022-11-08,08:00:00,21
2022-11-08,15:00:00,9
2022-11-08,16:00:00,5
2022-11-09,07:00:00,49
2022-11-09,15:00:00,49
2022-11-10,07:00:00,37
2022-11-11,07:00:00,24
2022-11-11,08:00:00,24
2022-11-11,15:00:00,12
2022-11-11,16:00:00,11
2022-11-12,07:00:00,15
2022-11-12,08:00:00,15
2022-11-12,15:00:00,22
2022-11-13,07:00:00,49
2022-11-13,15:00:00,49
2022-11-14,07:00:00,46
2022-11-15,07:00:00,34
2022-11-15,15:00:00,16
2022-11-16,07:00:00,30
2022-11-16,15:00:00,41
2022-11-17,08:00:00,49
2022-11-18,07:00:00,19
2022-11-18,08:00:00,19
2022-11-18,16:00:00,12
2022-11-19,07:00:00,17
2022-11-19,08:00:00,18
2022-11-19,15:00:00,4
2022-11-19,16:00:00,5
2022-11-20,07:00:00,46
2022-11-20,15:00:00,31
2022-11-21,07:00:00,36
2022-11-22,07:00:00,21
2022-11-22,08:00:00,17
2022-11-22,15:00:00,11
2022-11-22,16:00:00,12
2022-11-23,07:00:00,21
2022-11-23,08:00:00,17
2022-11-23,15:00:00,21
2022-11-24,07:00:00,15
2022-11-25,07:00:00,15
2022-11-25,08:00:00,14
2022-11-25,15:00:00,17
2022-11-26,07:00:00,14
2022-11-26,08:00:00,15
2022-11-26,15:00:00,29
2022-11-27,07:00:00,31
2022-11-27,15:00:00,28
2022-11-28,07:00:00,15
2022-11-28,08:00:00,15
2022-11-29,07:00:00,25
2022-11-29,15:00:00,8
2022-11-30,07:00:00,23
2022-11-30,15:00:00,21
2022-12-01,07:00:00,50
2022-12-02,07:00:00,19
2022-12-02,08:00:00,19
2022-12-02,15:00:00,18
2022-12-03,07:00:00,16
2022-12-03,08:00:00,16
2022-12-03,15:00:00,11
2022-12-04,07:00:00,51
2022-12-04,15:00:00,23
2022-12-05,07:00:00,47
2022-12-06,07:00:00,35
2022-12-06,15:00:00,15
2022-12-07,07:00:00,30
2022-12-07,15:00:00,17
2022-12-08,07:00:00,38
2022-12-09,07:00:00,16
2022-12-09,08:00:00,16
2022-12-09,15:00:00,5
2022-12-09,16:00:00,5
2022-12-10,07:00:00,16
2022-12-10,08:00:00,16
2022-12-10,15:00:00,6
2022-12-11,07:00:00,23
2022-12-11,15:00:00,33
2022-12-12,07:00:00,35
2022-12-13,07:00:00,18
2022-12-14,07:00:00,0
2022-12-15,07:00:00,0
2022-12-16,07:00:00,0
2022-12-17,07:00:00,0
2022-12-18,15:00:00,27
2022-12-19,07:00:00,16
2022-12-19,08:00:00,16
2022-12-20,07:00:00,25
2022-12-20,15:00:00,17
2022-12-21,07:00:00,34
2022-12-21,16:00:00,22
2022-12-22,07:00:00,0
2022-12-23,07:00:00,19
2022-12-23,08:00:00,19
2022-12-23,15:00:00,25
2022-12-24,07:00:00,8
2022-12-24,08:00:00,7
2022-12-24,15:00:00,9
2022-12-25,07:00:00,35
2022-12-25,16:00:00,17
2022-12-26,07:00:00,48
2022-12-27,07:00:00,34
2022-12-27,15:00:00,27
2022-12-28,07:00:00,33
2022-12-28,15:00:00,36
2022-12-29,12:00:00,18
2022-12-30,07:00:00,12
2022-12-30,08:00:00,13
2022-12-30,16:00:00,23
2022-12-31,07:00:00,10
2022-12-31,08:00:00,9
2022-12-31,15:00:00,4
2023-01-01,07:00:00,11
2023-01-01,08:00:00,11
2023-01-01,15:00:00,17
2023-01-02,07:00:00,18
2023-01-03,07:00:00,30
2023-01-03,15:00:00,11
2023-01-04,07:00:00,30
2023-01-04,15:00:00,16
2023-01-05,07:00:00,23
2023-01-06,07:00:00,16
2023-01-06,08:00:00,15
2023-01-06,15:00:00,10
2023-01-06,16:00:00,10
2023-01-07,07:00:00,12
2023-01-07,08:00:00,14
2023-01-07,14:00:00,12
2023-01-08,07:00:00,37
2023-01-08,15:00:00,19
2023-01-09,07:00:00,28
2023-01-10,07:00:00,19
2023-01-10,15:00:00,4
2023-01-11,07:00:00,20
2023-01-11,15:00:00,17
2023-01-12,07:00:00,19
2023-01-12,08:00:00,20
2023-01-13,08:00:00,13
2023-01-13,09:00:00,12
2023-01-13,15:00:00,8
2023-01-13,16:00:00,9
2023-01-14,07:00:00,8
2023-01-14,08:00:00,9
2023-01-14,15:00:00,4
2023-01-15,07:00:00,25
2023-01-15,15:00:00,16
2023-01-16,07:00:00,19
2023-01-17,07:00:00,14
2023-01-17,15:00:00,8
2023-01-18,07:00:00,21
2023-01-18,16:00:00,10
2023-01-19,07:00:00,13
2023-01-19,08:00:00,12
2023-01-20,07:00:00,22
2023-01-20,08:00:00,23
2023-01-20,15:00:00,14
2023-01-21,07:00:00,6
2023-01-21,08:00:00,5
2023-01-21,15:00:00,8
2023-01-22,07:00:00,13
2023-01-22,15:00:00,9
2023-01-23,07:00:00,22
2023-01-24,07:00:00,16
2023-01-25,07:00:00,8
2023-01-25,15:00:00,10
2023-01-26,07:00:00,28
2023-01-27,07:00:00,10
2023-01-27,08:00:00,11
2023-01-27,15:00:00,16
2023-01-28,07:00:00,13
2023-01-28,08:00:00,15
2023-01-28,15:00:00,1
2023-01-29,07:00:00,20
2023-01-29,15:00:00,11
2023-01-30,07:00:00,30
2023-01-31,07:00:00,20
2023-01-31,15:00:00,7
2023-02-01,07:00:00,26
2023-02-01,15:00:00,10
2023-02-02,07:00:00,15
2023-02-03,07:00:00,16
2023-02-03,08:00:00,15
2023-02-03,15:00:00,11
2023-02-04,07:00:00,16
2023-02-04,08:00:00,15
2023-02-04,15:00:00,2
2023-02-05,07:00:00,19
2023-02-05,15:00:00,15
2023-02-06,11:00:00,12
2023-02-07,07:00:00,27
2023-02-07,15:00:00,10
2023-02-08,07:00:00,12
2023-02-08,15:00:00,8
2023-02-09,07:00:00,32
2023-02-10,07:00:00,15
2023-02-10,08:00:00,13
2023-02-10,15:00:00,6
2023-02-10,16:00:00,6
2023-02-11,07:00:00,9
2023-02-11,08:00:00,10
2023-02-11,15:00:00,4
2023-02-12,07:00:00,30
2023-02-12,15:00:00,11
2023-02-13,07:00:00,30
2023-02-14,07:00:00,21
2023-02-14,15:00:00,12
2023-02-15,07:00:00,32
2023-02-15,15:00:00,16
2023-02-16,07:00:00,39
2023-02-17,07:00:00,19
2023-02-17,08:00:00,19
2023-02-17,15:00:00,15
2023-02-18,07:00:00,10
2023-02-18,08:00:00,10
2023-02-18,15:00:00,8
2023-02-19,07:00:00,24
2023-02-19,15:00:00,18
2023-02-20,07:00:00,28
2023-02-21,07:00:00,37
2023-02-21,15:00:00,21
2023-02-22,07:00:00,25
2023-02-22,15:00:00,8
2023-02-23,07:00:00,31
2023-02-24,07:00:00,22
2023-02-24,08:00:00,23
2023-02-24,15:00:00,12
2023-02-24,16:00:00,12
2023-02-25,07:00:00,6
2023-02-25,08:00:00,7
2023-02-25,15:00:00,2
2023-02-26,07:00:00,20
2023-02-26,15:00:00,9
2023-02-27,07:00:00,40
2023-02-28,07:00:00,22
2023-02-28,15:00:00,9
2023-03-01,07:00:00,22
2023-03-01,15:00:00,4
2023-03-02,07:00:00,35
2023-03-03,07:00:00,11
2023-03-03,08:00:00,10
2023-03-03,15:00:00,12
2023-03-03,16:00:00,11
2023-03-04,07:00:00,34
2023-03-04,15:00:00,15
2023-03-05,07:00:00,26
2023-03-05,15:00:00,16
2023-03-06,07:00:00,22
2023-03-07,07:00:00,25
2023-03-07,19:00:00,13
2023-03-08,07:00:00,19
2023-03-08,15:00:00,14
2023-03-09,07:00:00,39
2023-03-10,07:00:00,34
2023-03-10,15:00:00,10
2023-03-10,16:00:00,12
2023-03-11,07:00:00,25
2023-03-11,15:00:00,17
2023-03-12,07:00:00,21
2023-03-12,15:00:00,15
2023-03-13,07:00:00,25
2023-03-14,07:00:00,22
2023-03-14,15:00:00,23
2023-03-15,07:00:00,38
2023-03-15,15:00:00,23
2023-03-16,07:00:00,42
2023-03-17,07:00:00,31
2023-03-17,15:00:00,11
2023-03-18,07:00:00,17
2023-03-18,15:00:00,17
2023-03-19,07:00:00,6
2023-03-19,08:00:00,8
2023-03-19,15:00:00,19
2023-03-20,07:00:00,46
2023-03-21,07:00:00,24
2023-03-21,16:00:00,8
2023-03-22,07:00:00,22
2023-03-22,15:00:00,20
2023-03-23,07:00:00,27
2023-03-24,07:00:00,16
2023-03-24,15:00:00,6
2023-03-25,07:00:00,14
2023-03-25,15:00:00,10
2023-03-26,07:00:00,28
2023-03-26,15:00:00,15
2023-03-27,07:00:00,39
2023-03-28,07:00:00,31
2023-03-28,15:00:00,14
2023-03-29,07:00:00,18
2023-03-29,15:00:00,16
2023-03-30,07:00:00,21
2023-03-31,07:00:00,36
2023-04-01,07:00:00,31
2023-04-01,15:00:00,27
2023-04-02,07:00:00,26
2023-04-02,15:00:00,15
2023-04-03,07:00:00,23
2023-04-03,19:00:00,3
2023-04-04,07:00:00,0
2023-04-05,15:00:00,33
2023-04-06,07:00:00,45
2023-04-07,07:00:00,24
2023-04-07,08:00:00,24
2023-04-07,15:00:00,14
2023-04-07,16:00:00,12
2023-04-08,07:00:00,12
2023-04-08,15:00:00,5
2023-04-09,07:00:00,13
2023-04-09,15:00:00,17
2023-04-10,07:00:00,40
2023-04-11,07:00:00,32
2023-04-11,15:00:00,11
2023-04-12,07:00:00,30
2023-04-12,15:00:00,14
2023-04-13,07:00:00,29
2023-04-14,07:00:00,30
2023-04-14,15:00:00,5
2023-04-14,16:00:00,6
2023-04-15,07:00:00,22
2023-04-15,15:00:00,3
2023-04-16,07:00:00,18
2023-04-16,15:00:00,19
2023-04-17,07:00:00,24
2023-04-18,07:00:00,24
2023-04-18,15:00:00,8
2023-04-19,07:00:00,22
2023-04-19,15:00:00,21
2023-04-20,07:00:00,25
2023-04-21,07:00:00,15
2023-04-21,15:00:00,14
2023-04-22,07:00:00,26
2023-04-22,15:00:00,8
2023-04-23,07:00:00,30
2023-04-23,15:00:00,19
2023-04-24,07:00:00,28
2023-04-25,07:00:00,27
2023-04-25,16:00:00,20
2023-04-26,07:00:00,17
2023-04-26,15:00:00,27
2023-04-27,07:00:00,35
2023-04-28,07:00:00,17
2023-04-28,08:00:00,17
2023-04-28,15:00:00,8
2023-04-29,07:00:00,8
2023-04-29,08:00:00,8
2023-04-29,15:00:00,7
2023-04-30,07:00:00,24
2023-04-30,15:00:00,19
2023-05-01,07:00:00,39
2023-05-02,07:00:00,25
2023-05-02,16:00:00,6
2023-05-03,07:00:00,29
2023-05-03,15:00:00,17
2023-05-04,07:00:00,43
2023-05-05,07:00:00,23
2023-05-05,08:00:00,24
2023-05-05,15:00:00,14
2023-05-06,07:00:00,10
2023-05-06,08:00:00,11
2023-05-06,15:00:00,4
2023-05-07,07:00:00,13
2023-05-07,08:00:00,13
2023-05-07,15:00:00,23
2023-05-08,07:00:00,26
2023-05-09,07:00:00,26
2023-05-09,15:00:00,14
2023-05-10,07:00:00,32
2023-05-10,16:00:00,29
2023-05-11,08:00:00,38
2023-05-12,07:00:00,22
2023-05-12,08:00:00,23
2023-05-12,16:00:00,8
2023-05-13,07:00:00,9
2023-05-13,08:00:00,10
2023-05-13,15:00:00,13
2023-05-14,07:00:00,15
2023-05-14,15:00:00,21
2023-05-15,07:00:00,45
2023-05-16,07:00:00,26
2023-05-16,15:00:00,12
2023-05-17,07:00:00,27
2023-05-17,15:00:00,15
2023-05-18,07:00:00,39
2023-05-19,07:00:00,28
2023-05-19,08:00:00,23
2023-05-19,16:00:00,18
2023-05-19,17:00:00,18
2023-05-20,07:00:00,16
2023-05-20,08:00:00,17
2023-05-20,15:00:00,13
2023-05-21,07:00:00,14
2023-05-21,08:00:00,10
2023-05-21,16:00:00,40
2023-05-22,07:00:00,52
2023-05-23,07:00:00,32
2023-05-23,15:00:00,14
2023-05-24,07:00:00,15
2023-05-24,08:00:00,15
2023-05-24,15:00:00,26
2023-05-25,07:00:00,39
2023-05-26,09:00:00,40
2023-05-26,16:00:00,25
2023-05-27,07:00:00,20
2023-05-27,08:00:00,21
2023-05-27,15:00:00,10
2023-05-28,07:00:00,8
2023-05-28,08:00:00,8
2023-05-28,15:00:00,12
2023-05-28,16:00:00,12
2023-05-29,09:00:00,46
2023-05-30,07:00:00,15
2023-05-30,18:00:00,21
2023-05-31,10:00:00,23
2023-05-31,15:00:00,20
2023-06-01,07:00:00,44
2023-06-02,07:00:00,12
2023-06-02,08:00:00,11
2023-06-02,16:00:00,16
2023-06-03,07:00:00,15
2023-06-03,08:00:00,14
2023-06-03,15:00:00,14
2023-06-04,07:00:00,14
2023-06-04,08:00:00,14
2023-06-04,15:00:00,39
2023-06-05,07:00:00,42
2023-06-06,07:00:00,34
2023-06-06,15:00:00,14
2023-06-07,07:00:00,14
2023-06-07,15:00:00,22
2023-06-08,07:00:00,25
2023-06-08,08:00:00,21
2023-06-09,07:00:00,17
2023-06-09,08:00:00,17
2023-06-09,15:00:00,19
2023-06-10,07:00:00,12
2023-06-10,08:00:00,12
2023-06-10,15:00:00,21
2023-06-11,07:00:00,17
2023-06-11,08:00:00,15
2023-06-11,15:00:00,29
2023-06-12,07:00:00,46
2023-06-13,07:00:00,22
2023-06-13,15:00:00,12
2023-06-14,07:00:00,13
2023-06-14,08:00:00,16
2023-06-14,15:00:00,23
2023-06-15,07:00:00,43
2023-06-16,07:00:00,17
2023-06-16,08:00:00,18
2023-06-16,15:00:00,22
2023-06-17,07:00:00,15
2023-06-17,08:00:00,15
2023-06-17,15:00:00,18
2023-06-18,07:00:00,34
2023-06-18,15:00:00,34
2023-06-19,07:00:00,49
2023-06-20,07:00:00,23
2023-06-20,15:00:00,30
2023-06-21,07:00:00,11
2023-06-21,08:00:00,11
2023-06-21,15:00:00,15
2023-06-22,07:00:00,44
2023-06-23,07:00:00,31
2023-06-23,15:00:00,12
2023-06-23,16:00:00,11
2023-06-24,07:00:00,25
2023-06-24,15:00:00,10
2023-06-24,16:00:00,10
2023-06-25,07:00:00,33
2023-06-25,15:00:00,33
2023-06-26,07:00:00,43
2023-06-27,07:00:00,40
2023-06-27,16:00:00,32
2023-06-28,07:00:00,32
2023-06-28,15:00:00,27
2023-06-29,07:00:00,20
2023-06-30,07:00:00,34
2023-06-30,15:00:00,19
2023-07-01,07:00:00,43
2023-07-01,15:00:00,36
2023-07-02,07:00:00,28
2023-07-02,15:00:00,18
2023-07-03,07:00:00,13
2023-07-04,07:00:00,22
2023-07-04,15:00:00,25
2023-07-05,07:00:00,43
2023-07-05,15:00:00,47
2023-07-06,08:00:00,44
2023-07-07,13:00:00,37
2023-07-07,15:00:00,17
2023-07-07,16:00:00,17
2023-07-08,07:00:00,28
2023-07-08,15:00:00,19
2023-07-09,07:00:00,33
2023-07-09,15:00:00,21
2023-07-10,07:00:00,18
2023-07-10,08:00:00,19
2023-07-11,11:00:00,25
2023-07-11,16:00:00,10
2023-07-12,07:00:00,18
2023-07-12,15:00:00,24
2023-07-13,07:00:00,30
2023-07-14,07:00:00,48
2023-07-14,15:00:00,26
2023-07-15,15:00:00,30
2023-07-16,07:00:00,16
2023-07-16,15:00:00,24
2023-07-17,07:00:00,39
2023-07-18,07:00:00,23
2023-07-18,15:00:00,14
2023-07-19,07:00:00,27
2023-07-19,15:00:00,20
2023-07-20,07:00:00,27
2023-07-21,08:00:00,34
2023-07-21,15:00:00,12
2023-07-21,16:00:00,13
2023-07-22,07:00:00,28
2023-07-22,15:00:00,19
2023-07-23,07:00:00,18
2023-07-23,08:00:00,18
2023-07-23,16:00:00,29
2023-07-24,09:00:00,35
2023-07-25,07:00:00,29
2023-07-25,15:00:00,25
2023-07-26,10:00:00,44
2023-07-26,15:00:00,20
2023-07-27,07:00:00,30
2023-07-28,07:00:00,39
2023-07-28,15:00:00,19
2023-07-29,07:00:00,26
2023-07-29,15:00:00,13
2023-07-30,07:00:00,28
2023-07-30,15:00:00,31
2023-07-31,07:00:00,36
2023-08-01,07:00:00,38
2023-08-01,15:00:00,34
2023-08-02,07:00:00,35
2023-08-02,15:00:00,33
2023-08-03,07:00:00,49
2023-08-04,07:00:00,51
2023-08-04,16:00:00,26
2023-08-06,07:00:00,28
2023-08-06,15:00:00,23
2023-08-07,07:00:00,34
2023-08-08,06:00:00,27
2023-08-08,14:00:00,15
2023-08-09,07:00:00,16
2023-08-09,15:00:00,15
2023-08-10,07:00:00,27
2023-08-11,07:00:00,27
2023-08-11,15:00:00,22
2023-08-12,07:00:00,21
2023-08-12,15:00:00,20
2023-08-13,07:00:00,22
2023-08-13,15:00:00,12
2023-08-14,07:00:00,19
2023-08-15,07:00:00,49
2023-08-15,15:00:00,20
2023-08-16,07:00:00,23
2023-08-16,15:00:00,18
2023-08-17,07:00:00,28
2023-08-18,07:00:00,40
2023-08-18,15:00:00,21
2023-08-19,07:00:00,11
2023-08-19,15:00:00,11
2023-08-20,07:00:00,27
2023-08-20,15:00:00,31
2023-08-21,07:00:00,32
2023-08-22,07:00:00,19
2023-08-22,16:00:00,8
2023-08-23,07:00:00,28
2023-08-23,15:00:00,12
2023-08-24,07:00:00,29
2023-08-25,07:00:00,18
2023-08-25,15:00:00,11
2023-08-26,07:00:00,27
2023-08-26,15:00:00,13
2023-08-27,07:00:00,25
2023-08-27,15:00:00,14
2023-08-28,07:00:00,24
2023-08-29,07:00:00,20
2023-08-29,15:00:00,11
2023-08-30,07:00:00,16
2023-08-30,15:00:00,24
2023-08-31,07:00:00,47
2023-09-01,07:00:00,42
2023-09-01,15:00:00,21
2023-09-02,07:00:00,15
2023-09-02,15:00:00,3
2023-09-03,07:00:00,8
2023-09-03,15:00:00,6
2023-09-04,07:00:00,21
2023-09-05,07:00:00,19
2023-09-05,15:00:00,13
2023-09-06,07:00:00,29
2023-09-06,15:00:00,17
2023-09-07,07:00:00,30
2023-09-08,07:00:00,41
2023-09-08,16:00:00,19
2023-09-09,07:00:00,27
2023-09-09,15:00:00,12
2023-09-10,07:00:00,47
2023-09-10,15:00:00,24
2023-09-11,07:00:00,36
2023-09-12,07:00:00,33
2023-09-12,16:00:00,12
2023-09-13,07:00:00,37
2023-09-13,15:00:00,22
2023-09-14,07:00:00,29
2023-09-15,08:00:00,45
2023-09-15,16:00:00,27
2023-09-16,07:00:00,26
2023-09-16,15:00:00,9
2023-09-17,07:00:00,29
2023-09-17,15:00:00,35
2023-09-18,07:00:00,45
2023-09-19,07:00:00,31
2023-09-19,15:00:00,17
2023-09-20,07:00:00,37
2023-09-20,15:00:00,23
2023-09-21,07:00:00,45
2023-09-22,07:00:00,12
2023-09-22,15:00:00,11
2023-09-23,07:00:00,43
2023-09-23,15:00:00,11
2023-09-24,07:00:00,29
2023-09-24,15:00:00,18
2023-09-25,07:00:00,46
2023-09-26,07:00:00,29
2023-09-26,16:00:00,21
2023-09-27,07:00:00,34
2023-09-27,15:00:00,22
2023-09-28,07:00:00,34
2023-09-29,07:00:00,50
2023-09-29,15:00:00,28
2023-09-30,07:00:00,19
2023-09-30,15:00:00,15
2023-10-01,07:00:00,37
2023-10-01,15:00:00,37
2023-10-02,07:00:00,45
2023-10-03,07:00:00,24
2023-10-03,15:00:00,16
2023-10-04,07:00:00,42
2023-10-04,15:00:00,19
2023-10-05,07:00:00,50
2023-10-06,07:00:00,33
2023-10-06,15:00:00,27
2023-10-07,07:00:00,25
2023-10-07,15:00:00,12
2023-10-08,07:00:00,26
2023-10-08,16:00:00,14
2023-10-09,07:00:00,30
2023-10-10,07:00:00,23
2023-10-10,16:00:00,14
2023-10-11,07:00:00,25
2023-10-11,15:00:00,21
2023-10-12,07:00:00,37
2023-10-13,07:00:00,37
2023-10-13,15:00:00,20
2023-10-14,07:00:00,27
2023-10-14,15:00:00,25
2023-10-15,07:00:00,40
2023-10-15,15:00:00,20
2023-10-16,07:00:00,49
2023-10-17,07:00:00,30
2023-10-17,15:00:00,17
2023-10-18,07:00:00,35
2023-10-18,15:00:00,11
2023-10-19,07:00:00,48
2023-10-20,07:00:00,35
2023-10-20,15:00:00,14
2023-10-21,07:00:00,27
2023-10-21,15:00:00,19
2023-10-22,07:00:00,41
2023-10-22,15:00:00,44
2023-10-23,07:00:00,50
2023-10-24,07:00:00,58
2023-10-24,15:00:00,30
2023-10-25,07:00:00,33
2023-10-25,15:00:00,20
2023-10-26,07:00:00,46
2023-10-27,08:00:00,0
2023-10-27,17:00:00,54
2023-10-28,08:00:00,28
2023-10-28,15:00:00,14
2023-10-29,07:00:00,45
2023-10-29,15:00:00,29
2023-10-30,09:00:00,40
2023-10-31,07:00:00,48
2023-10-31,15:00:00,16
2023-11-01,07:00:00,52
2023-11-01,15:00:00,50
2023-11-02,07:00:00,51
2023-11-03,07:00:00,39
2023-11-03,15:00:00,31
2023-11-04,07:00:00,38
2023-11-04,15:00:00,21
2023-11-05,07:00:00,48
2023-11-05,15:00:00,44
2023-11-06,07:00:00,45
2023-11-07,07:00:00,38
2023-11-07,15:00:00,14
2023-11-08,07:00:00,59
2023-11-08,15:00:00,43
2023-11-09,07:00:00,49
2023-11-10,07:00:00,50
2023-11-10,15:00:00,38
2023-11-11,07:00:00,40
2023-11-11,15:00:00,37
2023-11-12,07:00:00,47
2023-11-12,15:00:00,31
2023-11-13,07:00:00,50
2023-11-14,08:00:00,41
2023-11-14,15:00:00,23
2023-11-15,08:00:00,24
2023-11-15,15:00:00,50
2023-11-16,08:00:00,54
2023-11-17,08:00:00,50
2023-11-17,15:00:00,34
2023-11-18,08:00:00,36
2023-11-18,15:00:00,29
2023-11-19,07:00:00,50
2023-11-19,15:00:00,33
2023-11-20,07:00:00,53
2023-11-21,07:00:00,51
2023-11-21,15:00:00,40
2023-11-22,08:00:00,38
2023-11-22,15:00:00,36
2023-11-23,08:00:00,11
2023-11-23,12:00:00,3
2023-11-24,13:00:00,20
2023-11-25,07:00:00,26
2023-11-25,15:00:00,32
2023-11-26,07:00:00,38
2023-11-26,15:00:00,34
2023-11-27,07:00:00,26
2023-11-28,08:00:00,39
2023-11-28,15:00:00,16
2023-11-29,08:00:00,32
2023-11-29,15:00:00,13
2023-11-30,07:00:00,47
2023-11-30,15:00:00,8
2023-12-01,07:00:00,39
2023-12-02,07:00:00,39
2023-12-02,15:00:00,13
2023-12-03,07:00:00,50
2023-12-03,16:00:00,14
2023-12-04,07:00:00,51
2023-12-05,07:00:00,36
2023-12-05,16:00:00,21
2023-12-06,07:00:00,13
2023-12-06,15:00:00,25
2023-12-07,07:00:00,51
2023-12-07,15:00:00,9
2023-12-08,07:00:00,32
2023-12-09,07:00:00,20
2023-12-09,15:00:00,19
2023-12-10,07:00:00,36
2023-12-10,15:00:00,2
2023-12-11,07:00:00,31
2023-12-12,07:00:00,31
2023-12-12,16:00:00,10
2023-12-13,07:00:00,43
2023-12-13,15:00:00,17
2023-12-14,07:00:00,40
2023-12-14,16:00:00,18
2023-12-15,07:00:00,32
2023-12-16,07:00:00,29
2023-12-16,15:00:00,10
2023-12-17,07:00:00,18
2023-12-17,15:00:00,4
2023-12-18,07:00:00,34
2023-12-19,08:00:00,32
2023-12-19,16:00:00,17
2023-12-20,09:00:00,26
2023-12-20,16:00:00,29
2023-12-21,07:00:00,30
2023-12-21,15:00:00,11
2023-12-22,07:00:00,36
2023-12-23,07:00:00,31
2023-12-23,15:00:00,30
2023-12-24,07:00:00,24
2023-12-24,15:00:00,6
2023-12-25,07:00:00,29
2023-12-26,07:00:00,18
2023-12-26,16:00:00,26
2023-12-27,08:00:00,48
2023-12-27,14:00:00,45
2023-12-28,07:00:00,41
2023-12-28,15:00:00,19
2023-12-29,07:00:00,31
2023-12-30,07:00:00,21
2023-12-30,15:00:00,22
2023-12-31,07:00:00,21
2023-12-31,15:00:00,7
2024-01-01,07:00:00,25
2024-01-02,07:00:00,13
2024-01-02,15:00:00,14
2024-01-03,07:00:00,7
2024-01-03,15:00:00,30
2024-01-04,07:00:00,30
2024-01-04,15:00:00,5
2024-01-05,07:00:00,42
2024-01-06,07:00:00,26
2024-01-06,15:00:00,11
2024-01-07,07:00:00,28
2024-01-07,15:00:00,10
2024-01-08,07:00:00,24
2024-01-09,07:00:00,27
2024-01-09,16:00:00,14
2024-01-10,07:00:00,26
2024-01-10,16:00:00,12
2024-01-11,07:00:00,36
2024-01-11,16:00:00,17
2024-01-12,07:00:00,40
2024-01-13,07:00:00,30
2024-01-13,15:00:00,6
2024-01-14,07:00:00,13
2024-01-14,15:00:00,8
2024-01-15,07:00:00,23
2024-01-16,07:00:00,17
2024-01-16,15:00:00,9
2024-01-17,07:00:00,22
2024-01-17,15:00:00,18
2024-01-18,07:00:00,27
2024-01-18,15:00:00,11
2024-01-19,07:00:00,48
2024-01-20,07:00:00,21
2024-01-20,15:00:00,7
2024-01-21,07:00:00,14
2024-01-21,15:00:00,4
2024-01-22,07:00:00,20
2024-01-23,07:00:00,29
2024-01-23,15:00:00,6
2024-01-24,07:00:00,15
2024-01-24,15:00:00,29
2024-01-25,07:00:00,22
2024-01-25,15:00:00,10
2024-01-26,12:00:00,25
2024-01-27,07:00:00,32
2024-01-27,15:00:00,7
2024-01-28,08:00:00,25
2024-01-28,15:00:00,5
2024-01-29,07:00:00,18
2024-01-30,07:00:00,21
2024-01-30,15:00:00,9
2024-01-31,07:00:00,16
2024-01-31,15:00:00,18
2024-02-01,07:00:00,36
2024-02-01,15:00:00,13
2024-02-02,07:00:00,37
2024-02-04,12:00:00,36
2024-02-05,14:00:00,42
2024-02-05,16:00:00,2
2024-02-06,07:00:00,24
2024-02-06,15:00:00,18
2024-02-07,10:00:00,25
2024-02-07,15:00:00,5
2024-02-08,07:00:00,25
2024-02-08,15:00:00,6
2024-02-09,07:00:00,37
2024-02-10,07:00:00,15
2024-02-10,15:00:00,6
2024-02-11,07:00:00,20
2024-02-11,15:00:00,7
2024-02-12,07:00:00,32
2024-02-13,07:00:00,25
2024-02-13,15:00:00,7
2024-02-14,07:00:00,20
2024-02-14,15:00:00,17
2024-02-15,07:00:00,49
2024-02-15,14:00:00,15
2024-02-16,07:00:00,46
2024-02-17,07:00:00,27
2024-02-17,15:00:00,18
2024-02-18,07:00:00,25
2024-02-18,15:00:00,6
2024-02-19,07:00:00,27
2024-02-20,07:00:00,15
2024-02-20,15:00:00,16
2024-02-21,07:00:00,17
2024-02-21,15:00:00,12
2024-02-22,07:00:00,25
2024-02-22,15:00:00,24
2024-02-23,07:00:00,28
2024-02-24,07:00:00,28
2024-02-24,15:00:00,11
2024-02-25,07:00:00,21
2024-02-25,15:00:00,3
2024-02-26,07:00:00,33
2024-02-27,07:00:00,20
2024-02-27,15:00:00,8
2024-02-28,07:00:00,15
2024-02-28,15:00:00,18
2024-02-29,07:00:00,18
2024-02-29,15:00:00,11
2024-03-01,07:00:00,42
2024-03-02,07:00:00,34
2024-03-02,15:00:00,10
2024-03-03,07:00:00,30
2024-03-03,15:00:00,8
2024-03-04,07:00:00,26
2024-03-05,07:00:00,19
2024-03-05,15:00:00,8
2024-03-06,07:00:00,29
2024-03-06,15:00:00,17
2024-03-07,07:00:00,24
2024-03-07,15:00:00,10
2024-03-08,07:00:00,19
2024-03-09,07:00:00,30
2024-03-09,15:00:00,17
2024-03-10,07:00:00,42
2024-03-10,15:00:00,4
2024-03-11,07:00:00,37
2024-03-12,07:00:00,20
2024-03-12,15:00:00,17
2024-03-13,07:00:00,22
2024-03-13,15:00:00,15
2024-03-14,07:00:00,25
2024-03-14,15:00:00,18
2024-03-15,07:00:00,40
2024-03-16,07:00:00,27
2024-03-16,15:00:00,5
2024-03-17,07:00:00,25
2024-03-18,07:00:00,14
2024-03-19,07:00:00,23
2024-03-19,15:00:00,13
2024-03-20,07:00:00,19
2024-03-20,15:00:00,9
2024-03-21,07:00:00,15
2024-03-21,15:00:00,8
2024-03-22,07:00:00,39
2024-03-23,07:00:00,15
2024-03-23,15:00:00,11
2024-03-24,07:00:00,21
2024-03-24,15:00:00,1
2024-03-25,06:00:00,1
2024-03-25,09:00:00,13
2024-03-25,13:00:00,13
2024-03-26,07:00:00,25
2024-03-26,15:00:00,13
2024-03-27,07:00:00,24
2024-03-27,15:00:00,22
2024-03-28,07:00:00,25
2024-03-28,15:00:00,18
2024-03-29,07:00:00,30
2024-03-30,07:00:00,5
2024-03-30,15:00:00,5
2024-03-31,08:00:00,11
2024-03-31,15:00:00,14
2024-04-01,07:00:00,25
2024-04-02,07:00:00,14
2024-04-02,15:00:00,13
2024-04-03,07:00:00,20
2024-04-03,15:00:00,13
2024-04-04,07:00:00,24
2024-04-04,15:00:00,10
2024-04-05,07:00:00,20
2024-04-06,07:00:00,14
2024-04-06,15:00:00,5
2024-04-07,07:00:00,21
2024-04-07,15:00:00,5
2024-04-08,07:00:00,17
2024-04-09,07:00:00,19
2024-04-09,15:00:00,6
2024-04-10,07:00:00,20
2024-04-11,07:00:00,29
2024-04-11,15:00:00,6
2024-04-12,07:00:00,37
2024-04-12,15:00:00,15
2024-04-13,07:00:00,19
2024-04-13,15:00:00,4
2024-04-14,07:00:00,18
2024-04-14,15:00:00,2
2024-04-15,07:00:00,22
2024-04-16,07:00:00,27
2024-04-16,15:00:00,7
2024-04-17,07:00:00,21
2024-04-18,07:00:00,39
2024-04-18,14:00:00,9
2024-04-19,07:00:00,25
2024-04-19,15:00:00,12
2024-04-20,07:00:00,15
2024-04-20,15:00:00,11
2024-04-21,07:00:00,36
2024-04-21,15:00:00,6
2024-04-22,07:00:00,29
2024-04-23,07:00:00,18
2024-04-23,15:00:00,13
2024-04-24,07:00:00,24
2024-04-25,07:00:00,28
2024-04-25,15:00:00,10
2024-04-26,07:00:00,27
2024-04-26,15:00:00,16
2024-04-27,07:00:00,13
2024-04-27,15:00:00,3
2024-04-28,07:00:00,32
2024-04-28,15:00:00,1
2024-04-29,07:00:00,25
2024-04-30,07:00:00,31
2024-04-30,15:00:00,11
2024-05-01,07:00:00,17
2024-05-02,07:00:00,32
2024-05-02,15:00:00,8
2024-05-03,07:00:00,34
2024-05-03,15:00:00,25
2024-05-04,07:00:00,23
2024-05-04,15:00:00,7
2024-05-05,07:00:00,29
2024-05-05,15:00:00,8
2024-05-06,07:00:00,41
2024-05-07,07:00:00,23
2024-05-07,15:00:00,23
2024-05-08,07:00:00,41
2024-05-09,07:00:00,33
2024-05-09,15:00:00,13
2024-05-10,07:00:00,32
2024-05-10,15:00:00,8
2024-05-11,07:00:00,12
2024-05-11,15:00:00,4
2024-05-12,07:00:00,28
2024-05-12,15:00:00,9
2024-05-13,07:00:00,38
2024-05-14,07:00:00,21
2024-05-14,15:00:00,8
2024-05-15,07:00:00,31
2024-05-16,07:00:00,25
2024-05-16,15:00:00,10
2024-05-17,07:00:00,48
2024-05-17,15:00:00,17
2024-05-18,07:00:00,23
2024-05-18,15:00:00,12
2024-05-19,07:00:00,35
2024-05-19,15:00:00,13
2024-05-20,07:00:00,45
2024-05-21,07:00:00,32
2024-05-21,15:00:00,18
2024-05-22,07:00:00,48
2024-05-23,07:00:00,48
2024-05-23,15:00:00,8
2024-05-24,07:00:00,37
2024-05-24,15:00:00,21
2024-05-25,07:00:00,21
2024-05-25,15:00:00,13
2024-05-26,07:00:00,26
2024-05-26,15:00:00,7
2024-05-27,07:00:00,46
2024-05-28,07:00:00,27
2024-05-28,15:00:00,14
2024-05-29,07:00:00,25
2024-05-30,07:00:00,14
2024-05-30,15:00:00,16
2024-05-31,07:00:00,25
2024-05-31,15:00:00,10
2024-06-01,07:00:00,13
2024-06-01,15:00:00,11
2024-06-02,07:00:00,38
2024-06-02,15:00:00,20
2024-06-03,07:00:00,29
2024-06-04,07:00:00,38
2024-06-04,15:00:00,14
2024-06-05,07:00:00,25
2024-06-06,07:00:00,36
2024-06-06,15:00:00,24
2024-06-07,07:00:00,25
2024-06-07,15:00:00,16
2024-06-08,07:00:00,27
2024-06-08,15:00:00,18
2024-06-09,07:00:00,30
2024-06-09,15:00:00,20
2024-06-10,07:00:00,46
2024-06-11,07:00:00,27
2024-06-11,15:00:00,30
2024-06-12,07:00:00,34
2024-06-13,07:00:00,26
2024-06-13,15:00:00,21
2024-06-14,07:00:00,40
2024-06-14,15:00:00,34
2024-06-15,07:00:00,27
2024-06-15,15:00:00,10
2024-06-16,07:00:00,20
2024-06-16,15:00:00,29
2024-06-17,07:00:00,31
2024-06-18,07:00:00,18
2024-06-18,15:00:00,22
2024-06-19,07:00:00,34
2024-06-20,07:00:00,26
2024-06-20,15:00:00,10
2024-06-21,07:00:00,30
2024-06-21,15:00:00,10
2024-06-22,07:00:00,21
2024-06-22,15:00:00,10
