Date,Hour,AKN ASAA SCP
2019-06-06,17:00:00,22
2019-06-07,17:00:00,35
2019-06-08,17:00:00,5
2019-06-09,17:00:00,23
2019-06-10,17:00:00,42
2019-06-11,17:00:00,26
2019-06-12,17:00:00,38
2019-06-13,17:00:00,36
2019-06-14,17:00:00,15
2019-06-15,17:00:00,31
2019-06-16,17:00:00,32
2019-06-17,17:00:00,27
2019-06-18,17:00:00,13
2019-06-19,17:00:00,17
2019-06-20,17:00:00,19
2019-06-21,17:00:00,29
2019-06-22,17:00:00,38
2019-06-23,17:00:00,32
2019-06-24,17:00:00,34
2019-06-25,17:00:00,39
2019-06-26,17:00:00,50
2019-06-27,17:00:00,45
2019-06-28,17:00:00,65
2019-06-29,17:00:00,49
2019-06-30,17:00:00,69
2019-07-01,17:00:00,39
2019-07-02,17:00:00,63
2019-07-03,17:00:00,83
2019-07-04,17:00:00,54
2019-07-05,17:00:00,50
2019-07-06,17:00:00,103
2019-07-07,17:00:00,118
2019-07-08,17:00:00,71
2019-07-09,16:00:00,11
2019-07-09,17:00:00,40
2019-07-10,17:00:00,51
2019-07-11,16:00:00,17
2019-07-11,17:00:00,60
2019-07-12,16:00:00,50
2019-07-12,17:00:00,58
2019-07-13,16:00:00,27
2019-07-13,17:00:00,100
2019-07-14,16:00:00,48
2019-07-14,17:00:00,50
2019-07-15,16:00:00,20
2019-07-15,17:00:00,65
2019-07-16,16:00:00,40
2019-07-16,17:00:00,61
2019-07-17,06:00:00,49
2019-07-17,07:00:00,70
2019-07-18,16:00:00,68
2019-07-18,17:00:00,76
2019-07-19,16:00:00,50
2019-07-19,17:00:00,82
2019-07-20,16:00:00,53
2019-07-20,17:00:00,107
2019-07-21,16:00:00,54
2019-07-21,17:00:00,70
2019-07-22,16:00:00,52
2019-07-22,17:00:00,95
2019-07-23,16:00:00,96
2019-07-23,17:00:00,51
2019-07-24,16:00:00,75
2019-07-24,17:00:00,69
2019-07-25,16:00:00,71
2019-07-25,17:00:00,87
2019-07-25,19:00:00,95
2019-07-25,20:00:00,74
2019-07-26,16:00:00,83
2019-07-26,17:00:00,80
2019-07-27,16:00:00,54
2019-07-27,17:00:00,34
2019-07-27,19:00:00,35
2019-07-27,20:00:00,105
2019-07-27,21:00:00,30
2019-07-28,16:00:00,67
2019-07-28,17:00:00,55
2019-07-29,16:00:00,71
2019-07-29,17:00:00,87
2019-07-30,13:00:00,105
2019-07-30,14:00:00,35
2019-07-30,16:00:00,75
2019-07-30,17:00:00,87
2019-07-31,16:00:00,77
2019-07-31,17:00:00,65
2019-08-01,16:00:00,80
2019-08-01,17:00:00,70
2019-08-02,16:00:00,76
2019-08-02,17:00:00,70
2019-08-03,16:00:00,49
2019-08-03,17:00:00,54
2019-08-04,16:00:00,61
2019-08-04,17:00:00,40
2019-08-05,16:00:00,75
2019-08-05,17:00:00,40
2020-05-19,17:00:00,23
2020-05-21,15:00:00,35
2020-05-26,15:00:00,5
2020-05-26,16:00:00,24
2020-05-26,17:00:00,2
2020-05-28,15:00:00,3
2020-05-28,16:00:00,27
2020-06-01,16:00:00,22
2020-06-02,15:00:00,18
2020-06-03,15:00:00,5
2020-06-04,08:00:00,10
2020-06-04,09:00:00,5
2020-06-04,15:00:00,16
2020-06-05,08:00:00,5
2020-06-05,09:00:00,8
2020-06-05,15:00:00,16
2020-06-05,16:00:00,8
2020-06-06,08:00:00,4
2020-06-06,12:00:00,2
2020-06-06,15:00:00,7
2020-06-07,08:00:00,8
2020-06-07,12:00:00,4
2020-06-07,15:00:00,11
2020-06-08,10:00:00,6
2020-06-08,15:00:00,8
2020-06-08,16:00:00,17
2020-06-09,15:00:00,4
2020-06-09,16:00:00,10
2020-06-10,08:00:00,1
2020-06-10,09:00:00,8
2020-06-10,15:00:00,9
2020-06-11,08:00:00,6
2020-06-11,09:00:00,1
2020-06-11,15:00:00,14
2020-06-11,16:00:00,8
2020-06-12,08:00:00,2
2020-06-12,09:00:00,6
2020-06-12,15:00:00,13
2020-06-12,16:00:00,6
2020-06-13,10:00:00,10
2020-06-13,15:00:00,6
2020-06-13,16:00:00,11
2020-06-14,10:00:00,15
2020-06-14,15:00:00,14
2020-06-14,16:00:00,7
2020-06-15,09:00:00,6
2020-06-15,10:00:00,2
2020-06-15,15:00:00,16
2020-06-15,16:00:00,4
2020-06-16,08:00:00,16
2020-06-16,15:00:00,13
2020-06-16,16:00:00,27
2020-06-17,15:00:00,14
2020-06-18,08:00:00,13
2020-06-18,09:00:00,8
2020-06-18,15:00:00,9
2020-06-18,16:00:00,2
2020-06-19,08:00:00,7
2020-06-19,09:00:00,5
2020-06-19,15:00:00,21
2020-06-19,16:00:00,1
2020-06-20,10:00:00,7
2020-06-20,15:00:00,18
2020-06-20,16:00:00,7
2020-06-21,10:00:00,12
2020-06-21,15:00:00,15
2020-06-21,16:00:00,4
2020-06-22,10:00:00,21
2020-06-22,15:00:00,17
2020-06-22,16:00:00,3
2020-06-23,08:00:00,11
2020-06-23,15:00:00,21
2020-06-24,08:00:00,6
2020-06-24,09:00:00,2
2020-06-24,15:00:00,4
2020-06-24,16:00:00,13
2020-06-25,09:00:00,14
2020-06-25,15:00:00,8
2020-06-25,16:00:00,28
2020-06-26,08:00:00,12
2020-06-26,15:00:00,23
2020-06-26,16:00:00,12
2020-06-27,10:00:00,15
2020-06-27,15:00:00,20
2020-06-27,16:00:00,16
2020-06-28,10:00:00,20
2020-06-28,11:00:00,12
2020-06-28,15:00:00,25
2020-06-28,16:00:00,13
2020-06-29,10:00:00,31
2020-06-29,15:00:00,20
2020-06-30,08:00:00,17
2020-06-30,09:00:00,8
2020-06-30,15:00:00,13
2020-07-01,16:00:00,51
2020-07-02,16:00:00,49
2020-07-02,17:00:00,15
2020-07-03,16:00:00,60
2020-07-04,16:00:00,83
2020-07-05,16:00:00,76
2020-07-06,15:00:00,14
2020-07-06,16:00:00,59
2020-07-07,03:00:00,8
2020-07-07,04:00:00,42
2020-07-08,15:00:00,7
2020-07-08,16:00:00,76
2020-07-09,15:00:00,17
2020-07-09,16:00:00,82
2020-07-10,15:00:00,37
2020-07-10,16:00:00,75
2020-07-11,15:00:00,31
2020-07-11,16:00:00,53
2020-07-12,15:00:00,34
2020-07-12,16:00:00,84
2020-07-13,15:00:00,48
2020-07-13,16:00:00,63
2020-07-14,15:00:00,37
2020-07-14,16:00:00,71
2020-07-15,15:00:00,24
2020-07-15,16:00:00,102
2020-07-16,15:00:00,60
2020-07-16,16:00:00,53
2020-07-17,16:00:00,113
2020-07-18,09:00:00,47
2020-07-18,10:00:00,59
2020-07-18,15:00:00,41
2020-07-18,16:00:00,87
2020-07-19,09:00:00,47
2020-07-19,10:00:00,75
2020-07-19,15:00:00,50
2020-07-19,16:00:00,79
2020-07-20,09:00:00,43
2020-07-20,10:00:00,87
2020-07-20,15:00:00,44
2020-07-20,16:00:00,77
2020-07-21,10:00:00,40
2020-07-21,11:00:00,100
2020-07-21,15:00:00,13
2020-07-21,16:00:00,79
2020-07-22,08:00:00,35
2020-07-22,09:00:00,47
2020-07-22,10:00:00,45
2020-07-22,15:00:00,43
2020-07-22,16:00:00,67
2020-07-23,09:00:00,27
2020-07-23,10:00:00,101
2020-07-23,15:00:00,70
2020-07-23,16:00:00,43
2020-07-24,09:00:00,39
2020-07-24,10:00:00,90
2020-07-24,15:00:00,34
2020-07-24,16:00:00,79
2020-07-24,17:00:00,16
2020-07-25,09:00:00,49
2020-07-25,10:00:00,63
2020-07-25,15:00:00,47
2020-07-25,16:00:00,79
2020-07-26,15:00:00,49
2020-07-26,16:00:00,86
2020-07-27,09:00:00,45
2020-07-27,10:00:00,90
2020-07-27,15:00:00,20
2020-07-27,16:00:00,113
2020-07-28,09:00:00,28
2020-07-28,10:00:00,107
2020-07-28,15:00:00,32
2020-07-28,16:00:00,95
2020-07-29,15:00:00,79
2020-07-29,16:00:00,104
2020-07-30,09:00:00,49
2020-07-30,10:00:00,91
2020-07-30,12:00:00,59
2020-07-30,13:00:00,94
2020-07-30,14:00:00,35
2020-07-30,15:00:00,42
2020-07-30,16:00:00,86
2020-07-31,09:00:00,50
2020-07-31,10:00:00,90
2020-07-31,12:00:00,73
2020-07-31,13:00:00,67
2020-07-31,15:00:00,25
2020-07-31,16:00:00,63
2020-08-01,09:00:00,39
2020-08-01,10:00:00,76
2020-08-01,11:00:00,131
2020-08-01,12:00:00,24
2020-08-01,15:00:00,53
2020-08-01,16:00:00,83
2020-08-02,10:00:00,75
2020-08-02,11:00:00,55
2020-08-02,13:00:00,84
2020-08-02,14:00:00,7
2020-08-02,15:00:00,29
2020-08-02,16:00:00,79
2020-08-03,09:00:00,55
2020-08-03,10:00:00,79
2020-08-03,15:00:00,26
2020-08-03,16:00:00,95
2020-08-04,08:00:00,35
2020-08-04,09:00:00,105
2020-08-04,15:00:00,45
2020-08-04,16:00:00,65
2020-08-05,09:00:00,49
2020-08-05,10:00:00,63
2020-08-05,15:00:00,52
2020-08-05,16:00:00,58
2020-08-06,09:00:00,20
2020-08-06,10:00:00,74
2020-08-06,15:00:00,24
2020-08-06,16:00:00,40
2020-08-07,09:00:00,22
2020-08-07,10:00:00,52
2020-08-07,15:00:00,10
2020-08-07,16:00:00,76
2020-08-08,09:00:00,15
2020-08-08,10:00:00,66
2020-08-08,15:00:00,12
2020-08-08,16:00:00,30
2020-08-09,09:00:00,22
2020-08-09,10:00:00,23
2020-08-09,15:00:00,30
2020-08-09,16:00:00,45
2020-08-10,09:00:00,38
2020-08-10,10:00:00,61
2020-08-10,15:00:00,39
2020-08-10,16:00:00,16
2020-08-11,15:00:00,40
2020-08-11,16:00:00,30
2020-08-12,09:00:00,20
2020-08-12,10:00:00,24
2020-08-12,15:00:00,30
2020-08-12,16:00:00,4
2020-08-13,08:00:00,24
2020-08-13,09:00:00,30
2020-08-13,15:00:00,10
2020-08-13,16:00:00,5
2020-08-14,09:00:00,8
2020-08-14,10:00:00,40
2020-08-14,15:00:00,25
2020-08-14,16:00:00,25
2020-08-15,09:00:00,45
2020-08-15,10:00:00,35
2020-08-15,15:00:00,17
2020-08-15,16:00:00,30
2020-08-16,08:00:00,3
2020-08-16,09:00:00,25
2020-08-16,15:00:00,3
2020-08-16,16:00:00,60
2020-08-17,09:00:00,15
2020-08-17,10:00:00,21
2020-08-17,15:00:00,8
2020-08-17,16:00:00,53
2020-08-18,16:00:00,40
2020-08-19,14:00:00,6
2020-08-19,15:00:00,60
2020-08-20,16:00:00,55
2020-08-21,16:00:00,61
2020-08-22,16:00:00,92
2020-08-23,16:00:00,74
2020-08-24,16:00:00,37
2020-08-25,16:00:00,26
2020-08-26,16:00:00,54
2020-08-27,16:00:00,46
2020-08-28,16:00:00,61
2020-08-29,16:00:00,59
2020-08-29,17:00:00,10
2020-08-31,16:00:00,95
2020-09-01,12:00:00,32
2020-09-02,12:00:00,47
2020-09-03,12:00:00,57
2020-09-04,12:00:00,49
2020-09-05,12:00:00,69
2020-09-06,12:00:00,46
2020-09-07,12:00:00,65
2020-09-08,12:00:00,59
2020-09-09,12:00:00,47
2020-09-10,12:00:00,40
2020-09-11,12:00:00,28
2020-09-12,12:00:00,48
2020-09-13,12:00:00,62
2020-09-14,12:00:00,45
2020-09-15,12:00:00,59
2020-09-16,12:00:00,24
2020-09-17,12:00:00,39
2020-09-18,12:00:00,42
2020-09-19,12:00:00,33
2020-09-20,12:00:00,33
2020-09-21,12:00:00,35
2020-09-22,12:00:00,38
2020-09-23,12:00:00,37
2020-09-24,12:00:00,35
2020-09-25,12:00:00,23
2020-09-26,12:00:00,40
2020-09-27,12:00:00,51
2020-09-28,14:00:00,35
2020-09-29,12:00:00,35
2020-09-30,12:00:00,36
2020-10-01,12:00:00,36
2020-10-02,12:00:00,26
2020-10-03,12:00:00,32
2020-10-04,12:00:00,3
2020-10-04,13:00:00,26
2020-10-05,12:00:00,53
2020-10-06,12:00:00,22
2020-10-07,12:00:00,49
2020-10-08,12:00:00,25
2020-10-09,12:00:00,21
2020-10-10,12:00:00,27
2020-10-11,12:00:00,31
2020-10-12,12:00:00,16
2020-10-13,12:00:00,21
2020-10-14,12:00:00,27
2020-10-15,12:00:00,35
2020-10-16,12:00:00,21
2020-10-17,12:00:00,27
2020-10-18,13:00:00,48
2020-10-19,12:00:00,21
2020-10-20,12:00:00,23
2020-10-21,12:00:00,17
2020-10-22,12:00:00,35
2020-10-23,12:00:00,18
2020-10-24,12:00:00,29
2020-10-25,12:00:00,26
2020-10-26,12:00:00,21
2020-10-27,12:00:00,21
2020-10-28,13:00:00,20
2020-10-29,12:00:00,19
2020-10-30,12:00:00,33
2020-10-31,13:00:00,16
2020-11-01,12:00:00,14
2020-11-02,12:00:00,19
2020-11-03,12:00:00,22
2020-11-04,12:00:00,22
2020-11-05,12:00:00,12
2020-11-06,12:00:00,14
2020-11-07,12:00:00,15
2020-11-08,14:00:00,23
2020-11-09,12:00:00,20
2020-11-10,12:00:00,10
2020-11-11,12:00:00,10
2020-11-12,12:00:00,11
2020-11-13,14:00:00,18
2020-11-14,11:00:00,0
2020-11-15,12:00:00,27
2020-11-16,12:00:00,15
2020-11-17,12:00:00,14
2020-11-18,12:00:00,0
2020-11-19,12:00:00,23
2020-11-20,11:00:00,8
2020-11-20,12:00:00,9
2020-11-21,12:00:00,24
2020-11-22,12:00:00,20
2020-11-24,12:00:00,39
2020-11-25,12:00:00,18
2020-11-27,12:00:00,4
2020-11-28,11:00:00,2
2020-11-28,12:00:00,12
2020-11-29,12:00:00,17
2020-11-30,12:00:00,9
2020-12-01,12:00:00,8
2020-12-02,12:00:00,7
2020-12-03,12:00:00,5
2020-12-03,13:00:00,13
2020-12-04,12:00:00,5
2020-12-05,12:00:00,9
2020-12-06,12:00:00,9
2020-12-07,12:00:00,5
2020-12-08,13:00:00,14
2020-12-09,11:00:00,8
2020-12-10,12:00:00,10
2020-12-11,12:00:00,0
2020-12-12,12:00:00,0
2020-12-13,11:00:00,0
2020-12-14,11:00:00,0
2020-12-15,12:00:00,0
2020-12-16,12:00:00,34
2020-12-17,12:00:00,14
2020-12-18,12:00:00,22
2020-12-18,13:00:00,2
2020-12-19,13:00:00,29
2020-12-20,12:00:00,14
2020-12-20,13:00:00,4
2020-12-21,12:00:00,16
2020-12-21,13:00:00,5
2020-12-22,13:00:00,8
2020-12-23,12:00:00,3
2020-12-24,12:00:00,2
2020-12-26,12:00:00,6
2020-12-27,12:00:00,5
2020-12-28,12:00:00,8
2020-12-29,12:00:00,6
2020-12-29,13:00:00,6
2020-12-30,12:00:00,9
2020-12-31,12:00:00,15
2021-01-02,12:00:00,15
2021-01-03,12:00:00,15
2021-01-04,12:00:00,5
2021-01-05,11:00:00,6
2021-01-06,11:00:00,9
2021-01-06,12:00:00,11
2021-01-07,11:00:00,13
2021-01-07,12:00:00,3
2021-01-08,11:00:00,10
2021-01-09,11:00:00,10
2021-01-10,11:00:00,24
2021-01-11,11:00:00,7
2021-01-11,12:00:00,5
2021-01-12,11:00:00,7
2021-01-13,11:00:00,18
2021-01-14,11:00:00,25
2021-01-14,12:00:00,2
2021-01-15,11:00:00,5
2021-01-15,12:00:00,22
2021-01-16,11:00:00,14
2021-01-17,11:00:00,18
2021-01-18,11:00:00,10
2021-01-18,12:00:00,5
2021-01-19,11:00:00,5
2021-01-19,12:00:00,1
2021-01-20,11:00:00,8
2021-01-21,11:00:00,12
2021-01-21,12:00:00,1
2021-01-22,11:00:00,30
2021-01-22,12:00:00,5
2021-01-23,11:00:00,7
2021-01-23,12:00:00,3
2021-01-24,12:00:00,26
2021-01-25,11:00:00,12
2021-01-26,11:00:00,14
2021-01-26,12:00:00,10
2021-01-27,11:00:00,10
2021-01-27,12:00:00,9
2021-01-28,11:00:00,17
2021-01-28,12:00:00,5
2021-01-29,11:00:00,17
2021-01-29,12:00:00,11
2021-01-30,11:00:00,4
2021-01-30,12:00:00,6
2021-01-31,12:00:00,20
2021-02-01,11:00:00,7
2021-02-02,12:00:00,11
2021-02-03,12:00:00,17
2021-02-05,11:00:00,18
2021-02-05,12:00:00,3
2021-02-06,11:00:00,9
2021-02-07,11:00:00,10
2021-02-08,11:00:00,13
2021-02-09,11:00:00,10
2021-02-10,11:00:00,8
2021-02-10,12:00:00,10
2021-02-12,11:00:00,25
2021-02-13,11:00:00,24
2021-02-14,11:00:00,3
2021-02-15,11:00:00,5
2021-02-15,12:00:00,14
2021-02-16,11:00:00,6
2021-02-16,12:00:00,7
2021-02-17,11:00:00,13
2021-02-18,11:00:00,11
2021-02-18,12:00:00,11
2021-02-19,11:00:00,23
2021-02-20,11:00:00,17
2021-02-21,11:00:00,10
2021-02-21,12:00:00,12
2021-02-22,11:00:00,6
2021-02-23,11:00:00,15
2021-02-24,11:00:00,19
2021-02-25,11:00:00,31
2021-02-26,11:00:00,11
2021-02-26,12:00:00,4
2021-02-26,13:00:00,5
2021-02-27,11:00:00,8
2021-02-27,12:00:00,2
2021-02-28,11:00:00,15
2021-03-01,12:00:00,17
2021-03-02,11:00:00,20
2021-03-02,12:00:00,1
2021-03-03,11:00:00,12
2021-03-04,11:00:00,20
2021-03-05,11:00:00,23
2021-03-06,11:00:00,6
2021-03-06,12:00:00,1
2021-03-07,11:00:00,12
2021-03-07,12:00:00,8
2021-03-08,11:00:00,30
2021-03-09,11:00:00,14
2021-03-10,11:00:00,14
2021-03-10,12:00:00,5
2021-03-11,11:00:00,20
2021-03-12,11:00:00,17
2021-03-13,11:00:00,12
2021-03-14,11:00:00,26
2021-03-15,12:00:00,0
2021-03-16,11:00:00,17
2021-03-17,11:00:00,38
2021-03-18,11:00:00,14
2021-03-19,11:00:00,28
2021-03-20,11:00:00,11
2021-03-21,11:00:00,10
2021-03-21,12:00:00,6
2021-03-22,11:00:00,16
2021-03-22,12:00:00,0
2021-03-23,11:00:00,5
2021-03-24,11:00:00,22
2021-03-25,11:00:00,10
2021-03-25,12:00:00,17
2021-03-26,11:00:00,14
2021-03-26,12:00:00,2
2021-03-27,14:00:00,18
2021-03-28,14:00:00,20
2021-03-29,11:00:00,16
2021-03-29,12:00:00,5
2021-03-30,11:00:00,18
2021-03-31,11:00:00,18
2021-04-01,11:00:00,30
2021-04-02,11:00:00,13
2021-04-03,11:00:00,17
2021-04-03,12:00:00,1
2021-04-04,14:00:00,3
2021-04-04,15:00:00,11
2021-04-04,16:00:00,2
2021-04-05,14:00:00,20
2021-04-05,15:00:00,9
2021-04-06,14:00:00,17
2021-04-06,15:00:00,4
2021-04-07,14:00:00,2
2021-04-07,15:00:00,22
2021-04-08,15:00:00,13
2021-04-09,14:00:00,14
2021-04-09,15:00:00,21
2021-04-10,13:00:00,20
2021-04-11,13:00:00,32
2021-04-12,13:00:00,13
2021-04-13,12:00:00,9
2021-04-14,13:00:00,22
2021-04-15,13:00:00,16
2021-04-16,13:00:00,15
2021-04-17,13:00:00,8
2021-04-17,14:00:00,11
2021-04-18,13:00:00,20
2021-04-19,13:00:00,10
2021-04-20,14:00:00,20
2021-04-21,13:00:00,17
2021-04-22,13:00:00,32
2021-04-23,12:00:00,1
2021-04-23,13:00:00,18
2021-04-24,13:00:00,18
2021-04-25,13:00:00,24
2021-04-26,13:00:00,18
2021-04-27,13:00:00,8
2021-04-28,13:00:00,23
2021-04-29,13:00:00,15
2021-04-30,13:00:00,19
2021-05-01,13:00:00,25
2021-05-02,13:00:00,31
2021-05-03,13:00:00,16
2021-05-04,12:00:00,3
2021-05-04,13:00:00,10
2021-05-05,13:00:00,24
2021-05-05,16:00:00,44
2021-05-06,13:00:00,16
2021-05-07,12:00:00,9
2021-05-07,13:00:00,16
2021-05-08,12:00:00,9
2021-05-08,13:00:00,9
2021-05-08,16:00:00,5
2021-05-08,17:00:00,1
2021-05-09,13:00:00,25
2021-05-09,17:00:00,2
2021-05-10,13:00:00,37
2021-05-11,13:00:00,41
2021-05-12,13:00:00,41
2021-05-12,16:00:00,7
2021-05-12,17:00:00,6
2021-05-13,13:00:00,40
2021-05-14,12:00:00,10
2021-05-14,13:00:00,17
2021-05-15,13:00:00,10
2021-05-15,14:00:00,19
2021-05-15,16:00:00,10
2021-05-15,17:00:00,40
2021-05-16,13:00:00,23
2021-05-16,14:00:00,13
2021-05-16,16:00:00,17
2021-05-16,17:00:00,20
2021-05-17,13:00:00,46
2021-05-18,12:00:00,1
2021-05-18,13:00:00,49
2021-05-19,13:00:00,39
2021-05-19,16:00:00,10
2021-05-19,17:00:00,35
2021-05-20,10:00:00,28
2021-05-20,11:00:00,22
2021-05-20,15:00:00,10
2021-05-20,16:00:00,8
2021-05-21,12:00:00,20
2021-05-21,13:00:00,9
2021-05-21,15:00:00,19
2021-05-21,16:00:00,7
2021-05-22,10:00:00,7
2021-05-22,11:00:00,12
2021-05-22,15:00:00,2
2021-05-22,16:00:00,11
2021-05-23,11:00:00,26
2021-05-23,15:00:00,15
2021-05-23,16:00:00,11
2021-05-24,10:00:00,10
2021-05-24,11:00:00,1
2021-05-24,15:00:00,3
2021-05-24,16:00:00,24
2021-05-25,14:00:00,3
2021-05-25,15:00:00,50
2021-05-26,10:00:00,33
2021-05-26,16:00:00,32
2021-05-27,11:00:00,33
2021-05-27,16:00:00,29
2021-05-28,11:00:00,24
2021-05-28,15:00:00,18
2021-05-29,16:00:00,28
2021-05-30,11:00:00,6
2021-05-30,17:00:00,14
2021-05-31,11:00:00,32
2021-05-31,15:00:00,6
2021-05-31,16:00:00,16
2021-06-01,11:00:00,27
2021-06-01,16:00:00,19
2021-06-02,11:00:00,16
2021-06-02,16:00:00,17
2021-06-03,10:00:00,5
2021-06-03,11:00:00,16
2021-06-03,16:00:00,21
2021-06-04,11:00:00,17
2021-06-04,16:00:00,19
2021-06-05,11:00:00,15
2021-06-05,15:00:00,8
2021-06-05,16:00:00,16
2021-06-06,11:00:00,25
2021-06-06,16:00:00,21
2021-06-07,11:00:00,14
2021-06-07,16:00:00,51
2021-06-08,11:00:00,22
2021-06-08,16:00:00,28
2021-06-09,11:00:00,22
2021-06-09,16:00:00,45
2021-06-10,11:00:00,34
2021-06-10,15:00:00,27
2021-06-11,13:00:00,35
2021-06-11,16:00:00,36
2021-06-12,11:00:00,24
2021-06-12,16:00:00,41
2021-06-13,11:00:00,27
2021-06-13,16:00:00,11
2021-06-13,17:00:00,16
2021-06-14,10:00:00,1
2021-06-14,11:00:00,23
2021-06-14,15:00:00,10
2021-06-14,16:00:00,41
2021-06-15,11:00:00,32
2021-06-15,16:00:00,7
2021-06-16,11:00:00,28
2021-06-16,16:00:00,12
2021-06-17,11:00:00,32
2021-06-17,15:00:00,21
2021-06-18,10:00:00,16
2021-06-18,11:00:00,16
2021-06-18,15:00:00,29
2021-06-19,09:00:00,9
2021-06-19,10:00:00,7
2021-06-19,11:00:00,3
2021-06-19,15:00:00,45
2021-06-20,09:00:00,13
2021-06-20,11:00:00,2
2021-06-20,15:00:00,36
2021-06-21,11:00:00,41
2021-06-21,15:00:00,33
2021-06-21,16:00:00,1
2021-06-22,13:00:00,26
2021-06-22,15:00:00,42
2021-06-23,11:00:00,48
2021-06-23,15:00:00,41
2021-06-24,11:00:00,39
2021-06-24,15:00:00,46
2021-06-25,11:00:00,75
2021-06-25,15:00:00,44
2021-06-26,11:00:00,30
2021-06-26,16:00:00,73
2021-06-26,17:00:00,15
2021-06-27,09:00:00,32
2021-06-27,10:00:00,5
2021-06-27,11:00:00,9
2021-06-27,15:00:00,40
2021-06-28,11:00:00,34
2021-06-28,15:00:00,40
2021-06-28,16:00:00,13
2021-06-29,15:00:00,105
2021-06-29,16:00:00,0
2021-06-30,11:00:00,57
2021-06-30,15:00:00,67
2021-06-30,16:00:00,50
2021-07-01,10:00:00,49
2021-07-01,15:00:00,74
2021-07-02,11:00:00,61
2021-07-02,15:00:00,64
2021-07-03,09:00:00,53
2021-07-03,11:00:00,37
2021-07-03,14:00:00,6
2021-07-03,15:00:00,96
2021-07-04,09:00:00,40
2021-07-04,10:00:00,15
2021-07-04,15:00:00,74
2021-07-05,11:00:00,55
2021-07-05,15:00:00,68
2021-07-06,11:00:00,72
2021-07-06,15:00:00,79
2021-07-07,11:00:00,43
2021-07-07,15:00:00,78
2021-07-08,10:00:00,10
2021-07-08,11:00:00,43
2021-07-08,14:00:00,7
2021-07-08,15:00:00,57
2021-07-09,11:00:00,61
2021-07-09,15:00:00,87
2021-07-09,16:00:00,1
2021-07-10,09:00:00,49
2021-07-10,11:00:00,43
2021-07-10,15:00:00,107
2021-07-10,16:00:00,23
2021-07-11,09:00:00,51
2021-07-11,11:00:00,42
2021-07-11,15:00:00,100
2021-07-11,16:00:00,50
2021-07-12,11:00:00,60
2021-07-12,15:00:00,102
2021-07-13,11:00:00,70
2021-07-13,15:00:00,89
2021-07-14,11:00:00,66
2021-07-14,15:00:00,33
2021-07-14,16:00:00,100
2021-07-15,11:00:00,71
2021-07-15,14:00:00,13
2021-07-15,15:00:00,76
2021-07-16,11:00:00,79
2021-07-16,15:00:00,89
2021-07-16,16:00:00,41
2021-07-17,09:00:00,79
2021-07-17,11:00:00,60
2021-07-17,12:00:00,19
2021-07-17,15:00:00,69
2021-07-17,16:00:00,64
2021-07-18,10:00:00,20
2021-07-18,11:00:00,68
2021-07-18,15:00:00,50
2021-07-18,16:00:00,137
2021-07-19,10:00:00,7
2021-07-19,11:00:00,93
2021-07-19,12:00:00,0
2021-07-19,15:00:00,3
2021-07-19,16:00:00,90
2021-07-19,17:00:00,82
2021-07-20,11:00:00,81
2021-07-20,15:00:00,75
2021-07-20,16:00:00,100
2021-07-21,11:00:00,81
2021-07-21,15:00:00,100
2021-07-21,16:00:00,106
2021-07-22,11:00:00,81
2021-07-22,12:00:00,40
2021-07-22,13:00:00,100
2021-07-22,14:00:00,50
2021-07-22,15:00:00,32
2021-07-22,16:00:00,120
2021-07-22,17:00:00,30
2021-07-23,11:00:00,88
2021-07-23,12:00:00,65
2021-07-23,13:00:00,100
2021-07-23,14:00:00,30
2021-07-23,15:00:00,80
2021-07-23,16:00:00,100
2021-07-24,09:00:00,66
2021-07-24,10:00:00,100
2021-07-24,11:00:00,54
2021-07-24,12:00:00,30
2021-07-24,15:00:00,99
2021-07-24,16:00:00,96
2021-07-25,09:00:00,100
2021-07-25,10:00:00,84
2021-07-25,12:00:00,81
2021-07-25,14:00:00,100
2021-07-25,15:00:00,71
2021-07-26,10:00:00,60
2021-07-26,11:00:00,100
2021-07-26,12:00:00,80
2021-07-26,13:00:00,38
2021-07-26,15:00:00,70
2021-07-26,16:00:00,90
2021-07-26,17:00:00,31
2021-07-27,10:00:00,29
2021-07-27,11:00:00,50
2021-07-27,12:00:00,50
2021-07-27,13:00:00,110
2021-07-27,14:00:00,40
2021-07-27,15:00:00,70
2021-07-27,16:00:00,70
2021-07-27,17:00:00,37
2021-07-28,10:00:00,28
2021-07-28,11:00:00,60
2021-07-28,14:00:00,60
2021-07-28,15:00:00,120
2021-07-28,16:00:00,22
2021-07-29,10:00:00,48
2021-07-29,11:00:00,40
2021-07-29,14:00:00,50
2021-07-29,15:00:00,77
2021-07-29,16:00:00,50
2021-07-30,10:00:00,50
2021-07-30,11:00:00,35
2021-07-30,12:00:00,150
2021-07-30,13:00:00,53
2021-07-30,14:00:00,30
2021-07-30,15:00:00,120
2021-07-30,16:00:00,22
2021-07-31,09:00:00,70
2021-07-31,10:00:00,55
2021-07-31,14:00:00,50
2021-07-31,15:00:00,80
2021-07-31,16:00:00,42
2021-07-31,17:00:00,40
2021-08-01,09:00:00,100
2021-08-01,10:00:00,35
2021-08-01,11:00:00,66
2021-08-01,14:00:00,33
2021-08-01,15:00:00,70
2021-08-01,16:00:00,50
2021-08-02,10:00:00,44
2021-08-02,11:00:00,45
2021-08-02,14:00:00,25
2021-08-02,15:00:00,100
2021-08-02,16:00:00,50
2021-08-03,11:00:00,77
2021-08-03,14:00:00,30
2021-08-03,15:00:00,100
2021-08-03,16:00:00,20
2021-08-04,11:00:00,74
2021-08-04,14:00:00,20
2021-08-04,15:00:00,70
2021-08-04,16:00:00,20
2021-08-05,11:00:00,74
2021-08-05,15:00:00,60
2021-08-05,16:00:00,32
2021-08-06,10:00:00,35
2021-08-06,11:00:00,35
2021-08-06,15:00:00,68
2021-08-07,09:00:00,61
2021-08-07,10:00:00,50
2021-08-07,11:00:00,11
2021-08-07,14:00:00,40
2021-08-07,15:00:00,12
2021-08-08,09:00:00,58
2021-08-08,10:00:00,10
2021-08-08,11:00:00,40
2021-08-08,15:00:00,70
2021-08-09,11:00:00,26
2021-08-09,15:00:00,78
2021-08-10,10:00:00,20
2021-08-10,11:00:00,19
2021-08-10,15:00:00,35
2021-08-10,16:00:00,35
2021-08-11,11:00:00,62
2021-08-11,15:00:00,56
2021-08-12,10:00:00,53
2021-08-12,15:00:00,25
2021-08-13,10:00:00,44
2021-08-13,14:00:00,44
2021-08-14,08:00:00,50
2021-08-14,11:00:00,26
2021-08-14,14:00:00,76
2021-08-15,11:00:00,21
2021-08-15,14:00:00,47
2021-08-15,15:00:00,30
2021-08-16,12:00:00,33
2021-08-16,15:00:00,31
2021-08-17,12:00:00,40
2021-08-17,13:00:00,0
2021-08-17,15:00:00,60
2021-08-17,16:00:00,0
2021-08-18,10:00:00,0
2021-08-18,11:00:00,64
2021-08-18,15:00:00,0
2021-08-18,16:00:00,65
2021-08-19,10:00:00,20
2021-08-19,11:00:00,28
2021-08-19,15:00:00,30
2021-08-19,16:00:00,35
2021-08-20,11:00:00,76
2021-08-20,16:00:00,64
2021-08-21,11:00:00,64
2021-08-21,15:00:00,64
2021-08-22,11:00:00,41
2021-08-22,16:00:00,45
2021-08-23,10:00:00,20
2021-08-23,11:00:00,27
2021-08-23,15:00:00,30
2021-08-23,16:00:00,56
2021-08-24,15:00:00,70
2021-08-24,16:00:00,20
2021-08-25,10:00:00,13
2021-08-25,11:00:00,0
2021-08-25,15:00:00,50
2021-08-25,16:00:00,0
2021-08-26,10:00:00,39
2021-08-26,16:00:00,34
2021-08-27,10:00:00,28
2021-08-27,15:00:00,59
2021-08-28,11:00:00,86
2021-08-28,15:00:00,64
2021-08-29,10:00:00,21
2021-08-29,11:00:00,30
2021-08-29,16:00:00,89
2021-08-30,10:00:00,23
2021-08-30,16:00:00,58
2021-08-31,11:00:00,2
2021-08-31,15:00:00,43
2021-08-31,16:00:00,9
2021-09-01,10:00:00,20
2021-09-01,11:00:00,11
2021-09-01,16:00:00,22
2021-09-02,11:00:00,38
2021-09-02,15:00:00,30
2021-09-02,16:00:00,23
2021-09-03,10:00:00,43
2021-09-03,15:00:00,79
2021-09-04,10:00:00,43
2021-09-04,16:00:00,78
2021-09-05,11:00:00,30
2021-09-05,15:00:00,24
2021-09-05,16:00:00,50
2021-09-06,10:00:00,14
2021-09-06,11:00:00,10
2021-09-06,15:00:00,71
2021-09-06,16:00:00,20
2021-09-07,11:00:00,54
2021-09-07,15:00:00,0
2021-09-07,16:00:00,77
2021-09-08,14:00:00,80
2021-09-09,14:00:00,86
2021-09-10,14:00:00,68
2021-09-11,14:00:00,84
2021-09-12,14:00:00,34
2021-09-12,15:00:00,40
2021-09-13,14:00:00,51
2021-09-14,14:00:00,51
2021-09-15,14:00:00,62
2021-09-15,15:00:00,20
2021-09-16,14:00:00,89
2021-09-17,15:00:00,79
2021-09-18,14:00:00,94
2021-09-19,13:00:00,20
2021-09-19,14:00:00,69
2021-09-20,13:00:00,11
2021-09-20,14:00:00,80
2021-09-23,14:00:00,77
2021-09-23,15:00:00,0
2021-09-24,14:00:00,71
2021-09-25,14:00:00,74
2021-09-26,13:00:00,1
2021-09-26,14:00:00,54
2021-09-27,14:00:00,46
2021-09-28,14:00:00,32
2021-09-29,14:00:00,42
2021-09-30,14:00:00,50
2021-10-01,14:00:00,77
2021-10-02,14:00:00,71
2021-10-03,14:00:00,37
2021-10-04,14:00:00,41
2021-10-05,13:00:00,0
2021-10-05,14:00:00,57
2021-10-06,14:00:00,40
2021-10-07,14:00:00,49
2021-10-08,15:00:00,44
2021-10-09,15:00:00,61
2021-10-10,15:00:00,67
2021-10-11,14:00:00,17
2021-10-11,15:00:00,20
2021-10-13,14:00:00,8
2021-10-13,15:00:00,55
2021-10-14,14:00:00,19
2021-10-14,15:00:00,20
2021-10-15,14:00:00,15
2021-10-15,15:00:00,40
2021-10-16,15:00:00,48
2021-10-17,14:00:00,6
2021-10-17,15:00:00,40
2021-10-18,14:00:00,10
2021-10-18,15:00:00,31
2021-10-19,14:00:00,10
2021-10-19,15:00:00,20
2021-10-20,17:00:00,18
2021-10-20,18:00:00,20
2021-10-21,14:00:00,7
2021-10-21,15:00:00,20
2021-10-22,14:00:00,10
2021-10-22,15:00:00,41
2021-10-23,14:00:00,2
2021-10-23,15:00:00,30
2021-10-24,14:00:00,15
2021-10-24,15:00:00,13
2021-10-25,14:00:00,7
2021-10-25,15:00:00,20
2021-10-26,15:00:00,19
2021-10-27,14:00:00,0
2021-10-27,15:00:00,14
2021-10-28,14:00:00,0
2021-10-28,15:00:00,33
2021-10-29,15:00:00,42
2021-10-30,15:00:00,18
2021-10-31,15:00:00,18
2021-11-01,15:00:00,41
2021-11-02,15:00:00,39
2021-11-03,14:00:00,0
2021-11-03,15:00:00,39
2021-11-04,15:00:00,33
2021-11-05,15:00:00,22
2021-11-06,15:00:00,8
2021-11-07,15:00:00,21
2021-11-08,15:00:00,12
2021-11-09,14:00:00,0
2021-11-09,15:00:00,25
2021-11-10,16:00:00,45
2021-11-11,16:00:00,33
2021-11-12,15:00:00,27
2021-11-13,15:00:00,12
2021-11-14,14:00:00,13
2021-11-14,15:00:00,13
2021-11-15,15:00:00,36
2021-11-16,15:00:00,42
2021-11-17,14:00:00,8
2021-11-17,15:00:00,20
2021-11-18,15:00:00,23
2021-11-19,13:00:00,24
2021-11-20,13:00:00,22
2021-11-22,12:00:00,8
2021-11-22,13:00:00,8
2021-11-23,12:00:00,13
2021-11-24,12:00:00,19
2021-11-27,12:00:00,14
2021-11-28,12:00:00,25
2021-11-29,12:00:00,11
2021-11-30,12:00:00,32
2021-12-01,11:00:00,14
2021-12-02,11:00:00,39
2021-12-03,10:00:00,10
2021-12-04,11:00:00,25
2021-12-05,11:00:00,19
2021-12-06,11:00:00,23
2021-12-07,11:00:00,29
2021-12-08,11:00:00,31
2021-12-09,11:00:00,27
2021-12-10,12:00:00,18
2021-12-11,11:00:00,9
2021-12-12,11:00:00,18
2021-12-13,11:00:00,29
2021-12-14,11:00:00,12
2021-12-15,13:00:00,30
2021-12-16,13:00:00,25
2021-12-17,14:00:00,40
2021-12-18,13:00:00,6
2021-12-18,14:00:00,50
2021-12-19,13:00:00,22
2021-12-19,14:00:00,10
2021-12-20,16:00:00,23
2021-12-21,13:00:00,17
2021-12-23,14:00:00,43
2021-12-24,13:00:00,7
2021-12-26,14:00:00,4
2021-12-26,15:00:00,30
2021-12-27,13:00:00,15
2021-12-27,14:00:00,14
2021-12-29,13:00:00,17
2021-12-29,14:00:00,5
2021-12-31,14:00:00,26
2022-01-02,13:00:00,27
2022-01-03,14:00:00,11
2022-01-04,11:00:00,8
2022-01-04,12:00:00,3
2022-01-05,11:00:00,18
2022-01-06,11:00:00,0
2022-01-06,12:00:00,11
2022-01-07,11:00:00,18
2022-01-07,12:00:00,6
2022-01-09,11:00:00,17
2022-01-09,12:00:00,5
2022-01-10,11:00:00,9
2022-01-10,12:00:00,3
2022-01-11,12:00:00,15
2022-01-12,12:00:00,16
2022-01-13,12:00:00,13
2022-01-14,12:00:00,28
2022-01-16,12:00:00,46
2022-01-17,12:00:00,9
2022-01-18,11:00:00,0
2022-01-18,12:00:00,7
2022-01-19,12:00:00,15
2022-01-20,12:00:00,22
2022-01-21,12:00:00,17
2022-01-22,12:00:00,3
2022-01-23,11:00:00,5
2022-01-23,12:00:00,11
2022-01-24,11:00:00,11
2022-01-24,12:00:00,10
2022-01-25,11:00:00,18
2022-01-26,12:00:00,2
2022-01-26,13:00:00,24
2022-01-27,11:00:00,6
2022-01-27,12:00:00,15
2022-01-28,12:00:00,14
2022-01-29,12:00:00,5
2022-01-30,11:00:00,7
2022-01-30,12:00:00,10
2022-01-31,12:00:00,24
2022-02-01,14:00:00,11
2022-02-02,12:00:00,29
2022-02-03,12:00:00,21
2022-02-04,12:00:00,12
2022-02-05,12:00:00,8
2022-02-06,11:00:00,2
2022-02-06,12:00:00,18
2022-02-07,12:00:00,9
2022-02-08,12:00:00,17
2022-02-09,12:00:00,26
2022-02-10,12:00:00,22
2022-02-11,12:00:00,11
2022-02-12,12:00:00,16
2022-02-13,11:00:00,10
2022-02-13,12:00:00,10
2022-02-14,12:00:00,24
2022-02-15,13:00:00,18
2022-02-16,11:00:00,3
2022-02-16,12:00:00,42
2022-02-17,12:00:00,36
2022-02-18,12:00:00,14
2022-02-19,12:00:00,12
2022-02-20,12:00:00,20
2022-02-21,12:00:00,23
2022-02-22,13:00:00,19
2022-02-23,11:00:00,3
2022-02-23,12:00:00,28
2022-02-26,12:00:00,38
2022-02-27,11:00:00,2
2022-02-27,12:00:00,17
2022-02-28,12:00:00,16
2022-03-01,12:00:00,15
2022-03-02,12:00:00,41
2022-03-04,12:00:00,34
2022-03-06,12:00:00,40
2022-03-07,11:00:00,3
2022-03-07,12:00:00,8
2022-03-08,12:00:00,16
2022-03-09,12:00:00,23
2022-03-10,12:00:00,27
2022-03-11,12:00:00,22
2022-03-12,12:00:00,45
2022-03-13,12:00:00,29
2022-03-14,11:00:00,1
2022-03-14,12:00:00,20
2022-03-14,13:00:00,15
2022-03-16,12:00:00,61
2022-03-18,12:00:00,35
2022-03-21,12:00:00,45
2022-03-22,13:00:00,18
2022-03-23,12:00:00,38
2022-03-25,12:00:00,16
2022-03-26,12:00:00,34
2022-03-28,12:00:00,22
2022-03-29,12:00:00,13
2022-03-30,12:00:00,30
2022-03-31,12:00:00,40
2022-04-02,12:00:00,27
2022-04-03,12:00:00,23
2022-04-04,12:00:00,10
2022-04-05,12:00:00,12
2022-04-06,12:00:00,19
2022-04-07,12:00:00,26
2022-04-08,12:00:00,28
2022-04-09,12:00:00,14
2022-04-11,12:00:00,34
2022-04-12,12:00:00,11
2022-04-13,12:00:00,24
2022-04-14,12:00:00,36
2022-04-15,12:00:00,29
2022-04-16,12:00:00,24
2022-04-17,12:00:00,34
2022-04-18,12:00:00,30
2022-04-19,12:00:00,27
2022-04-20,11:00:00,10
2022-04-20,12:00:00,33
2022-04-21,12:00:00,23
2022-04-22,12:00:00,23
2022-04-24,12:00:00,33
2022-04-25,12:00:00,15
2022-04-26,11:00:00,0
2022-04-26,12:00:00,29
2022-04-27,12:00:00,35
2022-04-28,12:00:00,37
2022-04-29,11:00:00,0
2022-04-29,12:00:00,24
2022-04-30,11:00:00,0
2022-04-30,12:00:00,26
2022-05-01,12:00:00,28
2022-05-02,12:00:00,48
2022-05-03,12:00:00,30
2022-05-04,12:00:00,25
2022-05-05,12:00:00,33
2022-05-06,12:00:00,34
2022-05-07,12:00:00,28
2022-05-08,12:00:00,46
2022-05-09,12:00:00,27
2022-05-10,11:00:00,0
2022-05-10,12:00:00,42
2022-05-11,12:00:00,57
2022-05-12,12:00:00,60
2022-05-13,11:00:00,16
2022-05-13,12:00:00,150
2022-05-13,13:00:00,10
2022-05-14,12:00:00,43
2022-05-15,12:00:00,98
2022-05-16,11:00:00,6
2022-05-16,12:00:00,45
2022-05-17,11:00:00,0
2022-05-17,12:00:00,139
2022-05-17,13:00:00,0
2022-05-18,12:00:00,61
2022-05-19,14:00:00,59
2022-05-20,13:00:00,0
2022-05-20,14:00:00,73
2022-05-22,13:00:00,6
2022-05-22,14:00:00,90
2022-05-24,13:00:00,7
2022-05-24,14:00:00,90
2022-05-24,15:00:00,10
2022-05-25,14:00:00,44
2022-05-26,14:00:00,47
2022-05-27,14:00:00,46
2022-05-28,14:00:00,31
2022-05-29,14:00:00,33
2022-05-30,13:00:00,7
2022-05-30,14:00:00,40
2022-06-01,13:00:00,0
2022-06-01,14:00:00,50
2022-06-03,14:00:00,46
2022-06-04,14:00:00,36
2022-06-05,14:00:00,32
2022-06-06,14:00:00,31
2022-06-07,14:00:00,52
2022-06-08,14:00:00,34
2022-06-09,14:00:00,20
2022-06-09,15:00:00,25
2022-06-10,14:00:00,65
2022-06-11,14:00:00,32
2022-06-12,14:00:00,72
2022-06-13,14:00:00,40
2022-06-14,14:00:00,37
2022-06-15,14:00:00,53
2022-06-16,10:00:00,32
2022-06-16,11:00:00,20
2022-06-16,17:00:00,11
2022-06-16,18:00:00,10
2022-06-17,11:00:00,27
2022-06-17,12:00:00,20
2022-06-17,17:00:00,6
2022-06-17,18:00:00,14
2022-06-19,11:00:00,18
2022-06-19,14:00:00,9
2022-06-19,17:00:00,24
2022-06-20,12:00:00,32
2022-06-20,17:00:00,20
2022-06-20,18:00:00,24
2022-06-21,11:00:00,49
2022-06-21,12:00:00,20
2022-06-21,17:00:00,35
2022-06-21,18:00:00,10
2022-06-22,11:00:00,27
2022-06-22,12:00:00,10
2022-06-22,17:00:00,29
2022-06-22,18:00:00,30
2022-06-23,11:00:00,22
2022-06-23,12:00:00,10
2022-06-23,17:00:00,26
2022-06-23,18:00:00,10
2022-06-24,11:00:00,48
2022-06-24,17:00:00,35
2022-06-25,11:00:00,38
2022-06-25,14:00:00,28
2022-06-25,17:00:00,17
2022-06-26,11:00:00,25
2022-06-26,14:00:00,30
2022-06-26,17:00:00,35
2022-06-27,11:00:00,52
2022-06-27,17:00:00,48
2022-06-28,11:00:00,46
2022-06-28,17:00:00,55
2022-06-29,11:00:00,72
2022-06-29,17:00:00,44
2022-06-30,11:00:00,17
2022-06-30,12:00:00,50
2022-06-30,17:00:00,10
2022-06-30,18:00:00,54
2022-07-01,11:00:00,23
2022-07-01,12:00:00,60
2022-07-01,17:00:00,28
2022-07-01,18:00:00,51
2022-07-03,11:00:00,22
2022-07-03,14:00:00,31
2022-07-03,17:00:00,31
2022-07-03,18:00:00,1
2022-07-04,12:00:00,29
2022-07-04,13:00:00,20
2022-07-04,18:00:00,38
2022-07-04,19:00:00,20
2022-07-05,11:00:00,25
2022-07-05,12:00:00,30
2022-07-05,17:00:00,59
2022-07-05,18:00:00,50
2022-07-06,11:00:00,25
2022-07-06,12:00:00,65
2022-07-06,18:00:00,13
2022-07-06,19:00:00,19
2022-07-07,12:00:00,25
2022-07-07,13:00:00,30
2022-07-07,14:00:00,20
2022-07-07,17:00:00,7
2022-07-07,18:00:00,65
2022-07-08,13:00:00,87
2022-07-09,11:00:00,9
2022-07-09,12:00:00,50
2022-07-09,13:00:00,48
2022-07-09,15:00:00,54
2022-07-09,17:00:00,7
2022-07-09,18:00:00,100
2022-07-10,11:00:00,15
2022-07-10,12:00:00,41
2022-07-10,14:00:00,30
2022-07-10,15:00:00,24
2022-07-10,17:00:00,25
2022-07-10,18:00:00,35
2022-07-10,19:00:00,46
2022-07-11,11:00:00,22
2022-07-11,12:00:00,45
2022-07-11,13:00:00,25
2022-07-11,17:00:00,25
2022-07-11,18:00:00,45
2022-07-12,12:00:00,5
2022-07-12,13:00:00,46
2022-07-12,14:00:00,20
2022-07-12,19:00:00,25
2022-07-12,20:00:00,53
2022-07-13,11:00:00,52
2022-07-13,12:00:00,45
2022-07-13,13:00:00,25
2022-07-13,18:00:00,88
2022-07-13,19:00:00,20
2022-07-14,12:00:00,100
2022-07-14,17:00:00,82
2022-07-14,18:00:00,62
2022-07-15,11:00:00,125
2022-07-15,17:00:00,53
2022-07-15,18:00:00,101
2022-07-15,19:00:00,5
2022-07-16,11:00:00,57
2022-07-16,12:00:00,50
2022-07-16,14:00:00,46
2022-07-16,15:00:00,29
2022-07-16,17:00:00,50
2022-07-16,18:00:00,57
2022-07-17,11:00:00,23
2022-07-17,12:00:00,100
2022-07-17,14:00:00,10
2022-07-17,15:00:00,55
2022-07-17,17:00:00,27
2022-07-17,18:00:00,69
2022-07-18,12:00:00,135
2022-07-18,13:00:00,45
2022-07-18,18:00:00,60
2022-07-18,19:00:00,116
2022-07-19,12:00:00,84
2022-07-19,13:00:00,88
2022-07-19,17:00:00,41
2022-07-19,18:00:00,98
2022-07-19,19:00:00,32
2022-07-20,11:00:00,44
2022-07-20,12:00:00,105
2022-07-20,13:00:00,23
2022-07-20,17:00:00,29
2022-07-20,18:00:00,89
2022-07-20,19:00:00,66
2022-07-21,11:00:00,31
2022-07-21,12:00:00,101
2022-07-21,13:00:00,30
2022-07-21,17:00:00,37
2022-07-21,19:00:00,109
2022-07-21,20:00:00,41
2022-07-22,11:00:00,40
2022-07-22,12:00:00,78
2022-07-22,13:00:00,78
2022-07-22,17:00:00,2
2022-07-22,18:00:00,100
2022-07-22,19:00:00,70
2022-07-22,20:00:00,29
2022-07-23,11:00:00,2
2022-07-23,12:00:00,101
2022-07-23,13:00:00,73
2022-07-23,15:00:00,58
2022-07-23,16:00:00,45
2022-07-23,17:00:00,34
2022-07-23,18:00:00,49
2022-07-23,19:00:00,49
2022-07-23,20:00:00,69
2022-07-23,21:00:00,76
2022-07-24,11:00:00,90
2022-07-24,12:00:00,80
2022-07-24,14:00:00,107
2022-07-24,15:00:00,79
2022-07-24,17:00:00,56
2022-07-24,18:00:00,124
2022-07-25,11:00:00,105
2022-07-25,12:00:00,79
2022-07-25,17:00:00,100
2022-07-25,18:00:00,91
2022-07-26,11:00:00,59
2022-07-26,12:00:00,111
2022-07-26,13:00:00,20
2022-07-26,16:00:00,2
2022-07-26,17:00:00,101
2022-07-26,18:00:00,72
2022-07-27,11:00:00,66
2022-07-27,12:00:00,78
2022-07-27,13:00:00,57
2022-07-27,17:00:00,67
2022-07-27,18:00:00,103
2022-07-27,19:00:00,32
2022-07-28,11:00:00,53
2022-07-28,12:00:00,118
2022-07-28,13:00:00,10
2022-07-28,15:00:00,106
2022-07-28,16:00:00,70
2022-07-28,17:00:00,94
2022-07-28,18:00:00,74
2022-07-29,11:00:00,87
2022-07-29,12:00:00,97
2022-07-29,13:00:00,4
2022-07-29,16:00:00,2
2022-07-29,17:00:00,98
2022-07-29,18:00:00,72
2022-07-30,11:00:00,29
2022-07-30,12:00:00,61
2022-07-30,13:00:00,83
2022-07-30,14:00:00,67
2022-07-30,15:00:00,65
2022-07-30,16:00:00,43
2022-07-30,17:00:00,50
2022-07-30,18:00:00,71
2022-07-30,19:00:00,34
2022-07-31,11:00:00,77
2022-07-31,12:00:00,91
2022-07-31,13:00:00,32
2022-07-31,14:00:00,101
2022-07-31,15:00:00,35
2022-07-31,17:00:00,72
2022-07-31,18:00:00,99
2022-07-31,19:00:00,2
2022-08-01,11:00:00,75
2022-08-01,12:00:00,77
2022-08-01,13:00:00,25
2022-08-01,17:00:00,80
2022-08-01,18:00:00,68
2022-08-02,11:00:00,65
2022-08-02,12:00:00,74
2022-08-02,13:00:00,17
2022-08-02,17:00:00,73
2022-08-02,18:00:00,85
2022-08-02,19:00:00,4
2022-08-03,11:00:00,58
2022-08-03,12:00:00,104
2022-08-03,13:00:00,64
2022-08-03,17:00:00,54
2022-08-03,18:00:00,54
2022-08-04,11:00:00,33
2022-08-04,12:00:00,73
2022-08-04,13:00:00,53
2022-08-05,11:00:00,30
2022-08-05,12:00:00,71
2022-08-05,13:00:00,57
2022-08-05,17:00:00,73
2022-08-05,18:00:00,43
2022-08-06,11:00:00,30
2022-08-06,12:00:00,89
2022-08-06,13:00:00,27
2022-08-06,14:00:00,30
2022-08-06,15:00:00,11
2022-08-06,17:00:00,38
2022-08-06,18:00:00,4
2022-08-07,11:00:00,78
2022-08-07,12:00:00,10
2022-08-07,14:00:00,37
2022-08-07,17:00:00,68
2022-08-07,18:00:00,31
2022-08-08,11:00:00,47
2022-08-08,12:00:00,56
2022-08-08,16:00:00,5
2022-08-08,17:00:00,74
2022-08-09,11:00:00,60
2022-08-09,17:00:00,64
2022-08-10,11:00:00,84
2022-08-10,12:00:00,25
2022-08-10,17:00:00,21
2022-08-10,18:00:00,37
2022-08-11,11:00:00,12
2022-08-11,12:00:00,64
2022-08-11,13:00:00,15
2022-08-11,17:00:00,52
2022-08-12,11:00:00,66
2022-08-12,12:00:00,31
2022-08-12,17:00:00,24
2022-08-12,18:00:00,42
2022-08-13,11:00:00,40
2022-08-13,12:00:00,5
2022-08-13,17:00:00,9
2022-08-13,18:00:00,87
2022-08-14,11:00:00,68
2022-08-14,14:00:00,42
2022-08-14,17:00:00,64
2022-08-15,11:00:00,10
2022-08-15,12:00:00,65
2022-08-15,17:00:00,31
2022-08-15,18:00:00,20
2022-08-16,11:00:00,53
2022-08-16,12:00:00,2
2022-08-16,17:00:00,52
2022-08-17,11:00:00,74
2022-08-17,12:00:00,4
2022-08-17,17:00:00,70
2022-08-17,18:00:00,3
2022-08-18,11:00:00,50
2022-08-18,12:00:00,10
2022-08-19,11:00:00,67
2022-08-19,12:00:00,2
2022-08-20,11:00:00,97
2022-08-20,12:00:00,18
2022-08-20,17:00:00,64
2022-08-20,18:00:00,10
2022-08-21,11:00:00,54
2022-08-21,12:00:00,21
2022-08-21,17:00:00,76
2022-08-22,11:00:00,50
2022-08-22,17:00:00,43
2022-08-23,17:00:00,92
2022-08-24,11:00:00,58
2022-08-24,17:00:00,34
2022-08-24,18:00:00,5
2022-08-25,11:00:00,46
2022-08-25,12:00:00,12
2022-08-25,17:00:00,48
2022-08-25,18:00:00,16
2022-08-26,11:00:00,56
2022-08-26,12:00:00,4
2022-08-26,17:00:00,30
2022-08-26,18:00:00,11
2022-08-27,11:00:00,50
2022-08-27,12:00:00,24
2022-08-28,11:00:00,51
2022-08-28,12:00:00,27
2022-08-28,17:00:00,69
2022-08-29,11:00:00,44
2022-08-29,17:00:00,46
2022-08-29,18:00:00,16
2022-08-30,11:00:00,29
2022-08-30,12:00:00,0
2022-08-30,17:00:00,39
2022-08-30,18:00:00,10
2022-08-31,11:00:00,25
2022-08-31,12:00:00,37
2022-08-31,17:00:00,26
2022-09-01,11:00:00,14
2022-09-01,12:00:00,35
2022-09-01,17:00:00,44
2022-09-01,18:00:00,11
2022-09-02,11:00:00,25
2022-09-02,12:00:00,31
2022-09-02,17:00:00,17
2022-09-02,18:00:00,30
2022-09-03,11:00:00,5
2022-09-03,12:00:00,63
2022-09-03,13:00:00,2
2022-09-03,14:00:00,4
2022-09-03,15:00:00,40
2022-09-03,17:00:00,34
2022-09-03,18:00:00,50
2022-09-04,11:00:00,2
2022-09-04,12:00:00,69
2022-09-04,14:00:00,29
2022-09-04,15:00:00,13
2022-09-04,17:00:00,11
2022-09-04,18:00:00,46
2022-09-05,11:00:00,12
2022-09-05,12:00:00,26
2022-09-05,17:00:00,9
2022-09-05,18:00:00,49
2022-09-06,11:00:00,19
2022-09-06,12:00:00,28
2022-09-06,17:00:00,15
2022-09-06,18:00:00,36
2022-09-07,15:00:00,13
2022-09-07,16:00:00,62
2022-09-08,15:00:00,38
2022-09-08,16:00:00,43
2022-09-09,16:00:00,82
2022-09-10,16:00:00,77
2022-09-10,17:00:00,2
2022-09-11,16:00:00,74
2022-09-11,17:00:00,2
2022-09-12,16:00:00,72
2022-09-12,17:00:00,15
2022-09-13,16:00:00,65
2022-09-14,16:00:00,60
2022-09-14,17:00:00,13
2022-09-15,16:00:00,59
2022-09-15,17:00:00,0
2022-09-16,16:00:00,48
2022-09-16,17:00:00,28
2022-09-17,17:00:00,32
2022-09-17,18:00:00,51
2022-09-18,16:00:00,78
2022-09-19,16:00:00,37
2022-09-19,17:00:00,46
2022-09-20,15:00:00,73
2022-09-20,16:00:00,1
2022-09-21,16:00:00,51
2022-09-22,16:00:00,74
2022-09-23,16:00:00,28
2022-09-23,17:00:00,41
2022-09-24,16:00:00,84
2022-09-25,16:00:00,51
2022-09-25,17:00:00,5
2022-09-26,16:00:00,49
2022-09-27,16:00:00,50
2022-09-27,17:00:00,31
2022-09-28,15:00:00,10
2022-09-28,16:00:00,39
2022-09-29,15:00:00,8
2022-09-29,16:00:00,62
2022-09-30,16:00:00,39
2022-09-30,17:00:00,20
2022-10-01,16:00:00,73
2022-10-01,17:00:00,1
2022-10-02,16:00:00,16
2022-10-02,17:00:00,15
2022-10-03,15:00:00,8
2022-10-03,16:00:00,25
2022-10-04,15:00:00,9
2022-10-04,16:00:00,39
2022-10-05,16:00:00,58
2022-10-06,16:00:00,54
2022-10-07,16:00:00,71
2022-10-08,16:00:00,42
2022-10-08,17:00:00,7
2022-10-09,16:00:00,46
2022-10-10,16:00:00,6
2022-10-10,17:00:00,25
2022-10-11,16:00:00,42
2022-10-12,16:00:00,38
2022-10-13,16:00:00,51
2022-10-14,16:00:00,39
2022-10-15,16:00:00,33
2022-10-15,17:00:00,14
2022-10-16,16:00:00,48
2022-10-17,16:00:00,41
2022-10-18,16:00:00,57
2022-10-19,16:00:00,36
2022-10-20,16:00:00,12
2022-10-20,17:00:00,1
2022-10-21,16:00:00,35
2022-10-22,16:00:00,40
2022-10-23,16:00:00,42
2022-10-25,16:00:00,35
2022-10-26,16:00:00,18
2022-10-27,16:00:00,37
2022-10-28,16:00:00,40
2022-10-29,16:00:00,30
2022-10-30,16:00:00,29
2022-10-31,16:00:00,15
2022-11-01,17:00:00,11
2022-11-01,18:00:00,2
2022-11-02,12:00:00,25
2022-11-02,13:00:00,12
2022-11-03,16:00:00,23
2022-11-04,16:00:00,24
2022-11-05,16:00:00,14
2022-11-06,16:00:00,15
2022-11-07,18:00:00,11
2022-11-08,16:00:00,30
2022-11-09,16:00:00,39
2022-11-10,16:00:00,28
2022-11-11,16:00:00,15
2022-11-12,16:00:00,16
2022-11-13,16:00:00,30
2022-11-14,16:00:00,13
2022-11-14,17:00:00,1
2022-11-15,16:00:00,32
2022-11-16,16:00:00,45
2022-11-17,16:00:00,21
2022-11-18,15:00:00,22
2022-11-19,15:00:00,30
2022-11-19,16:00:00,31
2022-11-20,16:00:00,28
2022-11-21,12:00:00,0
2022-11-22,15:00:00,12
2022-11-22,16:00:00,20
2022-11-23,15:00:00,22
2022-11-25,15:00:00,24
2022-11-25,16:00:00,24
2022-11-26,15:00:00,25
2022-11-27,15:00:00,17
2022-11-28,15:00:00,19
2022-11-29,15:00:00,19
2022-11-29,16:00:00,2
2022-12-01,16:00:00,12
2022-12-01,17:00:00,30
2022-12-02,16:00:00,17
2022-12-03,16:00:00,50
2022-12-04,16:00:00,26
2022-12-05,16:00:00,17
2022-12-06,14:00:00,11
2022-12-07,16:00:00,20
2022-12-08,16:00:00,22
2022-12-09,14:00:00,38
2022-12-10,14:00:00,12
2022-12-12,16:00:00,32
2022-12-13,16:00:00,31
2022-12-15,15:00:00,25
2022-12-15,16:00:00,30
2022-12-16,15:00:00,9
2022-12-16,16:00:00,9
2022-12-17,15:00:00,5
2022-12-17,16:00:00,10
2022-12-18,16:00:00,29
2022-12-19,15:00:00,8
2022-12-19,16:00:00,7
2022-12-20,15:00:00,14
2022-12-20,16:00:00,14
2022-12-21,15:00:00,3
2022-12-21,16:00:00,26
2022-12-26,15:00:00,20
2022-12-26,16:00:00,2
2022-12-27,15:00:00,16
2022-12-27,16:00:00,6
2022-12-28,15:00:00,8
2022-12-28,16:00:00,34
2022-12-29,14:00:00,17
2022-12-29,15:00:00,31
2022-12-31,15:00:00,13
2022-12-31,16:00:00,20
2023-01-02,15:00:00,3
2023-01-02,16:00:00,10
2023-01-03,15:00:00,1
2023-01-03,16:00:00,1
2023-01-04,15:00:00,13
2023-01-04,16:00:00,15
2023-01-05,15:00:00,4
2023-01-05,16:00:00,14
2023-01-06,15:00:00,3
2023-01-06,16:00:00,21
2023-01-07,15:00:00,10
2023-01-07,16:00:00,2
2023-01-08,15:00:00,10
2023-01-08,16:00:00,8
2023-01-09,13:00:00,11
2023-01-09,14:00:00,10
2023-01-10,13:00:00,21
2023-01-11,13:00:00,13
2023-01-12,13:00:00,12
2023-01-13,13:00:00,13
2023-01-13,14:00:00,1
2023-01-14,13:00:00,2
2023-01-14,14:00:00,5
2023-01-15,13:00:00,21
2023-01-16,16:00:00,6
2023-01-17,13:00:00,9
2023-01-18,15:00:00,19
2023-01-19,16:00:00,8
2023-01-20,13:00:00,0
2023-01-20,14:00:00,10
2023-01-21,14:00:00,2
2023-01-21,15:00:00,14
2023-01-22,13:00:00,12
2023-01-23,14:00:00,6
2023-01-24,14:00:00,10
2023-01-24,15:00:00,8
2023-01-25,16:00:00,9
2023-01-26,14:00:00,15
2023-01-28,15:00:00,20
2023-01-28,16:00:00,4
2023-01-29,13:00:00,22
2023-01-29,14:00:00,6
2023-01-30,15:00:00,18
2023-01-31,15:00:00,16
2023-02-01,13:00:00,17
2023-02-01,14:00:00,9
2023-02-02,13:00:00,6
2023-02-03,14:00:00,16
2023-02-04,13:00:00,4
2023-02-04,14:00:00,8
2023-02-05,13:00:00,14
2023-02-05,14:00:00,1
2023-02-06,13:00:00,19
2023-02-06,14:00:00,1
2023-02-07,13:00:00,11
2023-02-08,16:00:00,9
2023-02-09,13:00:00,29
2023-02-11,13:00:00,18
2023-02-11,14:00:00,20
2023-02-12,13:00:00,14
2023-02-13,14:00:00,16
2023-02-13,15:00:00,0
2023-02-14,13:00:00,9
2023-02-15,13:00:00,20
2023-02-15,14:00:00,2
2023-02-16,14:00:00,22
2023-02-17,15:00:00,14
2023-02-18,16:00:00,26
2023-02-19,15:00:00,30
2023-02-20,15:00:00,14
2023-02-21,15:00:00,6
2023-02-22,15:00:00,28
2023-02-23,15:00:00,18
2023-02-24,14:00:00,5
2023-02-24,15:00:00,16
2023-02-25,14:00:00,4
2023-02-25,15:00:00,13
2023-02-26,14:00:00,7
2023-02-26,15:00:00,8
2023-02-27,15:00:00,11
2023-02-27,16:00:00,10
2023-02-28,16:00:00,22
2023-03-01,16:00:00,17
2023-03-02,15:00:00,29
2023-03-03,15:00:00,7
2023-03-04,15:00:00,8
2023-03-05,14:00:00,16
2023-03-05,15:00:00,4
2023-03-06,14:00:00,11
2023-03-06,15:00:00,14
2023-03-07,14:00:00,10
2023-03-07,15:00:00,2
2023-03-08,16:00:00,16
2023-03-09,14:00:00,25
2023-03-09,15:00:00,7
2023-03-10,15:00:00,20
2023-03-11,15:00:00,32
2023-03-12,14:00:00,9
2023-03-12,15:00:00,21
2023-03-13,15:00:00,29
2023-03-14,14:00:00,9
2023-03-14,15:00:00,20
2023-03-15,15:00:00,36
2023-03-16,15:00:00,19
2023-03-17,14:00:00,15
2023-03-18,15:00:00,17
2023-03-19,15:00:00,24
2023-03-20,15:00:00,29
2023-03-21,15:00:00,32
2023-03-22,16:00:00,25
2023-03-23,15:00:00,15
2023-03-24,15:00:00,21
2023-03-25,15:00:00,15
2023-03-26,15:00:00,20
2023-03-27,15:00:00,23
2023-03-28,14:00:00,1
2023-03-28,15:00:00,21
2023-03-29,15:00:00,15
2023-03-30,15:00:00,30
2023-03-31,15:00:00,27
2023-04-01,17:00:00,23
2023-04-02,15:00:00,25
2023-04-03,14:00:00,23
2023-04-04,15:00:00,20
2023-04-05,15:00:00,12
2023-04-05,16:00:00,30
2023-04-06,15:00:00,19
2023-04-07,15:00:00,30
2023-04-08,15:00:00,15
2023-04-09,16:00:00,21
2023-04-10,16:00:00,27
2023-04-11,15:00:00,15
2023-04-13,16:00:00,20
2023-04-13,17:00:00,13
2023-04-15,15:00:00,36
2023-04-16,14:00:00,7
2023-04-16,15:00:00,19
2023-04-17,15:00:00,25
2023-04-18,12:00:00,1
2023-04-18,13:00:00,11
2023-04-18,17:00:00,9
2023-04-19,12:00:00,13
2023-04-19,13:00:00,17
2023-04-19,17:00:00,15
2023-04-20,13:00:00,18
2023-04-20,17:00:00,11
2023-04-21,12:00:00,13
2023-04-21,13:00:00,11
2023-04-21,17:00:00,6
2023-04-22,13:00:00,12
2023-04-22,17:00:00,18
2023-04-23,14:00:00,19
2023-04-23,17:00:00,15
2023-04-24,13:00:00,11
2023-04-24,17:00:00,1
2023-04-25,12:00:00,6
2023-04-25,13:00:00,5
2023-04-26,12:00:00,11
2023-04-26,13:00:00,16
2023-04-26,17:00:00,17
2023-04-27,12:00:00,7
2023-04-27,13:00:00,10
2023-04-27,17:00:00,14
2023-04-28,13:00:00,22
2023-04-28,17:00:00,9
2023-04-29,12:00:00,5
2023-04-29,13:00:00,6
2023-04-29,17:00:00,9
2023-04-30,12:00:00,4
2023-04-30,13:00:00,15
2023-04-30,17:00:00,3
2023-05-01,13:00:00,22
2023-05-01,14:00:00,4
2023-05-01,17:00:00,6
2023-05-02,17:00:00,9
2023-05-03,17:00:00,5
2023-05-03,18:00:00,23
2023-05-04,13:00:00,21
2023-05-04,17:00:00,18
2023-05-05,12:00:00,8
2023-05-05,13:00:00,22
2023-05-05,17:00:00,30
2023-05-06,12:00:00,7
2023-05-06,13:00:00,9
2023-05-06,20:00:00,6
2023-05-07,12:00:00,6
2023-05-07,13:00:00,12
2023-05-07,17:00:00,15
2023-05-08,13:00:00,22
2023-05-08,17:00:00,14
2023-05-09,12:00:00,11
2023-05-09,13:00:00,12
2023-05-09,17:00:00,20
2023-05-10,13:00:00,19
2023-05-10,17:00:00,18
2023-05-11,13:00:00,36
2023-05-11,17:00:00,6
2023-05-12,13:00:00,29
2023-05-12,17:00:00,6
2023-05-12,18:00:00,14
2023-05-13,13:00:00,20
2023-05-13,17:00:00,21
2023-05-14,13:00:00,45
2023-05-14,17:00:00,11
2023-05-15,13:00:00,35
2023-05-15,22:00:00,17
2023-05-16,13:00:00,29
2023-05-16,17:00:00,21
2023-05-17,13:00:00,44
2023-05-17,19:00:00,1
2023-05-18,11:00:00,16
2023-05-18,12:00:00,46
2023-05-18,18:00:00,33
2023-05-19,11:00:00,22
2023-05-19,12:00:00,18
2023-05-19,18:00:00,18
2023-05-20,12:00:00,6
2023-05-20,18:00:00,15
2023-05-21,12:00:00,39
2023-05-21,18:00:00,20
2023-05-22,13:00:00,29
2023-05-22,18:00:00,20
2023-05-23,12:00:00,22
2023-05-23,18:00:00,17
2023-05-24,12:00:00,44
2023-05-24,18:00:00,25
2023-05-25,12:00:00,34
2023-05-25,18:00:00,22
2023-05-26,12:00:00,31
2023-05-26,18:00:00,23
2023-05-27,12:00:00,20
2023-05-27,18:00:00,6
2023-05-28,12:00:00,24
2023-05-28,18:00:00,24
2023-05-29,12:00:00,30
2023-05-29,18:00:00,15
2023-05-30,12:00:00,24
2023-05-30,18:00:00,32
2023-05-31,12:00:00,37
2023-05-31,18:00:00,38
2023-06-01,12:00:00,42
2023-06-01,17:00:00,20
2023-06-02,12:00:00,19
2023-06-02,17:00:00,16
2023-06-02,18:00:00,1
2023-06-03,12:00:00,17
2023-06-03,18:00:00,16
2023-06-04,12:00:00,33
2023-06-04,17:00:00,8
2023-06-04,18:00:00,3
2023-06-05,12:00:00,30
2023-06-05,17:00:00,6
2023-06-05,18:00:00,3
2023-06-06,12:00:00,28
2023-06-06,18:00:00,33
2023-06-07,12:00:00,56
2023-06-07,18:00:00,29
2023-06-08,12:00:00,32
2023-06-08,16:00:00,20
2023-06-08,17:00:00,12
2023-06-09,12:00:00,36
2023-06-09,18:00:00,22
2023-06-10,12:00:00,26
2023-06-10,18:00:00,17
2023-06-11,12:00:00,31
2023-06-11,18:00:00,15
2023-06-12,12:00:00,37
2023-06-12,16:00:00,15
2023-06-12,17:00:00,7
2023-06-13,12:00:00,32
2023-06-13,13:00:00,5
2023-06-13,17:00:00,8
2023-06-13,18:00:00,3
2023-06-14,12:00:00,39
2023-06-14,17:00:00,21
2023-06-14,18:00:00,9
2023-06-15,11:00:00,40
2023-06-15,18:00:00,29
2023-06-16,14:00:00,39
2023-06-16,18:00:00,27
2023-06-17,11:00:00,18
2023-06-17,15:00:00,16
2023-06-17,18:00:00,23
2023-06-18,11:00:00,26
2023-06-18,15:00:00,12
2023-06-18,19:00:00,12
2023-06-19,11:00:00,31
2023-06-19,18:00:00,18
2023-06-20,11:00:00,42
2023-06-20,12:00:00,25
2023-06-20,18:00:00,36
2023-06-21,11:00:00,52
2023-06-21,18:00:00,36
2023-06-22,11:00:00,47
2023-06-22,18:00:00,49
2023-06-23,14:00:00,37
2023-06-23,18:00:00,14
2023-06-24,11:00:00,24
2023-06-24,15:00:00,36
2023-06-24,18:00:00,24
2023-06-25,11:00:00,53
2023-06-25,15:00:00,16
2023-06-25,18:00:00,14
2023-06-26,11:00:00,68
2023-06-26,18:00:00,52
2023-06-27,11:00:00,51
2023-06-27,18:00:00,28
2023-06-27,19:00:00,20
2023-06-28,11:00:00,41
2023-06-28,18:00:00,34
2023-06-29,11:00:00,73
2023-06-29,12:00:00,17
2023-06-29,19:00:00,65
2023-06-30,13:00:00,2
2023-06-30,14:00:00,94
2023-06-30,15:00:00,7
2023-06-30,18:00:00,68
2023-07-01,11:00:00,40
2023-07-01,12:00:00,43
2023-07-01,15:00:00,53
2023-07-01,19:00:00,51
2023-07-01,20:00:00,15
2023-07-02,11:00:00,42
2023-07-02,15:00:00,31
2023-07-02,18:00:00,53
2023-07-02,19:00:00,1
2023-07-03,10:00:00,66
2023-07-03,11:00:00,27
2023-07-03,18:00:00,65
2023-07-04,11:00:00,56
2023-07-04,12:00:00,30
2023-07-04,18:00:00,68
2023-07-04,19:00:00,6
2023-07-05,11:00:00,78
2023-07-05,12:00:00,1
2023-07-05,18:00:00,55
2023-07-05,19:00:00,17
2023-07-06,11:00:00,54
2023-07-06,12:00:00,40
2023-07-06,18:00:00,49
2023-07-06,19:00:00,41
2023-07-07,14:00:00,95
2023-07-07,15:00:00,35
2023-07-07,18:00:00,82
2023-07-08,11:00:00,74
2023-07-08,12:00:00,41
2023-07-08,15:00:00,99
2023-07-08,16:00:00,2
2023-07-09,11:00:00,49
2023-07-09,12:00:00,15
2023-07-09,17:00:00,57
2023-07-09,18:00:00,80
2023-07-09,19:00:00,18
2023-07-10,11:00:00,82
2023-07-10,12:00:00,19
2023-07-10,18:00:00,49
2023-07-10,19:00:00,27
2023-07-11,11:00:00,45
2023-07-11,12:00:00,32
2023-07-11,18:00:00,85
2023-07-12,11:00:00,90
2023-07-12,18:00:00,85
2023-07-13,11:00:00,65
2023-07-13,12:00:00,43
2023-07-13,18:00:00,80
2023-07-14,13:00:00,39
2023-07-14,14:00:00,142
2023-07-14,15:00:00,43
2023-07-14,18:00:00,57
2023-07-14,19:00:00,28
2023-07-15,11:00:00,93
2023-07-15,12:00:00,79
2023-07-15,14:00:00,87
2023-07-15,15:00:00,96
2023-07-15,16:00:00,16
2023-07-15,17:00:00,22
2023-07-15,18:00:00,57
2023-07-16,10:00:00,18
2023-07-16,11:00:00,111
2023-07-16,12:00:00,1
2023-07-16,15:00:00,102
2023-07-16,16:00:00,24
2023-07-16,17:00:00,21
2023-07-16,18:00:00,38
2023-07-17,10:00:00,17
2023-07-17,11:00:00,115
2023-07-17,12:00:00,2
2023-07-17,17:00:00,28
2023-07-17,18:00:00,127
2023-07-18,11:00:00,86
2023-07-18,17:00:00,17
2023-07-18,18:00:00,100
2023-07-18,19:00:00,43
2023-07-19,10:00:00,47
2023-07-19,11:00:00,68
2023-07-19,12:00:00,1
2023-07-19,17:00:00,47
2023-07-19,18:00:00,109
2023-07-20,10:00:00,64
2023-07-20,11:00:00,73
2023-07-20,17:00:00,16
2023-07-20,18:00:00,65
2023-07-21,06:00:00,39
2023-07-21,07:00:00,73
2023-07-21,08:00:00,13
2023-07-21,13:00:00,54
2023-07-21,14:00:00,167
2023-07-21,17:00:00,78
2023-07-21,18:00:00,95
2023-07-21,19:00:00,3
2023-07-22,07:00:00,149
2023-07-22,08:00:00,26
2023-07-22,10:00:00,33
2023-07-22,11:00:00,124
2023-07-22,12:00:00,17
2023-07-22,14:00:00,74
2023-07-22,15:00:00,100
2023-07-22,17:00:00,58
2023-07-22,18:00:00,127
2023-07-22,19:00:00,2
2023-07-23,10:00:00,21
2023-07-23,11:00:00,132
2023-07-23,12:00:00,43
2023-07-23,14:00:00,54
2023-07-23,15:00:00,129
2023-07-23,16:00:00,14
2023-07-23,17:00:00,37
2023-07-23,18:00:00,118
2023-07-23,19:00:00,30
2023-07-24,12:00:00,41
2023-07-24,13:00:00,133
2023-07-24,14:00:00,23
2023-07-24,18:00:00,96
2023-07-24,19:00:00,73
2023-07-25,11:00:00,135
2023-07-25,12:00:00,54
2023-07-25,17:00:00,37
2023-07-25,18:00:00,108
2023-07-25,19:00:00,32
2023-07-26,07:00:00,98
2023-07-26,08:00:00,62
2023-07-26,10:00:00,51
2023-07-26,11:00:00,146
2023-07-26,12:00:00,2
2023-07-26,17:00:00,30
2023-07-26,18:00:00,127
2023-07-26,19:00:00,13
2023-07-27,10:00:00,83
2023-07-27,11:00:00,115
2023-07-27,12:00:00,1
2023-07-27,17:00:00,24
2023-07-27,18:00:00,60
2023-07-27,19:00:00,5
2023-07-28,13:00:00,44
2023-07-28,14:00:00,124
2023-07-28,15:00:00,10
2023-07-28,19:00:00,23
2023-07-28,20:00:00,125
2023-07-28,21:00:00,31
2023-07-29,07:00:00,116
2023-07-29,08:00:00,15
2023-07-29,10:00:00,29
2023-07-29,11:00:00,128
2023-07-29,12:00:00,17
2023-07-29,15:00:00,83
2023-07-29,16:00:00,83
2023-07-29,20:00:00,25
2023-07-29,21:00:00,117
2023-07-30,10:00:00,13
2023-07-30,11:00:00,136
2023-07-30,14:00:00,86
2023-07-30,15:00:00,106
2023-07-30,17:00:00,23
2023-07-30,18:00:00,140
2023-07-30,19:00:00,34
2023-07-31,17:00:00,32
2023-07-31,18:00:00,103
2023-07-31,19:00:00,38
2023-08-01,10:00:00,36
2023-08-01,11:00:00,70
2023-08-01,12:00:00,28
2023-08-01,17:00:00,60
2023-08-01,18:00:00,118
2023-08-02,10:00:00,27
2023-08-02,11:00:00,111
2023-08-02,12:00:00,2
2023-08-02,17:00:00,40
2023-08-02,18:00:00,94
2023-08-02,19:00:00,38
2023-08-03,11:00:00,108
2023-08-03,12:00:00,26
2023-08-03,18:00:00,80
2023-08-03,19:00:00,5
2023-08-04,13:00:00,59
2023-08-04,14:00:00,56
2023-08-04,17:00:00,26
2023-08-04,18:00:00,41
2023-08-05,10:00:00,21
2023-08-05,11:00:00,86
2023-08-05,14:00:00,30
2023-08-05,15:00:00,43
2023-08-05,18:00:00,35
2023-08-06,11:00:00,78
2023-08-06,14:00:00,38
2023-08-06,15:00:00,17
2023-08-06,18:00:00,48
2023-08-06,19:00:00,12
2023-08-07,10:00:00,13
2023-08-07,11:00:00,88
2023-08-07,12:00:00,10
2023-08-07,18:00:00,52
2023-08-08,11:00:00,93
2023-08-08,18:00:00,78
2023-08-09,11:00:00,64
2023-08-09,12:00:00,27
2023-08-09,18:00:00,13
2023-08-09,19:00:00,40
2023-08-10,10:00:00,19
2023-08-10,11:00:00,98
2023-08-10,17:00:00,21
2023-08-10,18:00:00,59
2023-08-11,13:00:00,33
2023-08-11,14:00:00,60
2023-08-11,18:00:00,48
2023-08-12,11:00:00,99
2023-08-12,15:00:00,31
2023-08-12,18:00:00,19
2023-08-12,19:00:00,44
2023-08-13,11:00:00,67
2023-08-13,15:00:00,94
2023-08-13,18:00:00,25
2023-08-14,11:00:00,52
2023-08-14,18:00:00,40
2023-08-14,19:00:00,4
2023-08-15,11:00:00,95
2023-08-15,12:00:00,4
2023-08-16,11:00:00,101
2023-08-16,12:00:00,15
2023-08-17,11:00:00,50
2023-08-17,18:00:00,56
2023-08-17,19:00:00,1
2023-08-18,14:00:00,60
2023-08-18,18:00:00,64
2023-08-19,11:00:00,81
2023-08-19,12:00:00,11
2023-08-19,18:00:00,81
2023-08-20,11:00:00,82
2023-08-20,17:00:00,57
2023-08-21,11:00:00,99
2023-08-21,18:00:00,47
2023-08-22,11:00:00,59
2023-08-22,18:00:00,49
2023-08-23,11:00:00,46
2023-08-23,18:00:00,48
2023-08-24,11:00:00,47
2023-08-24,18:00:00,48
2023-08-24,19:00:00,10
2023-08-25,14:00:00,62
2023-08-25,18:00:00,36
2023-08-25,19:00:00,10
2023-08-26,11:00:00,77
2023-08-26,18:00:00,41
2023-08-26,19:00:00,24
2023-08-27,11:00:00,52
2023-08-27,12:00:00,5
2023-08-27,18:00:00,58
2023-08-28,11:00:00,30
2023-08-28,18:00:00,45
2023-08-29,11:00:00,43
2023-08-29,18:00:00,57
2023-08-29,19:00:00,2
2023-08-30,11:00:00,51
2023-08-30,12:00:00,13
2023-08-30,18:00:00,47
2023-08-30,19:00:00,15
2023-08-31,11:00:00,59
2023-08-31,18:00:00,15
2023-09-01,14:00:00,68
2023-09-01,18:00:00,36
2023-09-02,11:00:00,74
2023-09-02,18:00:00,56
2023-09-02,19:00:00,27
2023-09-03,11:00:00,52
2023-09-03,18:00:00,53
2023-09-03,19:00:00,0
2023-09-04,11:00:00,56
2023-09-04,18:00:00,47
2023-09-04,19:00:00,35
2023-09-05,10:00:00,45
2023-09-05,19:00:00,74
2023-09-06,11:00:00,51
2023-09-06,17:00:00,58
2023-09-06,18:00:00,2
2023-09-07,10:00:00,27
2023-09-07,11:00:00,40
2023-09-07,17:00:00,82
2023-09-08,09:00:00,9
2023-09-08,10:00:00,28
2023-09-08,17:00:00,60
2023-09-09,10:00:00,32
2023-09-09,11:00:00,48
2023-09-09,17:00:00,75
2023-09-10,10:00:00,37
2023-09-10,11:00:00,3
2023-09-10,17:00:00,69
2023-09-11,10:00:00,32
2023-09-11,11:00:00,28
2023-09-11,17:00:00,56
2023-09-12,10:00:00,29
2023-09-12,11:00:00,2
2023-09-12,17:00:00,40
2023-09-13,11:00:00,40
2023-09-13,17:00:00,52
2023-09-14,11:00:00,42
2023-09-14,17:00:00,68
2023-09-15,10:00:00,22
2023-09-15,11:00:00,16
2023-09-15,17:00:00,78
2023-09-16,10:00:00,46
2023-09-16,11:00:00,16
2023-09-16,17:00:00,65
2023-09-17,10:00:00,4
2023-09-17,11:00:00,53
2023-09-17,17:00:00,45
2023-09-18,10:00:00,18
2023-09-18,11:00:00,23
2023-09-18,17:00:00,41
2023-09-19,10:00:00,5
2023-09-19,11:00:00,20
2023-09-19,17:00:00,43
2023-09-20,11:00:00,35
2023-09-20,17:00:00,39
2023-09-21,10:00:00,22
2023-09-21,11:00:00,38
2023-09-21,17:00:00,40
2023-09-22,11:00:00,38
2023-09-22,15:00:00,30
2023-09-23,10:00:00,6
2023-09-23,11:00:00,51
2023-09-23,15:00:00,37
2023-09-24,11:00:00,37
2023-09-24,19:00:00,16
2023-09-24,20:00:00,13
2023-09-25,11:00:00,28
2023-09-25,17:00:00,59
2023-09-26,10:00:00,13
2023-09-26,11:00:00,17
2023-09-26,15:00:00,46
2023-09-27,11:00:00,30
2023-09-27,17:00:00,50
2023-09-28,11:00:00,30
2023-09-29,11:00:00,38
2023-09-29,17:00:00,27
2023-09-30,11:00:00,71
2023-09-30,17:00:00,20
2023-10-01,16:00:00,47
2023-10-02,16:00:00,48
2023-10-05,15:00:00,31
2023-10-05,16:00:00,30
2023-10-06,16:00:00,52
2023-10-07,16:00:00,73
2023-10-08,16:00:00,33
2023-10-09,16:00:00,60
2023-10-09,17:00:00,4
2023-10-10,16:00:00,49
2023-10-11,16:00:00,48
2023-10-11,17:00:00,13
2023-10-12,16:00:00,56
2023-10-13,16:00:00,70
2023-10-14,16:00:00,68
2023-10-15,16:00:00,36
2023-10-15,17:00:00,37
2023-10-16,16:00:00,48
2023-10-17,16:00:00,52
2023-10-18,16:00:00,47
2023-10-19,16:00:00,50
2023-10-21,16:00:00,74
2023-10-21,17:00:00,1
2023-10-22,16:00:00,43
2023-10-23,16:00:00,28
2023-10-24,16:00:00,28
2023-10-25,16:00:00,23
2023-10-26,16:00:00,55
2023-10-27,17:00:00,28
2023-10-28,16:00:00,15
2023-10-29,16:00:00,24
2023-10-30,16:00:00,27
2023-10-31,16:00:00,26
2023-11-01,17:00:00,33
2023-11-02,16:00:00,35
2023-11-03,16:00:00,43
2023-11-04,16:00:00,28
2023-11-05,16:00:00,48
2023-11-06,16:00:00,16
2023-11-06,17:00:00,4
2023-11-07,16:00:00,23
2023-11-08,16:00:00,24
2023-11-10,17:00:00,33
2023-11-11,16:00:00,14
2023-11-12,16:00:00,23
2023-11-13,17:00:00,20
2023-11-14,16:00:00,27
2023-11-15,16:00:00,31
2023-11-16,16:00:00,34
2023-11-17,18:00:00,18
2023-11-17,19:00:00,12
2023-11-18,17:00:00,13
2023-11-19,16:00:00,11
2023-11-20,17:00:00,16
2023-11-21,16:00:00,27
2023-11-21,17:00:00,3
2023-11-22,16:00:00,23
2023-11-24,16:00:00,11
2023-11-25,17:00:00,16
2023-11-26,16:00:00,26
2023-11-27,17:00:00,18
2023-11-27,18:00:00,13
2023-11-28,17:00:00,12
2023-11-29,16:00:00,25
2023-12-01,16:00:00,43
2023-12-03,16:00:00,30
2023-12-03,17:00:00,3
2023-12-04,16:00:00,27
2023-12-04,17:00:00,17
2023-12-06,16:00:00,44
2023-12-06,17:00:00,16
2023-12-08,19:00:00,38
2023-12-11,16:00:00,44
2023-12-11,17:00:00,1
2023-12-13,17:00:00,51
2023-12-15,18:00:00,32
2023-12-17,18:00:00,29
2023-12-18,16:00:00,22
2023-12-18,17:00:00,15
2023-12-20,17:00:00,56
2023-12-23,14:00:00,15
2023-12-23,15:00:00,1
2023-12-24,17:00:00,21
2023-12-27,17:00:00,33
2023-12-29,16:00:00,19
2023-12-31,16:00:00,24
2024-01-03,17:00:00,17
2024-01-05,16:00:00,9
2024-01-05,17:00:00,18
2024-01-07,16:00:00,16
2024-01-07,17:00:00,11
2024-01-08,17:00:00,15
2024-01-08,18:00:00,11
2024-01-10,17:00:00,37
2024-01-12,17:00:00,32
2024-01-14,17:00:00,70
2024-01-14,18:00:00,7
2024-01-15,18:00:00,17
2024-01-17,16:00:00,31
2024-01-17,17:00:00,10
2024-01-19,16:00:00,26
2024-01-21,16:00:00,9
2024-01-22,16:00:00,15
2024-01-24,16:00:00,16
2024-01-24,17:00:00,17
2024-01-26,18:00:00,22
2024-01-26,19:00:00,37
2024-01-28,17:00:00,30
2024-01-29,17:00:00,14
2024-01-31,14:00:00,40
2024-01-31,15:00:00,20
2024-02-02,17:00:00,29
2024-02-02,18:00:00,3
2024-02-04,17:00:00,26
2024-02-05,16:00:00,33
2024-02-07,16:00:00,27
2024-02-07,17:00:00,3
2024-02-09,16:00:00,24
2024-02-10,10:00:00,4
2024-02-11,16:00:00,31
2024-02-12,16:00:00,20
2024-02-12,17:00:00,2
2024-02-14,16:00:00,43
2024-02-14,17:00:00,9
2024-02-16,16:00:00,33
2024-02-16,17:00:00,3
2024-02-18,17:00:00,42
2024-02-19,17:00:00,21
2024-02-19,18:00:00,29
2024-02-23,17:00:00,40
2024-02-25,16:00:00,27
2024-02-28,17:00:00,57
2024-03-01,16:00:00,41
2024-03-01,17:00:00,10
2024-03-03,17:00:00,30
2024-03-03,18:00:00,10
2024-03-04,18:00:00,27
2024-03-06,16:00:00,29
2024-03-08,16:00:00,36
2024-03-08,17:00:00,49
2024-03-10,16:00:00,41
2024-03-10,17:00:00,2
2024-03-11,16:00:00,48
2024-03-11,17:00:00,14
2024-03-13,16:00:00,37
2024-03-13,17:00:00,11
2024-03-15,16:00:00,46
2024-03-17,16:00:00,42
2024-03-18,16:00:00,42
2024-03-20,16:00:00,40
2024-03-22,16:00:00,43
2024-03-22,17:00:00,2
2024-03-24,16:00:00,22
2024-03-25,16:00:00,29
2024-03-27,16:00:00,34
2024-03-29,16:00:00,32
2024-03-31,16:00:00,36
2024-04-01,16:00:00,24
2024-04-03,16:00:00,47
2024-04-05,16:00:00,54
2024-04-05,17:00:00,5
2024-04-07,16:00:00,40
2024-04-08,16:00:00,45
2024-04-10,16:00:00,46
2024-04-12,16:00:00,59
2024-04-14,16:00:00,45
2024-04-15,16:00:00,22
2024-04-16,12:00:00,16
2024-04-17,16:00:00,34
2024-04-18,12:00:00,24
2024-04-19,16:00:00,38
2024-04-20,12:00:00,15
2024-04-21,16:00:00,31
2024-04-22,16:00:00,22
2024-04-23,12:00:00,20
2024-04-24,16:00:00,46
2024-04-25,12:00:00,27
2024-04-26,16:00:00,28
2024-04-27,12:00:00,3
2024-04-28,16:00:00,33
2024-04-29,16:00:00,37
2024-04-30,12:00:00,25
2024-05-01,16:00:00,48
2024-05-02,12:00:00,20
2024-05-03,16:00:00,66
2024-05-04,12:00:00,26
2024-05-05,16:00:00,41
2024-05-06,16:00:00,27
2024-05-07,12:00:00,18
2024-05-08,16:00:00,33
2024-05-09,12:00:00,30
2024-05-10,17:00:00,61
2024-05-11,12:00:00,33
2024-05-12,16:00:00,43
2024-05-13,16:00:00,43
2024-05-14,12:00:00,41
2024-05-15,16:00:00,53
2024-05-16,11:00:00,35
2024-05-16,16:00:00,28
2024-05-17,11:00:00,36
2024-05-17,16:00:00,29
2024-05-18,11:00:00,31
2024-05-18,16:00:00,16
2024-05-19,11:00:00,23
2024-05-19,15:00:00,22
2024-05-19,16:00:00,39
2024-05-20,11:00:00,41
2024-05-20,16:00:00,39
2024-05-21,11:00:00,23
2024-05-21,16:00:00,43
2024-05-22,12:00:00,12
2024-05-22,13:00:00,21
2024-05-22,16:00:00,34
2024-05-23,11:00:00,33
2024-05-23,16:00:00,35
2024-05-24,11:00:00,36
2024-05-24,15:00:00,20
2024-05-24,16:00:00,8
2024-05-25,12:00:00,31
2024-05-25,15:00:00,5
2024-05-25,16:00:00,7
2024-05-26,11:00:00,24
2024-05-26,15:00:00,3
2024-05-26,16:00:00,33
2024-05-27,11:00:00,32
2024-05-27,15:00:00,18
2024-05-27,16:00:00,13
2024-05-28,12:00:00,30
2024-05-28,15:00:00,12
2024-05-28,16:00:00,26
2024-05-29,13:00:00,39
2024-05-29,15:00:00,16
2024-05-29,16:00:00,9
2024-05-30,11:00:00,32
2024-05-30,16:00:00,31
2024-05-31,11:00:00,16
2024-05-31,16:00:00,20
2024-06-01,11:00:00,29
2024-06-01,15:00:00,12
2024-06-01,16:00:00,10
2024-06-02,11:00:00,41
2024-06-02,16:00:00,22
2024-06-03,11:00:00,14
2024-06-03,16:00:00,22
2024-06-04,11:00:00,21
2024-06-04,16:00:00,16
2024-06-05,13:00:00,45
2024-06-05,16:00:00,10
2024-06-06,11:00:00,14
2024-06-06,16:00:00,36
2024-06-07,11:00:00,51
2024-06-07,16:00:00,38
2024-06-08,11:00:00,29
2024-06-08,16:00:00,26
2024-06-09,12:00:00,29
2024-06-09,16:00:00,19
2024-06-10,11:00:00,12
2024-06-10,16:00:00,31
2024-06-11,11:00:00,17
2024-06-11,15:00:00,4
2024-06-11,16:00:00,3
2024-06-12,13:00:00,43
2024-06-12,16:00:00,41
2024-06-13,12:00:00,21
2024-06-13,16:00:00,45
2024-06-14,12:00:00,62
2024-06-14,16:00:00,20
2024-06-14,17:00:00,4
2024-06-15,12:00:00,36
2024-06-15,14:00:00,12
2024-06-15,16:00:00,8
2024-06-16,12:00:00,31
2024-06-16,14:00:00,17
2024-06-16,16:00:00,8
2024-06-16,17:00:00,4
2024-06-17,12:00:00,34
2024-06-17,16:00:00,25
2024-06-18,12:00:00,30
2024-06-18,15:00:00,25
2024-06-19,12:00:00,29
2024-06-19,16:00:00,34
2024-06-19,17:00:00,2
2024-06-20,12:00:00,39
2024-06-20,16:00:00,52
2024-06-21,12:00:00,30
2024-06-21,16:00:00,47
2024-06-22,13:00:00,20
2024-06-22,14:00:00,14
2024-06-22,16:00:00,37
2024-06-23,12:00:00,36
2024-06-23,14:00:00,38
2024-06-23,16:00:00,24
2024-06-24,12:00:00,51
2024-06-24,16:00:00,38
2024-06-24,17:00:00,8
2024-06-25,12:00:00,52
2024-06-25,16:00:00,41
2024-06-25,17:00:00,22
2024-06-26,12:00:00,48
2024-06-26,17:00:00,47
2024-06-27,12:00:00,58
2024-06-27,17:00:00,39
2024-06-28,12:00:00,53
2024-06-28,13:00:00,56
2024-06-28,14:00:00,7
2024-06-29,12:00:00,62
2024-06-29,14:00:00,47
2024-06-29,16:00:00,20
2024-06-30,12:00:00,62
2024-06-30,14:00:00,33
2024-06-30,16:00:00,36
2024-06-30,17:00:00,2
2024-07-01,12:00:00,47
2024-07-01,16:00:00,46
2024-07-02,12:00:00,74
2024-07-02,16:00:00,19
2024-07-02,17:00:00,17
2024-07-03,12:00:00,56
2024-07-03,13:00:00,79
2024-07-04,12:00:00,56
2024-07-04,16:00:00,58
2024-07-05,12:00:00,71
2024-07-05,16:00:00,51
2024-07-05,17:00:00,63
2024-07-06,12:00:00,77
2024-07-06,14:00:00,53
2024-07-06,16:00:00,68
2024-07-06,17:00:00,23
2024-07-07,12:00:00,66
2024-07-07,14:00:00,41
2024-07-07,15:00:00,18
2024-07-07,16:00:00,61
2024-07-07,17:00:00,15
2024-07-08,12:00:00,67
2024-07-08,16:00:00,31
2024-07-08,17:00:00,67
2024-07-09,12:00:00,79
2024-07-09,16:00:00,40
2024-07-09,17:00:00,63
2024-07-10,12:00:00,81
2024-07-10,16:00:00,69
2024-07-10,17:00:00,38
2024-07-11,12:00:00,89
2024-07-11,16:00:00,95
2024-07-11,17:00:00,19
2024-07-12,12:00:00,76
2024-07-12,16:00:00,86
2024-07-12,17:00:00,57
2024-07-13,11:00:00,32
2024-07-13,12:00:00,49
2024-07-13,14:00:00,82
2024-07-13,16:00:00,87
2024-07-14,12:00:00,83
2024-07-14,14:00:00,103
2024-07-14,17:00:00,26
2024-07-14,18:00:00,83
2024-07-15,11:00:00,24
2024-07-15,12:00:00,100
2024-07-15,16:00:00,116
2024-07-15,17:00:00,61
2024-07-16,11:00:00,21
2024-07-16,12:00:00,24
2024-07-16,16:00:00,54
2024-07-16,17:00:00,33
2024-07-17,11:00:00,69
2024-07-17,12:00:00,90
2024-07-17,16:00:00,114
2024-07-17,17:00:00,25
2024-07-18,11:00:00,108
2024-07-18,12:00:00,51
2024-07-18,16:00:00,87
2024-07-18,17:00:00,82
2024-07-19,11:00:00,39
2024-07-19,12:00:00,35
2024-07-19,16:00:00,136
2024-07-19,17:00:00,41
2024-07-20,11:00:00,17
2024-07-20,12:00:00,62
2024-07-20,15:00:00,25
2024-07-20,16:00:00,153
2024-07-21,11:00:00,34
2024-07-21,12:00:00,50
2024-07-21,13:00:00,45
2024-07-21,14:00:00,125
2024-07-21,16:00:00,119
2024-07-21,17:00:00,67
2024-07-22,11:00:00,61
2024-07-22,12:00:00,69
2024-07-22,15:00:00,36
2024-07-22,16:00:00,132
2024-07-22,17:00:00,19
2024-07-23,13:00:00,137
2024-07-23,16:00:00,116
2024-07-23,17:00:00,53
2024-07-24,11:00:00,89
2024-07-24,12:00:00,96
2024-07-24,15:00:00,21
2024-07-24,16:00:00,160
2024-07-24,17:00:00,22
2024-07-25,11:00:00,37
2024-07-25,12:00:00,90
2024-07-25,15:00:00,35
2024-07-25,16:00:00,107
2024-07-25,17:00:00,53
2024-07-26,12:00:00,85
2024-07-26,15:00:00,21
2024-07-26,16:00:00,104
2024-07-26,17:00:00,60
2024-07-27,11:00:00,49
2024-07-27,12:00:00,27
2024-07-27,13:00:00,66
2024-07-27,14:00:00,126
2024-07-27,16:00:00,30
2024-07-27,17:00:00,103
2024-07-27,18:00:00,30
2024-07-28,11:00:00,27
2024-07-28,12:00:00,53
2024-07-28,13:00:00,21
2024-07-28,14:00:00,102
2024-07-28,15:00:00,50
2024-07-28,16:00:00,111
2024-07-28,17:00:00,93
2024-07-29,11:00:00,34
2024-07-29,12:00:00,48
2024-07-29,16:00:00,49
2024-07-29,17:00:00,119
2024-07-30,11:00:00,34
2024-07-30,12:00:00,50
2024-07-30,16:00:00,139
2024-07-30,17:00:00,30
2024-07-30,18:00:00,51
2024-07-30,19:00:00,129
2024-07-31,12:00:00,88
2024-07-31,16:00:00,161
2024-07-31,17:00:00,24
2024-08-01,12:00:00,82
2024-08-01,16:00:00,108
2024-08-01,17:00:00,76
2024-08-02,12:00:00,101
2024-08-02,16:00:00,94
2024-08-02,17:00:00,98
2024-08-03,11:00:00,28
2024-08-03,12:00:00,45
2024-08-03,14:00:00,151
2024-08-03,15:00:00,42
2024-08-03,16:00:00,81
2024-08-03,17:00:00,70
2024-08-04,12:00:00,68
2024-08-04,14:00:00,94
2024-08-04,16:00:00,61
2024-08-04,17:00:00,54
2024-08-05,11:00:00,34
2024-08-05,12:00:00,42
2024-08-05,16:00:00,128
2024-08-05,17:00:00,30
2024-08-06,12:00:00,58
2024-08-06,16:00:00,28
2024-08-06,17:00:00,73
2024-08-07,12:00:00,80
2024-08-07,16:00:00,109
2024-08-08,12:00:00,67
2024-08-08,16:00:00,98
2024-08-08,17:00:00,11
2024-08-08,19:00:00,128
2024-08-08,20:00:00,37
2024-08-09,11:00:00,24
2024-08-09,12:00:00,54
2024-08-09,15:00:00,12
2024-08-09,16:00:00,152
2024-08-09,17:00:00,31
2024-08-10,12:00:00,76
2024-08-10,13:00:00,0
2024-08-10,14:00:00,63
2024-08-10,15:00:00,40
2024-08-10,16:00:00,75
2024-08-11,12:00:00,54
2024-08-11,14:00:00,50
2024-08-11,16:00:00,55
2024-08-12,12:00:00,43
2024-08-12,16:00:00,95
2024-08-13,12:00:00,55
2024-08-13,16:00:00,81
2024-08-14,12:00:00,41
2024-08-14,16:00:00,143
2024-08-15,12:00:00,75
2024-08-15,16:00:00,55
2024-08-16,12:00:00,40
2024-08-16,16:00:00,44
2024-08-16,17:00:00,97
2024-08-17,12:00:00,81
2024-08-17,14:00:00,68
2024-08-17,16:00:00,74
2024-08-18,14:00:00,101
2024-08-18,16:00:00,38
2024-08-19,12:00:00,44
2024-08-19,16:00:00,85
2024-08-19,17:00:00,25
2024-08-20,12:00:00,43
2024-08-20,13:00:00,14
2024-08-20,16:00:00,63
2024-08-21,12:00:00,42
2024-08-21,16:00:00,61
2024-08-21,17:00:00,10
2024-08-22,13:00:00,57
2024-08-22,16:00:00,34
2024-08-23,12:00:00,45
2024-08-23,16:00:00,71
2024-08-24,12:00:00,80
2024-08-24,16:00:00,98
2024-08-25,12:00:00,58
2024-08-25,16:00:00,55
2024-08-26,12:00:00,43
2024-08-26,13:00:00,3
2024-08-26,17:00:00,63
2024-08-27,12:00:00,24
2024-08-27,16:00:00,44
2024-08-28,12:00:00,42
2024-08-28,16:00:00,88
2024-08-29,12:00:00,35
2024-08-29,16:00:00,79
2024-08-30,12:00:00,28
2024-08-30,16:00:00,84
2024-08-31,15:00:00,40
2024-08-31,16:00:00,127
2024-09-01,12:00:00,63
2024-09-01,13:00:00,49
2024-09-02,12:00:00,42
2024-09-02,13:00:00,1
2024-09-02,17:00:00,32
2024-09-02,18:00:00,54
2024-09-03,13:00:00,53
2024-09-03,16:00:00,50
2024-09-04,12:00:00,33
2024-09-04,13:00:00,21
2024-09-04,16:00:00,50
2024-09-05,12:00:00,39
2024-09-05,13:00:00,15
2024-09-05,16:00:00,67
2024-09-06,12:00:00,34
2024-09-06,16:00:00,78
2024-09-07,12:00:00,43
2024-09-07,13:00:00,19
2024-09-07,16:00:00,63
2024-09-07,17:00:00,39
2024-09-08,12:00:00,45
2024-09-08,13:00:00,23
2024-09-08,16:00:00,67
2024-09-09,12:00:00,45
2024-09-09,13:00:00,16
2024-09-09,18:00:00,55
2024-09-10,12:00:00,36
2024-09-10,16:00:00,43
2024-09-11,12:00:00,33
2024-09-11,16:00:00,37
2024-09-12,12:00:00,32
2024-09-12,16:00:00,39
2024-09-13,13:00:00,22
2024-09-13,16:00:00,58
2024-09-14,12:00:00,47
2024-09-14,16:00:00,29
2024-09-14,17:00:00,49
2024-09-15,12:00:00,50
2024-09-15,16:00:00,45
2024-09-16,12:00:00,42
2024-09-16,17:00:00,38
2024-09-17,12:00:00,41
2024-09-17,13:00:00,44
2024-09-18,12:00:00,41
2024-09-18,16:00:00,50
2024-09-19,12:00:00,40
2024-09-19,16:00:00,28
2024-09-20,12:00:00,30
2024-09-20,16:00:00,54
2024-09-21,12:00:00,71
2024-09-21,16:00:00,82
2024-09-21,17:00:00,9
2024-09-22,12:00:00,52
2024-09-22,16:00:00,34
2024-09-23,12:00:00,32
2024-09-23,13:00:00,6
2024-09-23,19:00:00,20
2024-09-24,12:00:00,23
2024-09-24,16:00:00,50
2024-09-25,12:00:00,15
2024-09-25,16:00:00,31
2024-09-26,12:00:00,29
2024-09-26,16:00:00,55
2024-09-27,12:00:00,31
2024-09-27,16:00:00,79
2024-09-28,12:00:00,18
2024-09-28,16:00:00,39
