Date,Hour,MCN MCN-A
2018-12-30,08:00:00,30
2018-12-30,14:00:00,30
2018-12-31,06:00:00,28
2018-12-31,14:00:00,29
2019-01-01,14:00:00,31
2019-01-02,07:00:00,29
2019-01-02,14:00:00,9
2019-01-03,06:00:00,23
2019-01-03,14:00:00,20
2019-01-04,06:00:00,20
2019-01-04,13:00:00,16
2019-01-05,06:00:00,20
2019-01-05,11:00:00,2
2019-01-06,08:00:00,27
2019-01-06,14:00:00,29
2019-01-07,06:00:00,17
2019-01-07,14:00:00,15
2019-01-08,06:00:00,22
2019-01-08,14:00:00,7
2019-01-09,07:00:00,24
2019-01-09,14:00:00,10
2019-01-10,06:00:00,12
2019-01-10,14:00:00,20
2019-01-11,06:00:00,13
2019-01-11,09:00:00,58
2019-01-11,14:00:00,19
2019-01-12,06:00:00,23
2019-01-13,08:00:00,17
2019-01-13,14:00:00,23
2019-01-14,06:00:00,25
2019-01-14,14:00:00,13
2019-01-15,06:00:00,13
2019-01-15,14:00:00,15
2019-01-16,07:00:00,16
2019-01-16,15:00:00,3
2019-01-16,19:00:00,107
2019-01-17,06:00:00,19
2019-01-17,14:00:00,27
2019-01-18,06:00:00,19
2019-01-18,14:00:00,23
2019-01-19,06:00:00,28
2019-01-19,11:00:00,8
2019-01-20,08:00:00,25
2019-01-20,14:00:00,12
2019-01-21,06:00:00,18
2019-01-21,14:00:00,28
2019-01-22,06:00:00,17
2019-01-22,14:00:00,32
2019-01-23,07:00:00,27
2019-01-23,14:00:00,4
2019-01-24,06:00:00,17
2019-01-24,14:00:00,22
2019-01-25,06:00:00,14
2019-01-25,14:00:00,25
2019-01-26,06:00:00,21
2019-01-27,08:00:00,16
2019-01-27,14:00:00,28
2019-01-28,06:00:00,21
2019-01-28,14:00:00,16
2019-01-29,06:00:00,17
2019-01-29,14:00:00,15
2019-01-30,06:00:00,25
2019-01-30,16:00:00,6
2019-01-31,06:00:00,11
2019-01-31,14:00:00,14
2019-02-01,06:00:00,26
2019-02-01,14:00:00,19
2019-02-02,06:00:00,19
2019-02-03,08:00:00,18
2019-02-03,14:00:00,23
2019-02-04,06:00:00,29
2019-02-04,17:00:00,23
2019-02-05,06:00:00,15
2019-02-05,14:00:00,30
2019-02-06,07:00:00,19
2019-02-06,14:00:00,8
2019-02-07,06:00:00,17
2019-02-07,14:00:00,18
2019-02-08,06:00:00,15
2019-02-08,14:00:00,16
2019-02-09,06:00:00,13
2019-02-09,11:00:00,3
2019-02-10,08:00:00,19
2019-02-10,14:00:00,29
2019-02-11,06:00:00,15
2019-02-11,13:00:00,29
2019-02-12,06:00:00,28
2019-02-12,14:00:00,19
2019-02-13,06:00:00,14
2019-02-13,14:00:00,16
2019-02-14,07:00:00,22
2019-02-14,14:00:00,29
2019-02-15,06:00:00,30
2019-02-15,14:00:00,30
2019-02-16,06:00:00,28
2019-02-17,08:00:00,31
2019-02-17,14:00:00,22
2019-02-18,06:00:00,31
2019-02-18,14:00:00,30
2019-02-19,06:00:00,15
2019-02-19,14:00:00,26
2019-02-20,07:00:00,26
2019-02-20,15:00:00,11
2019-02-21,06:00:00,17
2019-02-21,14:00:00,144
2019-02-22,06:00:00,16
2019-02-22,14:00:00,19
2019-02-23,06:00:00,30
2019-02-23,11:00:00,7
2019-02-24,08:00:00,22
2019-02-24,14:00:00,29
2019-02-25,06:00:00,23
2019-02-25,14:00:00,17
2019-02-26,06:00:00,24
2019-02-26,14:00:00,21
2019-02-27,06:00:00,18
2019-02-27,14:00:00,7
2019-02-28,06:00:00,18
2019-02-28,14:00:00,19
2019-03-01,06:00:00,21
2019-03-01,14:00:00,30
2019-03-02,06:00:00,26
2019-03-03,06:00:00,30
2019-03-03,14:00:00,24
2019-03-04,06:00:00,20
2019-03-04,14:00:00,20
2019-03-05,06:00:00,29
2019-03-05,14:00:00,16
2019-03-06,07:00:00,30
2019-03-07,06:00:00,15
2019-03-07,14:00:00,16
2019-03-08,06:00:00,24
2019-03-08,14:00:00,26
2019-03-09,06:00:00,30
2019-03-10,08:00:00,30
2019-03-10,14:00:00,28
2019-03-11,06:00:00,30
2019-03-11,14:00:00,24
2019-03-12,06:00:00,16
2019-03-12,14:00:00,29
2019-03-13,07:00:00,18
2019-03-14,06:00:00,18
2019-03-14,14:00:00,19
2019-03-15,06:00:00,21
2019-03-15,14:00:00,27
2019-03-16,06:00:00,29
2019-03-17,08:00:00,28
2019-03-17,14:00:00,31
2019-03-17,18:00:00,86
2019-03-18,06:00:00,25
2019-03-18,14:00:00,27
2019-03-19,06:00:00,32
2019-03-19,14:00:00,20
2019-03-20,07:00:00,30
2019-03-21,07:00:00,23
2019-03-21,14:00:00,29
2019-03-21,17:00:00,119
2019-03-22,08:00:00,30
2019-03-22,14:00:00,32
2019-03-23,06:00:00,29
2019-03-24,08:00:00,30
2019-03-24,14:00:00,30
2019-03-25,06:00:00,30
2019-03-25,14:00:00,28
2019-03-26,06:00:00,29
2019-03-26,14:00:00,28
2019-03-27,07:00:00,30
2019-03-28,06:00:00,25
2019-03-28,14:00:00,20
2019-03-29,09:00:00,30
2019-03-29,16:00:00,27
2019-03-30,06:00:00,25
2019-03-31,09:00:00,30
2019-03-31,14:00:00,30
2019-04-01,09:00:00,29
2019-04-01,14:00:00,30
2019-04-02,06:00:00,26
2019-04-02,14:00:00,21
2019-04-03,07:00:00,29
2019-04-04,06:00:00,19
2019-04-04,14:00:00,17
2019-04-05,06:00:00,15
2019-04-05,14:00:00,30
2019-04-06,06:00:00,30
2019-04-07,08:00:00,27
2019-04-07,14:00:00,23
2019-04-08,07:00:00,15
2019-04-08,14:00:00,14
2019-04-09,06:00:00,25
2019-04-09,14:00:00,23
2019-04-10,06:00:00,27
2019-04-11,06:00:00,27
2019-04-11,14:00:00,23
2019-04-12,06:00:00,27
2019-04-12,14:00:00,23
2019-04-13,06:00:00,30
2019-04-14,08:00:00,31
2019-04-14,14:00:00,28
2019-04-15,06:00:00,27
2019-04-15,14:00:00,26
2019-04-16,07:00:00,23
2019-04-17,07:00:00,32
2019-04-18,06:00:00,25
2019-04-18,14:00:00,19
2019-04-19,06:00:00,20
2019-04-19,14:00:00,25
2019-04-20,06:00:00,29
2019-04-21,08:00:00,26
2019-04-21,14:00:00,30
2019-04-22,06:00:00,30
2019-04-22,14:00:00,30
2019-04-23,16:00:00,25
2019-04-24,07:00:00,31
2019-04-25,06:00:00,23
2019-04-25,14:00:00,30
2019-04-26,07:00:00,21
2019-04-26,14:00:00,17
2019-04-26,18:00:00,119
2019-04-27,06:00:00,24
2019-04-27,11:00:00,26
2019-04-28,08:00:00,29
2019-04-28,14:00:00,30
2019-04-29,06:00:00,30
2019-04-29,14:00:00,28
2019-04-30,07:00:00,24
2019-05-01,07:00:00,25
2019-05-02,06:00:00,13
2019-05-02,14:00:00,22
2019-05-03,06:00:00,27
2019-05-03,14:00:00,26
2019-05-04,06:00:00,30
2019-05-04,15:00:00,11
2019-05-05,08:00:00,30
2019-05-05,14:00:00,31
2019-05-06,06:00:00,21
2019-05-06,14:00:00,23
2019-05-07,08:00:00,31
2019-05-08,08:00:00,18
2019-05-09,06:00:00,26
2019-05-09,14:00:00,27
2019-05-10,06:00:00,28
2019-05-10,14:00:00,30
2019-05-11,07:00:00,23
2019-05-12,08:00:00,31
2019-05-12,14:00:00,30
2019-05-13,06:00:00,27
2019-05-13,14:00:00,26
2019-05-14,08:00:00,30
2019-05-15,08:00:00,24
2019-05-15,12:00:00,19
2019-05-16,06:00:00,26
2019-05-16,14:00:00,28
2019-05-17,06:00:00,29
2019-05-17,14:00:00,28
2019-05-18,06:00:00,31
2019-05-18,10:00:00,31
2019-05-18,15:00:00,20
2019-05-19,08:00:00,29
2019-05-19,14:00:00,33
2019-05-20,06:00:00,24
2019-05-20,14:00:00,31
2019-05-21,07:00:00,27
2019-05-22,08:00:00,28
2019-05-23,06:00:00,26
2019-05-23,14:00:00,22
2019-05-24,07:00:00,28
2019-05-24,14:00:00,30
2019-05-24,18:00:00,118
2019-05-25,06:00:00,28
2019-05-25,11:00:00,27
2019-05-26,08:00:00,29
2019-05-26,14:00:00,30
2019-05-27,06:00:00,30
2019-05-27,14:00:00,31
2019-05-28,08:00:00,27
2019-05-29,08:00:00,31
2019-05-30,07:00:00,27
2019-05-30,14:00:00,23
2019-05-31,06:00:00,25
2019-05-31,14:00:00,29
2019-06-01,06:00:00,26
2019-06-01,18:00:00,118
2019-06-02,08:00:00,28
2019-06-02,14:00:00,24
2019-06-03,07:00:00,21
2019-06-03,14:00:00,20
2019-06-04,08:00:00,30
2019-06-05,08:00:00,30
2019-06-06,06:00:00,23
2019-06-06,14:00:00,13
2019-06-07,06:00:00,16
2019-06-07,14:00:00,20
2019-06-08,06:00:00,31
2019-06-08,16:00:00,13
2019-06-09,08:00:00,17
2019-06-09,14:00:00,25
2019-06-10,06:00:00,25
2019-06-10,14:00:00,29
2019-06-11,08:00:00,24
2019-06-12,08:00:00,25
2019-06-13,07:00:00,27
2019-06-13,14:00:00,24
2019-06-14,08:00:00,27
2019-06-14,14:00:00,17
2019-06-15,06:00:00,22
2019-06-15,11:00:00,24
2019-06-16,08:00:00,19
2019-06-16,14:00:00,30
2019-06-17,07:00:00,29
2019-06-17,12:00:00,30
2019-06-18,08:00:00,29
2019-06-19,08:00:00,25
2019-06-20,06:00:00,25
2019-06-20,14:00:00,22
2019-06-21,07:00:00,30
2019-06-21,14:00:00,28
2019-06-21,19:00:00,119
2019-06-22,06:00:00,26
2019-06-22,14:00:00,29
2019-06-23,08:00:00,31
2019-06-23,14:00:00,29
2019-06-24,07:00:00,28
2019-06-24,14:00:00,23
2019-06-25,08:00:00,27
2019-06-26,08:00:00,30
2019-06-27,07:00:00,27
2019-06-27,14:00:00,19
2019-06-28,07:00:00,24
2019-06-28,14:00:00,25
2019-06-29,06:00:00,26
2019-06-29,11:00:00,26
2019-06-30,08:00:00,21
2019-06-30,14:00:00,32
2019-07-01,07:00:00,25
2019-07-01,14:00:00,21
2019-07-02,07:00:00,29
2019-07-03,08:00:00,29
2019-07-04,06:00:00,33
2019-07-04,14:00:00,30
2019-07-05,06:00:00,17
2019-07-05,14:00:00,18
2019-07-06,06:00:00,22
2019-07-06,12:00:00,26
2019-07-07,08:00:00,31
2019-07-07,14:00:00,31
2019-07-08,06:00:00,30
2019-07-08,14:00:00,30
2019-07-09,07:00:00,21
2019-07-10,08:00:00,30
2019-07-11,13:00:00,29
2019-07-11,20:00:00,28
2019-07-12,06:00:00,30
2019-07-12,14:00:00,21
2019-07-13,06:00:00,18
2019-07-13,11:00:00,28
2019-07-14,08:00:00,30
2019-07-14,14:00:00,21
2019-07-15,06:00:00,28
2019-07-15,12:00:00,29
2019-07-16,08:00:00,27
2019-07-17,07:00:00,30
2019-07-17,18:00:00,94
2019-07-18,06:00:00,29
2019-07-18,14:00:00,30
2019-07-19,09:00:00,22
2019-07-19,14:00:00,29
2019-07-19,17:00:00,123
2019-07-20,06:00:00,24
2019-07-20,12:00:00,24
2019-07-21,08:00:00,29
2019-07-21,14:00:00,30
2019-07-22,06:00:00,31
2019-07-22,14:00:00,30
2019-07-23,08:00:00,29
2019-07-24,08:00:00,30
2019-07-25,06:00:00,32
2019-07-25,14:00:00,29
2019-07-26,06:00:00,28
2019-07-26,14:00:00,26
2019-07-27,06:00:00,27
2019-07-27,11:00:00,29
2019-07-28,08:00:00,32
2019-07-28,14:00:00,30
2019-07-29,07:00:00,25
2019-07-29,14:00:00,27
2019-07-30,08:00:00,30
2019-07-31,08:00:00,28
2019-08-01,06:00:00,18
2019-08-01,14:00:00,21
2019-08-01,17:00:00,76
2019-08-02,06:00:00,21
2019-08-02,14:00:00,29
2019-08-03,06:00:00,20
2019-08-03,11:00:00,21
2019-08-04,08:00:00,22
2019-08-04,14:00:00,21
2019-08-05,07:00:00,30
2019-08-05,14:00:00,32
2019-08-06,08:00:00,26
2019-08-07,08:00:00,19
2019-08-08,06:00:00,20
2019-08-08,14:00:00,27
2019-08-09,06:00:00,27
2019-08-09,14:00:00,20
2019-08-10,06:00:00,23
2019-08-10,11:00:00,22
2019-08-11,08:00:00,23
2019-08-11,14:00:00,25
2019-08-12,07:00:00,23
2019-08-12,14:00:00,29
2019-08-13,08:00:00,22
2019-08-14,08:00:00,30
2019-08-15,06:00:00,22
2019-08-15,14:00:00,24
2019-08-16,06:00:00,24
2019-08-16,14:00:00,22
2019-08-17,06:00:00,30
2019-08-17,11:00:00,29
2019-08-18,08:00:00,30
2019-08-18,14:00:00,30
2019-08-19,06:00:00,30
2019-08-19,14:00:00,28
2019-08-20,08:00:00,30
2019-08-21,08:00:00,29
2019-08-22,06:00:00,16
2019-08-22,14:00:00,19
2019-08-23,06:00:00,15
2019-08-23,14:00:00,15
2019-08-24,06:00:00,28
2019-08-24,11:00:00,30
2019-08-25,08:00:00,24
2019-08-25,14:00:00,21
2019-08-26,07:00:00,20
2019-08-26,14:00:00,22
2019-08-27,07:00:00,29
2019-08-28,08:00:00,12
2019-08-28,16:00:00,89
2019-08-29,06:00:00,17
2019-08-29,14:00:00,22
2019-08-30,06:00:00,31
2019-08-30,14:00:00,28
2019-08-31,06:00:00,11
2019-08-31,11:00:00,27
2019-09-01,08:00:00,17
2019-09-01,14:00:00,18
2019-09-02,06:00:00,21
2019-09-02,14:00:00,30
2019-09-03,08:00:00,21
2019-09-04,08:00:00,30
2019-09-05,06:00:00,18
2019-09-05,14:00:00,12
2019-09-06,06:00:00,16
2019-09-06,14:00:00,22
2019-09-07,06:00:00,30
2019-09-07,11:00:00,26
2019-09-08,08:00:00,24
2019-09-08,14:00:00,29
2019-09-09,06:00:00,15
2019-09-09,14:00:00,18
2019-09-10,08:00:00,30
2019-09-11,08:00:00,21
2019-09-12,06:00:00,22
2019-09-12,14:00:00,22
2019-09-13,06:00:00,31
2019-09-13,14:00:00,21
2019-09-14,06:00:00,21
2019-09-14,11:00:00,12
2019-09-15,08:00:00,24
2019-09-15,14:00:00,26
2019-09-16,06:00:00,16
2019-09-16,14:00:00,29
2019-09-17,07:00:00,21
2019-09-18,07:00:00,14
2019-09-19,06:00:00,18
2019-09-19,14:00:00,23
2019-09-20,06:00:00,19
2019-09-20,14:00:00,22
2019-09-21,06:00:00,18
2019-09-21,11:00:00,24
2019-09-22,08:00:00,29
2019-09-22,14:00:00,31
2019-09-23,06:00:00,27
2019-09-23,14:00:00,19
2019-09-24,08:00:00,22
2019-09-25,08:00:00,17
2019-09-25,18:00:00,113
2019-09-26,06:00:00,25
2019-09-26,14:00:00,29
2019-09-27,06:00:00,21
2019-09-27,14:00:00,29
2019-09-28,06:00:00,18
2019-09-28,11:00:00,23
2019-09-29,08:00:00,22
2019-09-29,14:00:00,30
2019-09-30,06:00:00,19
2019-09-30,14:00:00,25
2019-10-01,08:00:00,28
2019-10-02,08:00:00,23
2019-10-03,07:00:00,16
2019-10-03,14:00:00,18
2019-10-04,07:00:00,20
2019-10-04,14:00:00,24
2019-10-05,06:00:00,30
2019-10-05,11:00:00,30
2019-10-06,08:00:00,29
2019-10-06,14:00:00,32
2019-10-07,07:00:00,30
2019-10-07,14:00:00,32
2019-10-08,08:00:00,24
2019-10-09,08:00:00,30
2019-10-10,06:00:00,25
2019-10-10,14:00:00,26
2019-10-11,06:00:00,32
2019-10-11,14:00:00,30
2019-10-12,06:00:00,24
2019-10-12,11:00:00,28
2019-10-13,08:00:00,22
2019-10-13,14:00:00,20
2019-10-14,06:00:00,30
2019-10-14,14:00:00,30
2019-10-15,07:00:00,25
2019-10-16,07:00:00,29
2019-10-17,06:00:00,12
2019-10-17,14:00:00,17
2019-10-18,06:00:00,27
2019-10-18,14:00:00,30
2019-10-19,06:00:00,10
2019-10-19,12:00:00,11
2019-10-20,08:00:00,25
2019-10-20,14:00:00,30
2019-10-21,06:00:00,18
2019-10-21,14:00:00,26
2019-10-22,08:00:00,15
2019-10-23,08:00:00,27
2019-10-23,19:00:00,157
2019-10-24,06:00:00,27
2019-10-24,14:00:00,22
2019-10-25,07:00:00,13
2019-10-25,14:00:00,24
2019-10-26,06:00:00,12
2019-10-26,11:00:00,13
2019-10-27,09:00:00,19
2019-10-27,14:00:00,28
2019-10-28,06:00:00,26
2019-10-28,14:00:00,21
2019-10-29,08:00:00,22
2019-10-30,08:00:00,24
2019-10-31,06:00:00,17
2019-10-31,14:00:00,12
2019-11-01,06:00:00,20
2019-11-01,14:00:00,15
2019-11-02,06:00:00,8
2019-11-02,18:00:00,117
2019-11-03,08:00:00,19
2019-11-03,14:00:00,28
2019-11-04,06:00:00,15
2019-11-04,14:00:00,21
2019-11-05,07:00:00,23
2019-11-06,08:00:00,19
2019-11-07,06:00:00,19
2019-11-07,14:00:00,14
2019-11-08,06:00:00,21
2019-11-08,14:00:00,25
2019-11-09,06:00:00,22
2019-11-09,11:00:00,15
2019-11-10,08:00:00,29
2019-11-10,14:00:00,28
2019-11-11,06:00:00,30
2019-11-11,14:00:00,30
2019-11-12,08:00:00,29
2019-11-13,07:00:00,29
2019-11-14,06:00:00,15
2019-11-14,14:00:00,10
2019-11-15,06:00:00,15
2019-11-15,14:00:00,28
2019-11-16,06:00:00,13
2019-11-16,11:00:00,19
2019-11-17,08:00:00,25
2019-11-17,14:00:00,29
2019-11-18,06:00:00,24
2019-11-18,14:00:00,23
2019-11-19,08:00:00,16
2019-11-20,08:00:00,24
2019-11-20,18:00:00,103
2019-11-21,07:00:00,15
2019-11-21,14:00:00,23
2019-11-22,06:00:00,5
2019-11-22,14:00:00,11
2019-11-23,06:00:00,30
2019-11-23,11:00:00,24
2019-11-24,08:00:00,13
2019-11-24,14:00:00,16
2019-11-25,06:00:00,9
2019-11-25,14:00:00,18
2019-11-26,07:00:00,27
2019-11-27,06:00:00,31
2019-11-27,14:00:00,31
2019-11-28,08:00:00,0
2019-11-29,06:00:00,16
2019-11-29,08:00:00,57
2019-11-29,14:00:00,32
2019-11-30,06:00:00,33
2019-11-30,11:00:00,30
2019-12-01,08:00:00,29
2019-12-01,14:00:00,28
2019-12-02,06:00:00,28
2019-12-02,14:00:00,29
2019-12-03,08:00:00,30
2019-12-03,11:00:00,65
2019-12-04,08:00:00,30
2019-12-05,06:00:00,21
2019-12-05,14:00:00,29
2019-12-06,06:00:00,12
2019-12-06,14:00:00,23
2019-12-07,06:00:00,0
2019-12-07,11:00:00,21
2019-12-08,08:00:00,21
2019-12-08,14:00:00,25
2019-12-09,06:00:00,26
2019-12-09,14:00:00,24
2019-12-10,07:00:00,17
2019-12-11,08:00:00,20
2019-12-12,07:00:00,18
2019-12-12,14:00:00,17
2019-12-13,06:00:00,11
2019-12-13,14:00:00,21
2019-12-14,06:00:00,15
2019-12-14,11:00:00,11
2019-12-15,08:00:00,25
2019-12-15,14:00:00,29
2019-12-16,06:00:00,19
2019-12-16,14:00:00,20
2019-12-17,07:00:00,18
2019-12-18,08:00:00,22
2019-12-19,06:00:00,20
2019-12-19,14:00:00,14
2019-12-20,06:00:00,13
2019-12-20,14:00:00,12
2019-12-21,06:00:00,23
2019-12-21,11:00:00,16
2019-12-22,08:00:00,21
2019-12-22,14:00:00,17
2019-12-23,09:00:00,18
2019-12-23,16:00:00,20
2019-12-24,06:00:00,29
2019-12-25,07:00:00,0
2019-12-26,07:00:00,29
2019-12-26,14:00:00,28
2019-12-26,19:00:00,162
2019-12-27,07:00:00,30
2019-12-27,14:00:00,30
2019-12-28,06:00:00,28
2019-12-28,11:00:00,28
2019-12-29,08:00:00,31
2019-12-29,14:00:00,30
2019-12-30,07:00:00,31
2019-12-30,12:00:00,29
2019-12-31,07:00:00,30
2020-01-01,07:00:00,25
2020-01-02,06:00:00,23
2020-01-02,14:00:00,14
2020-01-03,06:00:00,18
2020-01-03,14:00:00,12
2020-01-04,06:00:00,18
2020-01-04,12:00:00,22
2020-01-05,08:00:00,28
2020-01-05,14:00:00,25
2020-01-06,06:00:00,20
2020-01-06,14:00:00,22
2020-01-07,07:00:00,18
2020-01-07,09:00:00,55
2020-01-08,07:00:00,20
2020-01-09,06:00:00,19
2020-01-09,14:00:00,20
2020-01-10,06:00:00,22
2020-01-10,14:00:00,17
2020-01-11,06:00:00,20
2020-01-11,11:00:00,19
2020-01-12,08:00:00,20
2020-01-12,14:00:00,21
2020-01-13,06:00:00,25
2020-01-13,14:00:00,20
2020-01-14,07:00:00,19
2020-01-15,08:00:00,14
2020-01-16,06:00:00,24
2020-01-16,14:00:00,28
2020-01-17,06:00:00,20
2020-01-17,14:00:00,21
2020-01-18,06:00:00,21
2020-01-18,11:00:00,20
2020-01-19,08:00:00,16
2020-01-19,14:00:00,29
2020-01-20,06:00:00,30
2020-01-20,14:00:00,29
2020-01-21,08:00:00,29
2020-01-22,07:00:00,29
2020-01-23,06:00:00,13
2020-01-23,14:00:00,14
2020-01-24,06:00:00,18
2020-01-24,14:00:00,15
2020-01-25,06:00:00,11
2020-01-25,11:00:00,8
2020-01-26,08:00:00,19
2020-01-26,14:00:00,27
2020-01-27,06:00:00,17
2020-01-27,14:00:00,13
2020-01-28,07:00:00,13
2020-01-29,07:00:00,28
2020-01-30,06:00:00,11
2020-01-30,13:00:00,163
2020-01-30,14:00:00,16
2020-01-31,06:00:00,13
2020-01-31,14:00:00,17
2020-02-01,06:00:00,10
2020-02-01,11:00:00,8
2020-02-02,08:00:00,22
2020-02-02,14:00:00,23
2020-02-03,06:00:00,23
2020-02-03,14:00:00,26
2020-02-04,07:00:00,19
2020-02-05,07:00:00,18
2020-02-06,06:00:00,18
2020-02-06,14:00:00,14
2020-02-07,06:00:00,14
2020-02-07,14:00:00,18
2020-02-08,06:00:00,12
2020-02-08,11:00:00,9
2020-02-09,08:00:00,16
2020-02-09,14:00:00,29
2020-02-10,06:00:00,17
2020-02-10,14:00:00,19
2020-02-11,07:00:00,12
2020-02-12,07:00:00,16
2020-02-13,06:00:00,19
2020-02-13,14:00:00,29
2020-02-14,06:00:00,31
2020-02-14,14:00:00,28
2020-02-15,06:00:00,23
2020-02-15,11:00:00,27
2020-02-16,08:00:00,16
2020-02-16,14:00:00,24
2020-02-17,06:00:00,29
2020-02-17,14:00:00,29
2020-02-18,08:00:00,23
2020-02-19,08:00:00,25
2020-02-20,06:00:00,13
2020-02-20,14:00:00,17
2020-02-21,06:00:00,18
2020-02-21,16:00:00,26
2020-02-22,06:00:00,26
2020-02-22,11:00:00,19
2020-02-23,08:00:00,28
2020-02-23,14:00:00,30
2020-02-24,06:00:00,29
2020-02-24,14:00:00,19
2020-02-25,08:00:00,11
2020-02-26,08:00:00,26
2020-02-27,06:00:00,5
2020-02-27,14:00:00,14
2020-02-27,16:00:00,88
2020-02-28,06:00:00,15
2020-02-28,14:00:00,25
2020-02-28,16:00:00,124
2020-02-29,06:00:00,18
2020-02-29,11:00:00,14
2020-03-01,08:00:00,24
2020-03-01,14:00:00,27
2020-03-02,07:00:00,21
2020-03-02,14:00:00,21
2020-03-03,08:00:00,16
2020-03-04,08:00:00,25
2020-03-05,06:00:00,15
2020-03-05,14:00:00,13
2020-03-06,07:00:00,23
2020-03-06,14:00:00,22
2020-03-07,06:00:00,26
2020-03-07,11:00:00,10
2020-03-08,08:00:00,21
2020-03-08,14:00:00,26
2020-03-09,07:00:00,20
2020-03-09,14:00:00,23
2020-03-10,08:00:00,13
2020-03-11,08:00:00,15
2020-03-12,07:00:00,13
2020-03-12,14:00:00,15
2020-03-13,06:00:00,16
2020-03-13,14:00:00,10
2020-03-14,06:00:00,12
2020-03-14,11:00:00,13
2020-03-15,08:00:00,3
2020-03-15,14:00:00,18
2020-03-16,07:00:00,24
2020-03-16,14:00:00,17
2020-03-17,08:00:00,10
2020-03-18,08:00:00,7
2020-03-19,06:00:00,4
2020-03-19,14:00:00,11
2020-03-20,06:00:00,4
2020-03-20,14:00:00,1
2020-03-21,11:00:00,10
2020-03-22,08:00:00,14
2020-03-22,14:00:00,5
2020-03-23,07:00:00,1
2020-03-23,14:00:00,5
2020-03-24,08:00:00,8
2020-03-25,08:00:00,1
2020-03-26,07:00:00,0
2020-03-26,14:00:00,0
2020-03-27,06:00:00,0
2020-03-27,14:00:00,1
2020-03-28,06:00:00,0
2020-03-28,11:00:00,6
2020-03-29,08:00:00,1
2020-03-29,14:00:00,2
2020-03-30,07:00:00,1
2020-03-30,15:00:00,4
2020-03-31,08:00:00,12
2020-04-01,08:00:00,2
2020-04-02,06:00:00,2
2020-04-02,14:00:00,1
2020-04-03,06:00:00,1
2020-04-03,14:00:00,0
2020-04-04,06:00:00,4
2020-04-04,11:00:00,0
2020-04-05,08:00:00,2
2020-04-05,13:00:00,2
2020-04-06,07:00:00,4
2020-04-06,14:00:00,0
2020-04-07,08:00:00,2
2020-04-08,08:00:00,1
2020-04-09,06:00:00,0
2020-04-09,14:00:00,1
2020-04-10,06:00:00,5
2020-04-10,14:00:00,2
2020-04-11,06:00:00,2
2020-04-11,11:00:00,1
2020-04-12,08:00:00,0
2020-04-12,14:00:00,6
2020-04-13,07:00:00,2
2020-04-13,14:00:00,0
2020-04-14,08:00:00,4
2020-04-15,08:00:00,4
2020-04-16,06:00:00,3
2020-04-16,14:00:00,1
2020-04-17,06:00:00,1
2020-04-17,14:00:00,2
2020-04-18,06:00:00,0
2020-04-18,11:00:00,2
2020-04-19,08:00:00,3
2020-04-19,15:00:00,2
2020-04-20,07:00:00,1
2020-04-20,12:00:00,4
2020-04-21,08:00:00,1
2020-04-22,08:00:00,1
2020-04-23,06:00:00,2
2020-04-23,14:00:00,1
2020-04-24,06:00:00,2
2020-04-24,14:00:00,2
2020-04-25,06:00:00,0
2020-04-25,11:00:00,1
2020-04-26,08:00:00,1
2020-04-26,14:00:00,4
2020-04-27,07:00:00,1
2020-04-27,14:00:00,3
2020-04-28,08:00:00,1
2020-04-29,08:00:00,3
2020-04-30,06:00:00,0
2020-04-30,14:00:00,2
2020-05-01,06:00:00,1
2020-05-01,14:00:00,4
2020-05-02,06:00:00,1
2020-05-02,11:00:00,2
2020-05-03,08:00:00,6
2020-05-03,14:00:00,3
2020-05-04,07:00:00,0
2020-05-04,14:00:00,4
2020-05-05,08:00:00,4
2020-05-06,08:00:00,1
2020-05-07,06:00:00,0
2020-05-07,14:00:00,8
2020-05-08,06:00:00,0
2020-05-08,14:00:00,3
2020-05-09,06:00:00,2
2020-05-09,11:00:00,1
2020-05-10,08:00:00,4
2020-05-10,14:00:00,10
2020-05-11,07:00:00,2
2020-05-11,17:00:00,2
2020-05-12,08:00:00,6
2020-05-13,08:00:00,10
2020-05-14,06:00:00,3
2020-05-14,14:00:00,10
2020-05-15,06:00:00,0
2020-05-15,14:00:00,6
2020-05-16,06:00:00,1
2020-05-16,11:00:00,3
2020-05-17,08:00:00,2
2020-05-17,14:00:00,7
2020-05-18,07:00:00,6
2020-05-18,14:00:00,2
2020-05-19,08:00:00,7
2020-05-20,08:00:00,6
2020-05-21,06:00:00,3
2020-05-21,14:00:00,7
2020-05-22,06:00:00,10
2020-05-22,14:00:00,4
2020-05-23,06:00:00,1
2020-05-23,11:00:00,4
2020-05-24,08:00:00,2
2020-05-24,14:00:00,2
2020-05-25,07:00:00,2
2020-05-25,14:00:00,12
2020-05-26,08:00:00,9
2020-05-27,08:00:00,13
2020-05-28,06:00:00,3
2020-05-28,14:00:00,3
2020-05-29,06:00:00,2
2020-05-29,14:00:00,7
2020-05-30,06:00:00,1
2020-05-30,11:00:00,4
2020-05-31,08:00:00,8
2020-05-31,14:00:00,11
2020-06-01,07:00:00,4
2020-06-01,14:00:00,6
2020-06-02,08:00:00,8
2020-06-03,08:00:00,4
2020-06-04,06:00:00,2
2020-06-04,14:00:00,0
2020-06-05,06:00:00,3
2020-06-05,14:00:00,3
2020-06-06,06:00:00,1
2020-06-06,11:00:00,4
2020-06-07,09:00:00,0
2020-06-07,14:00:00,9
2020-06-08,07:00:00,7
2020-06-08,14:00:00,5
2020-06-09,08:00:00,16
2020-06-10,08:00:00,6
2020-06-11,06:00:00,5
2020-06-11,14:00:00,4
2020-06-12,06:00:00,7
2020-06-12,13:00:00,11
2020-06-13,06:00:00,6
2020-06-13,11:00:00,5
2020-06-14,08:00:00,7
2020-06-14,14:00:00,8
2020-06-15,07:00:00,1
2020-06-15,14:00:00,15
2020-06-16,08:00:00,8
2020-06-17,08:00:00,16
2020-06-18,06:00:00,4
2020-06-18,14:00:00,18
2020-06-19,06:00:00,16
2020-06-19,14:00:00,9
2020-06-20,06:00:00,12
2020-06-20,11:00:00,17
2020-06-21,08:00:00,12
2020-06-21,14:00:00,12
2020-06-22,07:00:00,8
2020-06-22,14:00:00,14
2020-06-23,08:00:00,14
2020-06-24,08:00:00,12
2020-06-25,06:00:00,9
2020-06-25,14:00:00,6
2020-06-26,06:00:00,5
2020-06-26,14:00:00,11
2020-06-27,06:00:00,9
2020-06-27,11:00:00,10
2020-06-28,09:00:00,12
2020-06-29,07:00:00,6
2020-06-29,12:00:00,21
2020-06-29,14:00:00,20
2020-06-30,08:00:00,11
2020-07-01,08:00:00,18
2020-07-02,06:00:00,11
2020-07-02,14:00:00,23
2020-07-03,06:00:00,15
2020-07-03,14:00:00,12
2020-07-04,06:00:00,4
2020-07-04,11:00:00,6
2020-07-05,09:00:00,18
2020-07-05,14:00:00,20
2020-07-06,07:00:00,19
2020-07-06,14:00:00,24
2020-07-07,08:00:00,21
2020-07-08,08:00:00,11
2020-07-09,07:00:00,16
2020-07-09,14:00:00,12
2020-07-10,07:00:00,9
2020-07-10,14:00:00,9
2020-07-11,07:00:00,9
2020-07-11,11:00:00,10
2020-07-12,08:00:00,3
2020-07-12,12:00:00,19
2020-07-13,07:00:00,7
2020-07-13,14:00:00,9
2020-07-14,08:00:00,9
2020-07-15,08:00:00,12
2020-07-16,07:00:00,6
2020-07-16,14:00:00,3
2020-07-16,20:00:00,72
2020-07-17,07:00:00,12
2020-07-17,14:00:00,8
2020-07-18,06:00:00,5
2020-07-18,11:00:00,11
2020-07-19,08:00:00,9
2020-07-19,14:00:00,10
2020-07-20,07:00:00,15
2020-07-20,14:00:00,7
2020-07-21,08:00:00,7
2020-07-22,08:00:00,4
2020-07-23,06:00:00,3
2020-07-23,14:00:00,6
2020-07-24,06:00:00,0
2020-07-24,14:00:00,14
2020-07-25,07:00:00,7
2020-07-25,11:00:00,7
2020-07-26,09:00:00,22
2020-07-26,14:00:00,11
2020-07-27,07:00:00,11
2020-07-27,14:00:00,7
2020-07-28,08:00:00,16
2020-07-29,08:00:00,11
2020-07-30,07:00:00,5
2020-07-30,14:00:00,7
2020-07-31,06:00:00,11
2020-07-31,14:00:00,7
2020-08-01,06:00:00,7
2020-08-01,11:00:00,19
2020-08-02,08:00:00,8
2020-08-02,14:00:00,7
2020-08-03,07:00:00,10
2020-08-03,14:00:00,9
2020-08-04,08:00:00,17
2020-08-05,08:00:00,16
2020-08-06,07:00:00,6
2020-08-06,14:00:00,3
2020-08-07,06:00:00,7
2020-08-07,14:00:00,56
2020-08-08,06:00:00,18
2020-08-09,08:00:00,7
2020-08-09,14:00:00,12
2020-08-10,07:00:00,12
2020-08-10,14:00:00,3
2020-08-11,08:00:00,13
2020-08-12,08:00:00,9
2020-08-13,07:00:00,10
2020-08-13,14:00:00,3
2020-08-14,06:00:00,13
2020-08-14,14:00:00,7
2020-08-15,06:00:00,1
2020-08-15,11:00:00,8
2020-08-16,08:00:00,22
2020-08-16,14:00:00,14
2020-08-17,07:00:00,10
2020-08-17,14:00:00,9
2020-08-18,08:00:00,12
2020-08-19,08:00:00,15
2020-08-20,07:00:00,5
2020-08-20,14:00:00,8
2020-08-21,06:00:00,7
2020-08-21,14:00:00,6
2020-08-22,06:00:00,16
2020-08-22,11:00:00,3
2020-08-23,09:00:00,7
2020-08-23,14:00:00,15
2020-08-24,07:00:00,3
2020-08-24,14:00:00,15
2020-08-25,08:00:00,7
2020-08-26,08:00:00,10
2020-08-27,07:00:00,6
2020-08-27,14:00:00,9
2020-08-28,06:00:00,6
2020-08-28,14:00:00,9
2020-08-29,06:00:00,7
2020-08-29,12:00:00,3
2020-08-30,09:00:00,3
2020-08-30,14:00:00,17
2020-08-31,06:00:00,19
2020-08-31,14:00:00,5
2020-09-01,08:00:00,5
2020-09-02,08:00:00,11
2020-09-03,06:00:00,11
2020-09-03,14:00:00,8
2020-09-04,06:00:00,10
2020-09-04,14:00:00,18
2020-09-05,06:00:00,11
2020-09-05,11:00:00,15
2020-09-06,09:00:00,17
2020-09-06,14:00:00,15
2020-09-07,06:00:00,10
2020-09-07,14:00:00,24
2020-09-08,08:00:00,20
2020-09-09,08:00:00,10
2020-09-10,06:00:00,1
2020-09-10,14:00:00,6
2020-09-11,06:00:00,8
2020-09-11,14:00:00,14
2020-09-12,06:00:00,14
2020-09-13,09:00:00,11
2020-09-13,14:00:00,9
2020-09-14,06:00:00,5
2020-09-14,14:00:00,10
2020-09-15,08:00:00,9
2020-09-16,08:00:00,8
2020-09-17,11:00:00,6
2020-09-17,15:00:00,7
2020-09-18,06:00:00,7
2020-09-18,14:00:00,16
2020-09-18,16:00:00,69
2020-09-19,06:00:00,7
2020-09-19,11:00:00,4
2020-09-20,09:00:00,19
2020-09-20,13:00:00,15
2020-09-21,06:00:00,7
2020-09-21,14:00:00,8
2020-09-22,08:00:00,7
2020-09-23,08:00:00,22
2020-09-24,06:00:00,21
2020-09-24,14:00:00,9
2020-09-25,06:00:00,17
2020-09-25,14:00:00,12
2020-09-26,06:00:00,14
2020-09-26,11:00:00,10
2020-09-27,09:00:00,13
2020-09-27,14:00:00,7
2020-09-28,06:00:00,10
2020-09-28,14:00:00,9
2020-09-29,08:00:00,10
2020-09-30,08:00:00,12
2020-10-01,07:00:00,6
2020-10-01,14:00:00,7
2020-10-02,06:00:00,10
2020-10-02,14:00:00,8
2020-10-03,06:00:00,10
2020-10-03,11:00:00,12
2020-10-04,09:00:00,7
2020-10-04,14:00:00,16
2020-10-05,06:00:00,11
2020-10-05,14:00:00,11
2020-10-06,08:00:00,15
2020-10-07,08:00:00,11
2020-10-08,07:00:00,9
2020-10-08,14:00:00,11
2020-10-09,07:00:00,20
2020-10-09,14:00:00,11
2020-10-10,06:00:00,20
2020-10-10,11:00:00,18
2020-10-11,09:00:00,19
2020-10-11,14:00:00,12
2020-10-12,06:00:00,18
2020-10-12,14:00:00,21
2020-10-13,08:00:00,17
2020-10-14,08:00:00,17
2020-10-15,07:00:00,5
2020-10-15,14:00:00,7
2020-10-16,08:00:00,22
2020-10-16,13:00:00,141
2020-10-16,14:00:00,10
2020-10-17,06:00:00,5
2020-10-17,11:00:00,13
2020-10-18,09:00:00,3
2020-10-18,14:00:00,16
2020-10-19,06:00:00,11
2020-10-19,14:00:00,24
2020-10-20,08:00:00,13
2020-10-21,08:00:00,12
2020-10-22,07:00:00,19
2020-10-22,14:00:00,12
2020-10-23,07:00:00,13
2020-10-23,14:00:00,16
2020-10-24,06:00:00,7
2020-10-24,11:00:00,4
2020-10-25,09:00:00,14
2020-10-25,14:00:00,10
2020-10-26,06:00:00,6
2020-10-26,14:00:00,8
2020-10-27,08:00:00,13
2020-10-28,08:00:00,15
2020-10-29,08:00:00,11
2020-10-29,14:00:00,12
2020-10-30,06:00:00,10
2020-10-30,14:00:00,16
2020-10-31,06:00:00,4
2020-10-31,11:00:00,3
2020-11-01,09:00:00,19
2020-11-01,14:00:00,19
2020-11-02,07:00:00,3
2020-11-02,14:00:00,10
2020-11-03,08:00:00,11
2020-11-04,08:00:00,6
2020-11-05,07:00:00,7
2020-11-05,14:00:00,9
2020-11-06,06:00:00,11
2020-11-06,14:00:00,12
2020-11-07,06:00:00,11
2020-11-07,11:00:00,8
2020-11-08,09:00:00,9
2020-11-08,14:00:00,9
2020-11-09,07:00:00,15
2020-11-09,14:00:00,15
2020-11-10,08:00:00,8
2020-11-11,08:00:00,13
2020-11-12,07:00:00,4
2020-11-12,14:00:00,5
2020-11-13,06:00:00,10
2020-11-13,14:00:00,15
2020-11-14,06:00:00,6
2020-11-14,11:00:00,16
2020-11-15,09:00:00,10
2020-11-15,14:00:00,18
2020-11-16,06:00:00,8
2020-11-16,14:00:00,11
2020-11-16,19:00:00,64
2020-11-17,08:00:00,17
2020-11-18,08:00:00,9
2020-11-19,06:00:00,10
2020-11-19,14:00:00,10
2020-11-20,06:00:00,10
2020-11-20,14:00:00,13
2020-11-21,06:00:00,18
2020-11-21,11:00:00,12
2020-11-22,09:00:00,14
2020-11-22,14:00:00,13
2020-11-23,07:00:00,17
2020-11-23,14:00:00,21
2020-11-24,06:00:00,26
2020-11-24,14:00:00,12
2020-11-25,06:00:00,29
2020-11-25,14:00:00,30
2020-11-26,06:00:00,0
2020-11-26,14:00:00,0
2020-11-27,06:00:00,2
2020-11-27,14:00:00,11
2020-11-28,06:00:00,2
2020-11-28,11:00:00,19
2020-11-29,09:00:00,22
2020-11-29,14:00:00,30
2020-11-30,06:00:00,16
2020-11-30,14:00:00,18
2020-12-01,08:00:00,13
2020-12-02,08:00:00,9
2020-12-03,06:00:00,13
2020-12-03,11:00:00,37
2020-12-03,14:00:00,6
2020-12-04,06:00:00,8
2020-12-04,14:00:00,5
2020-12-05,06:00:00,3
2020-12-05,11:00:00,15
2020-12-06,09:00:00,10
2020-12-06,14:00:00,13
2020-12-07,06:00:00,4
2020-12-07,14:00:00,3
2020-12-08,08:00:00,10
2020-12-09,08:00:00,8
2020-12-10,06:00:00,9
2020-12-10,14:00:00,10
2020-12-11,06:00:00,4
2020-12-11,14:00:00,9
2020-12-12,06:00:00,4
2020-12-12,12:00:00,2
2020-12-13,09:00:00,3
2020-12-13,14:00:00,16
2020-12-14,07:00:00,13
2020-12-14,12:00:00,53
2020-12-14,14:00:00,13
2020-12-15,08:00:00,15
2020-12-16,08:00:00,8
2020-12-17,06:00:00,4
2020-12-17,14:00:00,7
2020-12-18,06:00:00,4
2020-12-18,14:00:00,12
2020-12-19,06:00:00,15
2020-12-19,11:00:00,9
2020-12-20,08:00:00,13
2020-12-20,14:00:00,10
2020-12-21,07:00:00,12
2020-12-21,14:00:00,15
2020-12-22,08:00:00,12
2020-12-23,08:00:00,27
2020-12-24,08:00:00,17
2020-12-25,06:00:00,0
2020-12-26,06:00:00,13
2020-12-26,13:00:00,19
2020-12-27,09:00:00,22
2020-12-27,14:00:00,26
2020-12-28,06:00:00,9
2020-12-28,14:00:00,17
2020-12-29,08:00:00,17
2020-12-30,08:00:00,14
2020-12-31,08:00:00,24
2021-01-01,16:00:00,8
2021-01-02,06:00:00,12
2021-01-02,11:00:00,21
2021-01-03,09:00:00,22
2021-01-03,14:00:00,26
2021-01-04,06:00:00,15
2021-01-04,14:00:00,5
2021-01-05,08:00:00,28
2021-01-06,08:00:00,11
2021-01-07,06:00:00,3
2021-01-07,14:00:00,4
2021-01-08,06:00:00,3
2021-01-08,14:00:00,11
2021-01-09,06:00:00,4
2021-01-09,11:00:00,10
2021-01-10,09:00:00,7
2021-01-10,16:00:00,16
2021-01-11,07:00:00,3
2021-01-11,11:00:00,42
2021-01-11,14:00:00,8
2021-01-12,08:00:00,7
2021-01-13,07:00:00,5
2021-01-14,06:00:00,1
2021-01-14,14:00:00,12
2021-01-14,22:00:00,96
2021-01-15,06:00:00,17
2021-01-15,14:00:00,13
2021-01-16,06:00:00,8
2021-01-16,11:00:00,5
2021-01-17,08:00:00,4
2021-01-17,14:00:00,11
2021-01-18,06:00:00,11
2021-01-18,14:00:00,12
2021-01-19,08:00:00,12
2021-01-20,08:00:00,5
2021-01-21,07:00:00,6
2021-01-21,14:00:00,1
2021-01-22,06:00:00,6
2021-01-22,14:00:00,4
2021-01-23,06:00:00,6
2021-01-23,11:00:00,8
2021-01-24,09:00:00,6
2021-01-24,14:00:00,16
2021-01-25,07:00:00,4
2021-01-25,14:00:00,7
2021-01-26,08:00:00,5
2021-01-27,08:00:00,9
2021-01-28,06:00:00,5
2021-01-28,14:00:00,6
2021-01-29,06:00:00,4
2021-01-29,14:00:00,5
2021-01-30,11:00:00,6
2021-01-31,09:00:00,7
2021-01-31,14:00:00,20
2021-02-01,09:00:00,4
2021-02-01,17:00:00,3
2021-02-02,08:00:00,10
2021-02-02,11:00:00,70
2021-02-03,08:00:00,6
2021-02-04,07:00:00,2
2021-02-04,14:00:00,5
2021-02-05,06:00:00,2
2021-02-05,14:00:00,4
2021-02-06,06:00:00,1
2021-02-06,11:00:00,16
2021-02-07,08:00:00,9
2021-02-07,14:00:00,12
2021-02-08,06:00:00,10
2021-02-08,14:00:00,6
2021-02-09,08:00:00,5
2021-02-10,08:00:00,7
2021-02-11,06:00:00,5
2021-02-11,14:00:00,6
2021-02-12,06:00:00,13
2021-02-12,14:00:00,16
2021-02-13,06:00:00,10
2021-02-13,11:00:00,7
2021-02-14,09:00:00,5
2021-02-14,14:00:00,5
2021-02-15,06:00:00,3
2021-02-15,14:00:00,17
2021-02-16,08:00:00,7
2021-02-17,08:00:00,6
2021-02-17,14:00:00,131
2021-02-18,06:00:00,5
2021-02-18,14:00:00,4
2021-02-19,06:00:00,3
2021-02-19,14:00:00,10
2021-02-20,06:00:00,4
2021-02-20,11:00:00,8
2021-02-21,09:00:00,9
2021-02-21,14:00:00,21
2021-02-22,07:00:00,6
2021-02-22,14:00:00,3
2021-02-23,08:00:00,6
2021-02-24,08:00:00,11
2021-02-25,07:00:00,8
2021-02-25,13:00:00,12
2021-02-26,06:00:00,4
2021-02-26,14:00:00,9
2021-02-27,06:00:00,8
2021-02-27,11:00:00,5
2021-02-27,19:00:00,65
2021-02-28,09:00:00,14
2021-02-28,14:00:00,8
2021-03-01,07:00:00,14
2021-03-01,14:00:00,15
2021-03-02,08:00:00,7
2021-03-03,08:00:00,11
2021-03-04,07:00:00,8
2021-03-04,14:00:00,11
2021-03-05,06:00:00,8
2021-03-05,14:00:00,15
2021-03-06,06:00:00,6
2021-03-06,11:00:00,3
2021-03-07,09:00:00,7
2021-03-07,14:00:00,20
2021-03-08,07:00:00,8
2021-03-08,14:00:00,6
2021-03-09,08:00:00,8
2021-03-10,08:00:00,8
2021-03-11,07:00:00,6
2021-03-11,14:00:00,13
2021-03-12,06:00:00,10
2021-03-12,14:00:00,8
2021-03-13,06:00:00,4
2021-03-13,11:00:00,10
2021-03-14,09:00:00,3
2021-03-14,14:00:00,13
2021-03-15,07:00:00,12
2021-03-15,14:00:00,8
2021-03-16,08:00:00,13
2021-03-17,08:00:00,10
2021-03-18,07:00:00,9
2021-03-18,14:00:00,9
2021-03-19,06:00:00,10
2021-03-19,14:00:00,12
2021-03-20,06:00:00,0
2021-03-20,11:00:00,3
2021-03-21,09:00:00,16
2021-03-21,14:00:00,25
2021-03-21,16:00:00,110
2021-03-22,07:00:00,21
2021-03-22,14:00:00,24
2021-03-23,08:00:00,19
2021-03-24,08:00:00,12
2021-03-25,06:00:00,10
2021-03-25,14:00:00,19
2021-03-26,06:00:00,7
2021-03-26,14:00:00,16
2021-03-27,06:00:00,6
2021-03-27,14:00:00,12
2021-03-28,09:00:00,29
2021-03-28,14:00:00,28
2021-03-29,07:00:00,16
2021-03-29,14:00:00,12
2021-03-30,08:00:00,9
2021-03-31,08:00:00,17
2021-04-01,06:00:00,20
2021-04-01,14:00:00,16
2021-04-02,06:00:00,9
2021-04-02,14:00:00,17
2021-04-03,06:00:00,9
2021-04-03,11:00:00,24
2021-04-04,09:00:00,21
2021-04-04,14:00:00,31
2021-04-05,07:00:00,24
2021-04-05,14:00:00,29
2021-04-06,08:00:00,17
2021-04-07,08:00:00,7
2021-04-08,06:00:00,12
2021-04-08,14:00:00,21
2021-04-09,06:00:00,12
2021-04-09,14:00:00,13
2021-04-10,06:00:00,11
2021-04-10,11:00:00,21
2021-04-11,09:00:00,17
2021-04-11,14:00:00,23
2021-04-12,07:00:00,6
2021-04-12,14:00:00,8
2021-04-13,08:00:00,14
2021-04-14,08:00:00,9
2021-04-15,06:00:00,12
2021-04-15,14:00:00,19
2021-04-16,06:00:00,16
2021-04-16,14:00:00,23
2021-04-17,06:00:00,10
2021-04-17,11:00:00,4
2021-04-18,09:00:00,11
2021-04-18,14:00:00,24
2021-04-19,07:00:00,12
2021-04-19,14:00:00,12
2021-04-20,08:00:00,15
2021-04-20,14:00:00,166
2021-04-21,08:00:00,113
2021-04-22,06:00:00,12
2021-04-22,14:00:00,7
2021-04-23,06:00:00,15
2021-04-23,14:00:00,12
2021-04-24,06:00:00,4
2021-04-24,11:00:00,13
2021-04-25,09:00:00,15
2021-04-25,14:00:00,30
2021-04-26,07:00:00,10
2021-04-26,14:00:00,12
2021-04-27,08:00:00,5
2021-04-28,08:00:00,5
2021-04-29,06:00:00,9
2021-04-29,14:00:00,13
2021-04-30,06:00:00,14
2021-04-30,14:00:00,16
2021-05-01,06:00:00,17
2021-05-01,12:00:00,13
2021-05-02,09:00:00,5
2021-05-02,14:00:00,16
2021-05-03,07:00:00,11
2021-05-03,14:00:00,19
2021-05-04,08:00:00,16
2021-05-05,08:00:00,15
2021-05-06,06:00:00,17
2021-05-06,14:00:00,21
2021-05-07,06:00:00,12
2021-05-07,14:00:00,10
2021-05-08,06:00:00,12
2021-05-08,11:00:00,15
2021-05-09,09:00:00,27
2021-05-09,14:00:00,26
2021-05-10,06:00:00,17
2021-05-10,14:00:00,19
2021-05-11,08:00:00,24
2021-05-11,10:00:00,46
2021-05-12,08:00:00,19
2021-05-13,06:00:00,21
2021-05-13,14:00:00,17
2021-05-14,06:00:00,15
2021-05-14,14:00:00,22
2021-05-15,06:00:00,8
2021-05-15,11:00:00,9
2021-05-16,08:00:00,29
2021-05-16,14:00:00,19
2021-05-17,06:00:00,19
2021-05-17,14:00:00,25
2021-05-18,08:00:00,29
2021-05-19,08:00:00,21
2021-05-20,07:00:00,13
2021-05-20,14:00:00,22
2021-05-21,07:00:00,19
2021-05-21,14:00:00,20
2021-05-22,06:00:00,12
2021-05-22,11:00:00,23
2021-05-22,19:00:00,120
2021-05-23,09:00:00,22
2021-05-23,14:00:00,30
2021-05-24,06:00:00,19
2021-05-24,14:00:00,17
2021-05-25,08:00:00,16
2021-05-26,08:00:00,26
2021-05-27,07:00:00,24
2021-05-28,06:00:00,27
2021-05-28,14:00:00,21
2021-05-29,06:00:00,22
2021-05-30,08:00:00,20
2021-05-30,14:00:00,26
2021-05-31,06:00:00,28
2021-05-31,14:00:00,28
2021-06-01,08:00:00,29
2021-06-02,08:00:00,29
2021-06-03,06:00:00,22
2021-06-03,14:00:00,28
2021-06-04,06:00:00,20
2021-06-04,14:00:00,19
2021-06-05,06:00:00,20
2021-06-05,17:00:00,102
2021-06-06,09:00:00,26
2021-06-06,14:00:00,24
2021-06-07,06:00:00,20
2021-06-07,14:00:00,15
2021-06-08,08:00:00,21
2021-06-09,08:00:00,19
2021-06-10,06:00:00,21
2021-06-10,15:00:00,22
2021-06-11,09:00:00,20
2021-06-11,14:00:00,17
2021-06-12,09:00:00,24
2021-06-13,09:00:00,16
2021-06-13,14:00:00,30
2021-06-14,06:00:00,12
2021-06-14,14:00:00,22
2021-06-15,08:00:00,20
2021-06-16,08:00:00,24
2021-06-17,06:00:00,24
2021-06-17,14:00:00,23
2021-06-18,06:00:00,25
2021-06-18,14:00:00,19
2021-06-19,06:00:00,22
2021-06-19,19:00:00,92
2021-06-20,09:00:00,30
2021-06-20,14:00:00,30
2021-06-21,06:00:00,28
2021-06-21,14:00:00,31
2021-06-22,08:00:00,27
2021-06-23,08:00:00,19
2021-06-24,07:00:00,25
2021-06-24,14:00:00,16
2021-06-25,06:00:00,22
2021-06-25,14:00:00,26
2021-06-26,06:00:00,30
2021-06-27,08:00:00,27
2021-06-27,14:00:00,27
2021-06-28,06:00:00,29
2021-06-28,14:00:00,30
2021-06-29,08:00:00,26
2021-06-30,08:00:00,27
2021-07-01,07:00:00,23
2021-07-01,14:00:00,24
2021-07-02,06:00:00,29
2021-07-02,14:00:00,30
2021-07-03,06:00:00,29
2021-07-03,11:00:00,29
2021-07-04,08:00:00,8
2021-07-04,14:00:00,21
2021-07-05,06:00:00,21
2021-07-05,14:00:00,29
2021-07-06,08:00:00,30
2021-07-07,08:00:00,29
2021-07-08,07:00:00,22
2021-07-08,14:00:00,23
2021-07-09,09:00:00,26
2021-07-09,14:00:00,29
2021-07-10,06:00:00,29
2021-07-11,09:00:00,30
2021-07-11,14:00:00,28
2021-07-12,06:00:00,21
2021-07-12,14:00:00,25
2021-07-13,08:00:00,23
2021-07-14,08:00:00,26
2021-07-15,06:00:00,24
2021-07-15,14:00:00,14
2021-07-16,06:00:00,30
2021-07-16,14:00:00,29
2021-07-17,06:00:00,29
2021-07-18,08:00:00,29
2021-07-18,14:00:00,29
2021-07-19,12:00:00,30
2021-07-19,17:00:00,30
2021-07-20,08:00:00,25
2021-07-21,08:00:00,31
2021-07-22,07:00:00,19
2021-07-22,14:00:00,22
2021-07-23,06:00:00,26
2021-07-23,14:00:00,31
2021-07-24,06:00:00,28
2021-07-25,09:00:00,27
2021-07-25,14:00:00,30
2021-07-26,06:00:00,14
2021-07-26,14:00:00,59
2021-07-27,08:00:00,21
2021-07-28,08:00:00,19
2021-07-29,06:00:00,15
2021-07-29,14:00:00,153
2021-07-30,06:00:00,14
2021-07-30,14:00:00,23
2021-07-31,06:00:00,15
2021-08-01,09:00:00,22
2021-08-01,14:00:00,29
2021-08-02,06:00:00,18
2021-08-02,14:00:00,23
2021-08-03,08:00:00,20
2021-08-04,08:00:00,28
2021-08-05,06:00:00,11
2021-08-05,14:00:00,19
2021-08-06,06:00:00,15
2021-08-06,14:00:00,20
2021-08-07,06:00:00,23
2021-08-08,09:00:00,23
2021-08-08,14:00:00,25
2021-08-09,09:00:00,16
2021-08-09,14:00:00,25
2021-08-10,08:00:00,12
2021-08-11,08:00:00,19
2021-08-12,06:00:00,12
2021-08-12,14:00:00,18
2021-08-13,06:00:00,29
2021-08-13,14:00:00,23
2021-08-14,06:00:00,16
2021-08-14,11:00:00,16
2021-08-15,09:00:00,23
2021-08-15,14:00:00,28
2021-08-16,06:00:00,4
2021-08-16,14:00:00,30
2021-08-17,08:00:00,20
2021-08-18,09:00:00,24
2021-08-19,06:00:00,11
2021-08-19,14:00:00,22
2021-08-20,06:00:00,18
2021-08-20,14:00:00,27
2021-08-21,06:00:00,14
2021-08-21,11:00:00,19
2021-08-22,08:00:00,16
2021-08-22,14:00:00,30
2021-08-23,06:00:00,27
2021-08-23,14:00:00,22
2021-08-24,08:00:00,15
2021-08-25,08:00:00,25
2021-08-26,08:00:00,7
2021-08-26,14:00:00,15
2021-08-27,06:00:00,16
2021-08-27,14:00:00,25
2021-08-28,06:00:00,9
2021-08-28,11:00:00,10
2021-08-29,09:00:00,12
2021-08-29,14:00:00,14
2021-08-30,06:00:00,5
2021-08-30,14:00:00,11
2021-08-31,08:00:00,9
2021-09-01,06:00:00,14
2021-09-02,06:00:00,15
2021-09-02,14:00:00,22
2021-09-03,06:00:00,24
2021-09-03,14:00:00,23
2021-09-03,17:00:00,152
2021-09-04,06:00:00,17
2021-09-04,11:00:00,18
2021-09-05,08:00:00,10
2021-09-05,14:00:00,17
2021-09-06,06:00:00,17
2021-09-06,14:00:00,28
2021-09-07,08:00:00,28
2021-09-08,08:00:00,16
2021-09-09,06:00:00,16
2021-09-09,14:00:00,19
2021-09-10,06:00:00,19
2021-09-10,14:00:00,14
2021-09-11,06:00:00,11
2021-09-11,11:00:00,4
2021-09-12,09:00:00,10
2021-09-12,14:00:00,16
2021-09-13,06:00:00,11
2021-09-13,14:00:00,7
2021-09-14,08:00:00,11
2021-09-15,08:00:00,24
2021-09-16,07:00:00,15
2021-09-16,14:00:00,12
2021-09-17,06:00:00,16
2021-09-17,14:00:00,22
2021-09-18,06:00:00,15
2021-09-18,11:00:00,18
2021-09-19,08:00:00,29
2021-09-19,14:00:00,31
2021-09-20,07:00:00,17
2021-09-20,14:00:00,9
2021-09-21,08:00:00,16
2021-09-22,08:00:00,17
2021-09-23,06:00:00,15
2021-09-23,09:00:00,64
2021-09-23,14:00:00,15
2021-09-24,06:00:00,19
2021-09-24,14:00:00,16
2021-09-25,06:00:00,6
2021-09-25,11:00:00,9
2021-09-26,09:00:00,13
2021-09-26,14:00:00,27
2021-09-27,06:00:00,15
2021-09-27,14:00:00,8
2021-09-28,08:00:00,10
2021-09-29,09:00:00,30
2021-09-30,06:00:00,24
2021-09-30,14:00:00,22
2021-10-01,06:00:00,28
2021-10-01,14:00:00,29
2021-10-02,09:00:00,12
2021-10-03,09:00:00,20
2021-10-03,14:00:00,24
2021-10-04,06:00:00,15
2021-10-04,14:00:00,11
2021-10-05,08:00:00,19
2021-10-06,06:00:00,9
2021-10-06,14:00:00,9
2021-10-07,06:00:00,19
2021-10-07,14:00:00,30
2021-10-08,06:00:00,31
2021-10-08,14:00:00,28
2021-10-09,09:00:00,17
2021-10-10,09:00:00,29
2021-10-10,14:00:00,30
2021-10-11,07:00:00,14
2021-10-11,14:00:00,25
2021-10-12,08:00:00,31
2021-10-13,06:00:00,19
2021-10-14,06:00:00,18
2021-10-14,12:00:00,128
2021-10-14,14:00:00,26
2021-10-15,06:00:00,22
2021-10-15,14:00:00,15
2021-10-16,09:00:00,11
2021-10-17,09:00:00,23
2021-10-17,14:00:00,28
2021-10-18,06:00:00,25
2021-10-18,14:00:00,18
2021-10-19,08:00:00,16
2021-10-20,07:00:00,19
2021-10-20,14:00:00,10
2021-10-21,07:00:00,13
2021-10-21,14:00:00,13
2021-10-22,06:00:00,17
2021-10-22,14:00:00,16
2021-10-23,09:00:00,12
2021-10-24,09:00:00,18
2021-10-24,14:00:00,24
2021-10-25,10:00:00,8
2021-10-25,14:00:00,7
2021-10-26,08:00:00,13
2021-10-27,07:00:00,9
2021-10-27,14:00:00,22
2021-10-28,07:00:00,5
2021-10-28,14:00:00,12
2021-10-29,06:00:00,18
2021-10-29,14:00:00,16
2021-10-30,09:00:00,14
2021-10-31,09:00:00,21
2021-10-31,14:00:00,23
2021-11-01,07:00:00,11
2021-11-01,14:00:00,18
2021-11-02,08:00:00,9
2021-11-03,07:00:00,9
2021-11-03,14:00:00,11
2021-11-04,06:00:00,9
2021-11-04,14:00:00,11
2021-11-05,06:00:00,15
2021-11-05,14:00:00,27
2021-11-06,09:00:00,8
2021-11-07,09:00:00,17
2021-11-07,14:00:00,23
2021-11-07,19:00:00,50
2021-11-08,07:00:00,16
2021-11-08,14:00:00,17
2021-11-09,08:00:00,12
2021-11-10,06:00:00,7
2021-11-10,14:00:00,15
2021-11-11,07:00:00,28
2021-11-12,06:00:00,11
2021-11-12,14:00:00,16
2021-11-13,09:00:00,20
2021-11-14,09:00:00,29
2021-11-14,14:00:00,29
2021-11-15,06:00:00,26
2021-11-15,14:00:00,13
2021-11-15,20:00:00,132
2021-11-16,08:00:00,19
2021-11-16,15:00:00,63
2021-11-17,06:00:00,8
2021-11-17,14:00:00,6
2021-11-18,06:00:00,11
2021-11-18,14:00:00,10
2021-11-19,06:00:00,24
2021-11-19,14:00:00,22
2021-11-20,09:00:00,26
2021-11-21,09:00:00,30
2021-11-21,14:00:00,28
2021-11-22,06:00:00,10
2021-11-22,14:00:00,25
2021-11-23,06:00:00,30
2021-11-23,14:00:00,24
2021-11-24,06:00:00,28
2021-11-24,14:00:00,30
2021-11-25,06:00:00,0
2021-11-26,14:00:00,28
2021-11-27,09:00:00,30
2021-11-27,14:00:00,30
2021-11-28,09:00:00,30
2021-11-28,14:00:00,29
2021-11-29,06:00:00,31
2021-11-29,14:00:00,31
2021-11-30,08:00:00,32
2021-12-01,06:00:00,22
2021-12-01,14:00:00,13
2021-12-02,06:00:00,4
2021-12-02,14:00:00,13
2021-12-03,06:00:00,20
2021-12-03,14:00:00,13
2021-12-04,09:00:00,20
2021-12-05,09:00:00,19
2021-12-05,14:00:00,20
2021-12-06,07:00:00,15
2021-12-06,14:00:00,18
2021-12-07,08:00:00,18
2021-12-08,06:00:00,2
2021-12-08,14:00:00,12
2021-12-09,07:00:00,10
2021-12-09,14:00:00,15
2021-12-10,06:00:00,14
2021-12-10,14:00:00,23
2021-12-11,09:00:00,22
2021-12-12,09:00:00,21
2021-12-12,14:00:00,31
2021-12-13,06:00:00,8
2021-12-13,14:00:00,13
2021-12-14,08:00:00,16
2021-12-15,06:00:00,6
2021-12-15,14:00:00,16
2021-12-16,06:00:00,17
2021-12-16,14:00:00,17
2021-12-17,06:00:00,24
2021-12-17,14:00:00,26
2021-12-18,09:00:00,29
2021-12-19,09:00:00,30
2021-12-19,14:00:00,27
2021-12-20,06:00:00,26
2021-12-20,14:00:00,26
2021-12-21,08:00:00,28
2021-12-22,06:00:00,30
2021-12-22,14:00:00,29
2021-12-23,06:00:00,19
2021-12-23,14:00:00,20
2021-12-24,06:00:00,21
2021-12-24,14:00:00,12
2021-12-25,06:00:00,15
2021-12-26,09:00:00,31
2021-12-26,14:00:00,29
2021-12-27,06:00:00,25
2021-12-27,14:00:00,30
2021-12-28,08:00:00,29
2021-12-29,06:00:00,27
2021-12-29,14:00:00,30
2021-12-30,06:00:00,25
2021-12-30,14:00:00,28
2021-12-31,06:00:00,22
2021-12-31,14:00:00,19
2022-01-01,09:00:00,26
2022-01-01,14:00:00,31
2022-01-02,09:00:00,31
2022-01-02,14:00:00,28
2022-01-03,06:00:00,21
2022-01-03,16:00:00,24
2022-01-04,09:00:00,12
2022-01-04,15:00:00,25
2022-01-05,08:00:00,15
2022-01-06,06:00:00,16
2022-01-06,14:00:00,10
2022-01-07,06:00:00,10
2022-01-07,14:00:00,9
2022-01-08,09:00:00,14
2022-01-09,09:00:00,14
2022-01-09,14:00:00,14
2022-01-10,06:00:00,6
2022-01-10,14:00:00,7
2022-01-11,08:00:00,13
2022-01-12,06:00:00,7
2022-01-12,14:00:00,9
2022-01-13,06:00:00,10
2022-01-13,14:00:00,87
2022-01-14,06:00:00,19
2022-01-14,14:00:00,17
2022-01-15,09:00:00,13
2022-01-16,09:00:00,10
2022-01-16,14:00:00,4
2022-01-17,06:00:00,11
2022-01-17,14:00:00,22
2022-01-18,08:00:00,20
2022-01-19,06:00:00,7
2022-01-19,14:00:00,10
2022-01-20,07:00:00,7
2022-01-20,14:00:00,7
2022-01-21,06:00:00,12
2022-01-21,14:00:00,12
2022-01-22,09:00:00,9
2022-01-22,15:00:00,52
2022-01-23,09:00:00,12
2022-01-23,14:00:00,17
2022-01-24,06:00:00,3
2022-01-24,14:00:00,7
2022-01-25,08:00:00,15
2022-01-26,06:00:00,5
2022-01-26,14:00:00,3
2022-01-27,06:00:00,5
2022-01-27,14:00:00,16
2022-01-28,06:00:00,12
2022-01-28,14:00:00,8
2022-01-29,09:00:00,9
2022-01-30,09:00:00,12
2022-01-30,14:00:00,26
2022-01-31,06:00:00,11
2022-01-31,14:00:00,6
2022-02-01,08:00:00,6
2022-02-02,14:00:00,9
2022-02-02,15:00:00,40
2022-02-03,06:00:00,5
2022-02-03,14:00:00,8
2022-02-04,06:00:00,12
2022-02-04,14:00:00,12
2022-02-05,09:00:00,11
2022-02-06,09:00:00,15
2022-02-06,14:00:00,21
2022-02-07,06:00:00,19
2022-02-07,14:00:00,9
2022-02-08,08:00:00,6
2022-02-09,06:00:00,11
2022-02-09,14:00:00,16
2022-02-10,07:00:00,5
2022-02-10,14:00:00,18
2022-02-11,06:00:00,14
2022-02-11,14:00:00,11
2022-02-12,09:00:00,14
2022-02-13,09:00:00,17
2022-02-13,14:00:00,22
2022-02-14,06:00:00,0
2022-02-14,14:00:00,10
2022-02-15,08:00:00,12
2022-02-16,14:00:00,24
2022-02-17,06:00:00,21
2022-02-17,14:00:00,25
2022-02-18,06:00:00,30
2022-02-18,14:00:00,27
2022-02-18,19:00:00,169
2022-02-19,08:00:00,24
2022-02-20,08:00:00,10
2022-02-20,17:00:00,84
2022-02-21,06:00:00,29
2022-02-21,14:00:00,30
2022-02-22,08:00:00,19
2022-02-23,14:00:00,17
2022-02-24,06:00:00,9
2022-02-24,14:00:00,19
2022-02-25,06:00:00,11
2022-02-25,14:00:00,16
2022-02-26,09:00:00,10
2022-02-27,09:00:00,30
2022-02-27,14:00:00,29
2022-02-28,06:00:00,17
2022-02-28,14:00:00,10
2022-03-01,08:00:00,13
2022-03-02,06:00:00,9
2022-03-02,14:00:00,10
2022-03-03,06:00:00,6
2022-03-03,14:00:00,19
2022-03-04,06:00:00,18
2022-03-04,14:00:00,26
2022-03-05,09:00:00,13
2022-03-06,09:00:00,16
2022-03-06,14:00:00,29
2022-03-07,06:00:00,9
2022-03-07,14:00:00,16
2022-03-08,08:00:00,12
2022-03-09,14:00:00,16
2022-03-10,06:00:00,6
2022-03-10,14:00:00,15
2022-03-11,06:00:00,16
2022-03-11,14:00:00,17
2022-03-12,06:00:00,29
2022-03-13,09:00:00,15
2022-03-13,14:00:00,28
2022-03-14,08:00:00,25
2022-03-14,14:00:00,17
2022-03-15,08:00:00,16
2022-03-16,14:00:00,21
2022-03-17,06:00:00,9
2022-03-17,12:00:00,113
2022-03-17,14:00:00,16
2022-03-18,06:00:00,26
2022-03-18,14:00:00,19
2022-03-18,18:00:00,158
2022-03-19,09:00:00,18
2022-03-20,09:00:00,29
2022-03-20,14:00:00,30
2022-03-21,06:00:00,23
2022-03-21,14:00:00,20
2022-03-22,08:00:00,22
2022-03-23,06:00:00,19
2022-03-23,14:00:00,20
2022-03-24,08:00:00,16
2022-03-24,14:00:00,0
2022-03-25,06:00:00,30
2022-03-25,14:00:00,25
2022-03-26,09:00:00,26
2022-03-27,09:00:00,18
2022-03-27,14:00:00,21
2022-03-28,06:00:00,28
2022-03-28,14:00:00,20
2022-03-29,08:00:00,20
2022-03-30,14:00:00,18
2022-03-31,06:00:00,15
2022-03-31,14:00:00,0
2022-04-01,09:00:00,27
2022-04-01,14:00:00,26
2022-04-02,09:00:00,26
2022-04-03,09:00:00,30
2022-04-03,14:00:00,29
2022-04-04,06:00:00,21
2022-04-04,14:00:00,100
2022-04-05,08:00:00,20
2022-04-06,14:00:00,14
2022-04-07,08:00:00,12
2022-04-07,14:00:00,11
2022-04-08,06:00:00,26
2022-04-08,14:00:00,27
2022-04-09,09:00:00,20
2022-04-10,09:00:00,16
2022-04-10,14:00:00,23
2022-04-11,06:00:00,16
2022-04-11,14:00:00,20
2022-04-12,08:00:00,22
2022-04-13,06:00:00,20
2022-04-14,06:00:00,14
2022-04-14,14:00:00,23
2022-04-15,06:00:00,15
2022-04-15,14:00:00,21
2022-04-16,06:00:00,30
2022-04-17,06:00:00,30
2022-04-17,14:00:00,29
2022-04-18,06:00:00,27
2022-04-18,14:00:00,29
2022-04-19,08:00:00,27
2022-04-20,08:00:00,27
2022-04-21,06:00:00,15
2022-04-21,14:00:00,18
2022-04-22,06:00:00,23
2022-04-22,14:00:00,14
2022-04-23,09:00:00,22
2022-04-23,12:00:00,144
2022-04-23,19:00:00,40
2022-04-24,09:00:00,30
2022-04-24,14:00:00,29
2022-04-25,07:00:00,25
2022-04-25,14:00:00,17
2022-04-26,08:00:00,19
2022-04-27,08:00:00,8
2022-04-28,06:00:00,17
2022-04-28,14:00:00,18
2022-04-29,06:00:00,17
2022-04-29,14:00:00,19
2022-04-30,09:00:00,25
2022-05-01,09:00:00,24
2022-05-01,14:00:00,28
2022-05-02,07:00:00,19
2022-05-02,14:00:00,20
2022-05-03,08:00:00,19
2022-05-04,09:00:00,17
2022-05-05,06:00:00,12
2022-05-05,14:00:00,0
2022-05-06,06:00:00,16
2022-05-06,14:00:00,20
2022-05-07,09:00:00,15
2022-05-08,09:00:00,16
2022-05-08,14:00:00,25
2022-05-09,07:00:00,19
2022-05-09,14:00:00,27
2022-05-10,08:00:00,21
2022-05-11,08:00:00,14
2022-05-12,07:00:00,12
2022-05-12,14:00:00,12
2022-05-13,06:00:00,14
2022-05-13,14:00:00,21
2022-05-14,06:00:00,30
2022-05-15,09:00:00,15
2022-05-15,14:00:00,23
2022-05-16,06:00:00,14
2022-05-16,14:00:00,16
2022-05-17,08:00:00,26
2022-05-18,07:00:00,15
2022-05-18,14:00:00,20
2022-05-19,07:00:00,28
2022-05-19,14:00:00,20
2022-05-20,06:00:00,25
2022-05-20,14:00:00,22
2022-05-21,09:00:00,20
2022-05-22,09:00:00,30
2022-05-22,14:00:00,29
2022-05-23,06:00:00,21
2022-05-23,14:00:00,15
2022-05-24,08:00:00,21
2022-05-25,06:00:00,18
2022-05-25,14:00:00,19
2022-05-26,08:00:00,27
2022-05-26,15:00:00,26
2022-05-27,08:00:00,28
2022-05-27,14:00:00,0
2022-05-28,09:00:00,25
2022-05-28,13:00:00,24
2022-05-29,09:00:00,25
2022-05-29,14:00:00,25
2022-05-29,16:00:00,160
2022-05-30,06:00:00,21
2022-05-30,14:00:00,22
2022-05-31,09:00:00,33
2022-06-01,06:00:00,18
2022-06-01,14:00:00,21
2022-06-02,06:00:00,23
2022-06-02,14:00:00,26
2022-06-03,06:00:00,0
2022-06-03,14:00:00,30
2022-06-04,09:00:00,25
2022-06-04,14:00:00,8
2022-06-05,09:00:00,19
2022-06-05,13:00:00,67
2022-06-05,14:00:00,24
2022-06-06,06:00:00,22
2022-06-06,14:00:00,19
2022-06-07,08:00:00,21
2022-06-08,06:00:00,16
2022-06-08,14:00:00,18
2022-06-09,07:00:00,18
2022-06-09,14:00:00,23
2022-06-10,06:00:00,23
2022-06-10,14:00:00,18
2022-06-11,09:00:00,24
2022-06-12,08:00:00,16
2022-06-12,14:00:00,23
2022-06-13,07:00:00,20
2022-06-13,14:00:00,20
2022-06-14,08:00:00,22
2022-06-15,07:00:00,20
2022-06-15,12:00:00,22
2022-06-16,07:00:00,23
2022-06-16,14:00:00,24
2022-06-17,06:00:00,29
2022-06-17,14:00:00,30
2022-06-19,08:00:00,28
2022-06-19,14:00:00,25
2022-06-20,07:00:00,30
2022-06-20,14:00:00,31
2022-06-21,08:00:00,28
2022-06-22,06:00:00,23
2022-06-22,14:00:00,19
2022-06-23,08:00:00,14
2022-06-23,14:00:00,30
2022-06-24,06:00:00,16
2022-06-24,14:00:00,25
2022-06-25,09:00:00,17
2022-06-26,09:00:00,17
2022-06-26,14:00:00,27
2022-06-27,07:00:00,22
2022-06-27,14:00:00,20
2022-06-28,08:00:00,17
2022-06-28,19:00:00,117
2022-06-29,06:00:00,20
2022-06-29,14:00:00,17
2022-06-30,06:00:00,18
2022-06-30,14:00:00,22
2022-07-01,06:00:00,22
2022-07-01,14:00:00,24
2022-07-03,09:00:00,27
2022-07-03,14:00:00,24
2022-07-04,07:00:00,21
2022-07-04,14:00:00,24
2022-07-05,08:00:00,29
2022-07-06,06:00:00,28
2022-07-06,14:00:00,24
2022-07-07,07:00:00,25
2022-07-07,14:00:00,29
2022-07-08,06:00:00,28
2022-07-08,14:00:00,29
2022-07-09,09:00:00,31
2022-07-10,09:00:00,23
2022-07-10,14:00:00,29
2022-07-11,06:00:00,17
2022-07-11,14:00:00,14
2022-07-12,08:00:00,18
2022-07-13,07:00:00,17
2022-07-13,14:00:00,19
2022-07-14,07:00:00,24
2022-07-14,14:00:00,13
2022-07-15,06:00:00,24
2022-07-15,14:00:00,15
2022-07-16,09:00:00,23
2022-07-17,09:00:00,28
2022-07-17,13:00:00,86
2022-07-17,14:00:00,26
2022-07-18,06:00:00,23
2022-07-18,14:00:00,26
2022-07-19,08:00:00,24
2022-07-20,06:00:00,24
2022-07-20,14:00:00,19
2022-07-21,06:00:00,17
2022-07-21,14:00:00,25
2022-07-22,06:00:00,24
2022-07-22,14:00:00,19
2022-07-23,09:00:00,27
2022-07-24,09:00:00,29
2022-07-24,14:00:00,30
2022-07-25,06:00:00,19
2022-07-25,14:00:00,21
2022-07-26,08:00:00,23
2022-07-27,06:00:00,17
2022-07-27,14:00:00,23
2022-07-28,06:00:00,11
2022-07-28,14:00:00,17
2022-07-29,06:00:00,22
2022-07-29,14:00:00,13
2022-07-30,09:00:00,24
2022-07-31,09:00:00,31
2022-07-31,11:00:00,145
2022-07-31,14:00:00,28
2022-08-01,06:00:00,22
2022-08-01,14:00:00,15
2022-08-02,08:00:00,14
2022-08-03,06:00:00,15
2022-08-03,14:00:00,21
2022-08-04,06:00:00,26
2022-08-04,14:00:00,26
2022-08-05,06:00:00,0
2022-08-05,14:00:00,25
2022-08-06,10:00:00,22
2022-08-07,09:00:00,20
2022-08-07,14:00:00,24
2022-08-08,06:00:00,18
2022-08-08,14:00:00,17
2022-08-09,09:00:00,97
2022-08-10,06:00:00,7
2022-08-10,14:00:00,16
2022-08-11,08:00:00,22
2022-08-11,14:00:00,14
2022-08-12,06:00:00,22
2022-08-12,14:00:00,25
2022-08-13,09:00:00,18
2022-08-14,09:00:00,28
2022-08-14,14:00:00,14
2022-08-15,06:00:00,13
2022-08-15,14:00:00,23
2022-08-16,08:00:00,19
2022-08-17,06:00:00,15
2022-08-17,14:00:00,22
2022-08-18,06:00:00,13
2022-08-18,14:00:00,18
2022-08-19,06:00:00,24
2022-08-19,14:00:00,22
2022-08-20,09:00:00,29
2022-08-21,09:00:00,18
2022-08-21,14:00:00,27
2022-08-22,06:00:00,17
2022-08-22,14:00:00,22
2022-08-23,08:00:00,28
2022-08-24,06:00:00,14
2022-08-24,14:00:00,16
2022-08-25,06:00:00,15
2022-08-25,14:00:00,22
2022-08-26,07:00:00,18
2022-08-26,14:00:00,26
2022-08-27,08:00:00,24
2022-08-28,09:00:00,15
2022-08-28,14:00:00,25
2022-08-29,06:00:00,15
2022-08-29,14:00:00,15
2022-08-30,08:00:00,20
2022-08-31,07:00:00,11
2022-08-31,14:00:00,13
2022-09-01,08:00:00,22
2022-09-01,14:00:00,22
2022-09-02,06:00:00,27
2022-09-02,14:00:00,30
2022-09-03,09:00:00,30
2022-09-04,09:00:00,7
2022-09-04,14:00:00,15
2022-09-05,06:00:00,26
2022-09-06,08:00:00,26
2022-09-07,06:00:00,23
2022-09-07,14:00:00,17
2022-09-08,06:00:00,9
2022-09-08,14:00:00,22
2022-09-09,06:00:00,21
2022-09-09,14:00:00,22
2022-09-10,06:00:00,30
2022-09-11,09:00:00,18
2022-09-11,14:00:00,29
2022-09-12,06:00:00,14
2022-09-12,14:00:00,21
2022-09-12,16:00:00,65
2022-09-13,08:00:00,16
2022-09-14,06:00:00,5
2022-09-14,14:00:00,10
2022-09-14,20:00:00,163
2022-09-15,06:00:00,14
2022-09-15,14:00:00,20
2022-09-16,07:00:00,21
2022-09-16,14:00:00,25
2022-09-17,09:00:00,24
2022-09-18,09:00:00,27
2022-09-18,14:00:00,30
2022-09-19,06:00:00,18
2022-09-19,14:00:00,0
2022-09-20,08:00:00,31
2022-09-20,12:00:00,7
2022-09-21,06:00:00,14
2022-09-21,14:00:00,9
2022-09-22,06:00:00,19
2022-09-22,14:00:00,21
2022-09-23,06:00:00,22
2022-09-23,14:00:00,18
2022-09-24,08:00:00,21
2022-09-25,09:00:00,13
2022-09-25,14:00:00,30
2022-09-26,06:00:00,24
2022-09-26,14:00:00,22
2022-09-27,10:00:00,27
2022-09-28,06:00:00,11
2022-09-28,14:00:00,10
2022-09-29,06:00:00,21
2022-09-29,14:00:00,12
2022-09-30,06:00:00,18
2022-09-30,14:00:00,22
2022-10-01,08:00:00,14
2022-10-02,09:00:00,17
2022-10-02,14:00:00,18
2022-10-03,06:00:00,17
2022-10-03,14:00:00,13
2022-10-04,08:00:00,8
2022-10-05,07:00:00,11
2022-10-05,14:00:00,11
2022-10-06,10:00:00,17
2022-10-06,14:00:00,29
2022-10-07,06:00:00,30
2022-10-07,14:00:00,31
2022-10-08,06:00:00,30
2022-10-09,07:00:00,125
2022-10-09,08:00:00,28
2022-10-09,14:00:00,30
2022-10-10,06:00:00,28
2022-10-10,14:00:00,28
2022-10-11,08:00:00,27
2022-10-12,06:00:00,24
2022-10-12,14:00:00,24
2022-10-13,06:00:00,8
2022-10-13,14:00:00,19
2022-10-14,06:00:00,22
2022-10-14,14:00:00,23
2022-10-15,09:00:00,21
2022-10-16,09:00:00,30
2022-10-17,06:00:00,21
2022-10-17,14:00:00,14
2022-10-18,08:00:00,21
2022-10-19,06:00:00,7
2022-10-19,14:00:00,14
2022-10-19,19:00:00,152
2022-10-20,06:00:00,18
2022-10-20,14:00:00,18
2022-10-21,06:00:00,24
2022-10-21,14:00:00,25
2022-10-22,09:00:00,26
2022-10-23,09:00:00,28
2022-10-23,14:00:00,27
2022-10-24,07:00:00,19
2022-10-24,14:00:00,18
2022-10-25,08:00:00,13
2022-10-26,07:00:00,7
2022-10-26,14:00:00,18
2022-10-27,07:00:00,16
2022-10-27,14:00:00,22
2022-10-28,06:00:00,24
2022-10-28,14:00:00,25
2022-10-29,09:00:00,24
2022-10-30,09:00:00,12
2022-10-30,14:00:00,25
2022-10-31,06:00:00,14
2022-10-31,14:00:00,22
2022-11-01,08:00:00,10
2022-11-02,06:00:00,14
2022-11-02,14:00:00,9
2022-11-03,06:00:00,21
2022-11-03,14:00:00,15
2022-11-04,06:00:00,23
2022-11-04,14:00:00,23
2022-11-05,08:00:00,28
2022-11-06,09:00:00,30
2022-11-06,14:00:00,30
2022-11-07,06:00:00,22
2022-11-07,14:00:00,24
2022-11-08,08:00:00,20
2022-11-09,06:00:00,12
2022-11-09,14:00:00,10
2022-11-10,06:00:00,11
2022-11-10,14:00:00,27
2022-11-11,06:00:00,27
2022-11-11,14:00:00,28
2022-11-12,06:00:00,30
2022-11-13,09:00:00,26
2022-11-13,14:00:00,28
2022-11-14,06:00:00,30
2022-11-14,14:00:00,17
2022-11-15,08:00:00,15
2022-11-16,06:00:00,17
2022-11-16,14:00:00,16
2022-11-17,06:00:00,11
2022-11-17,14:00:00,17
2022-11-18,06:00:00,22
2022-11-18,14:00:00,30
2022-11-19,15:00:00,22
2022-11-20,09:00:00,23
2022-11-20,14:00:00,95
2022-11-21,06:00:00,24
2022-11-21,14:00:00,182
2022-11-22,06:00:00,32
2022-11-22,14:00:00,28
2022-11-23,06:00:00,29
2022-11-23,14:00:00,30
2022-11-24,06:00:00,21
2022-11-25,06:00:00,28
2022-11-25,14:00:00,32
2022-11-26,09:00:00,30
2022-11-26,14:00:00,28
2022-11-27,09:00:00,30
2022-11-27,14:00:00,29
2022-11-28,06:00:00,28
2022-11-28,14:00:00,29
2022-11-29,08:00:00,29
2022-11-30,06:00:00,21
2022-11-30,16:00:00,33
2022-12-01,06:00:00,28
2022-12-01,16:00:00,15
2022-12-02,08:00:00,10
2022-12-03,09:00:00,20
2022-12-04,09:00:00,7
2022-12-04,16:00:00,0
2022-12-04,18:00:00,21
2022-12-05,07:00:00,21
2022-12-05,15:00:00,14
2022-12-06,08:00:00,14
2022-12-07,06:00:00,4
2022-12-07,14:00:00,14
2022-12-08,06:00:00,7
2022-12-08,14:00:00,18
2022-12-09,06:00:00,15
2022-12-09,14:00:00,18
2022-12-10,09:00:00,12
2022-12-11,09:00:00,0
2022-12-11,14:00:00,0
2022-12-12,10:00:00,25
2022-12-12,15:00:00,21
2022-12-13,08:00:00,16
2022-12-14,06:00:00,10
2022-12-14,14:00:00,12
2022-12-15,06:00:00,15
2022-12-15,14:00:00,30
2022-12-16,06:00:00,21
2022-12-16,14:00:00,13
2022-12-17,08:00:00,28
2022-12-18,09:00:00,26
2022-12-18,14:00:00,20
2022-12-19,06:00:00,20
2022-12-19,14:00:00,19
2022-12-20,08:00:00,18
2022-12-21,07:00:00,23
2022-12-21,14:00:00,21
2022-12-22,06:00:00,23
2022-12-22,14:00:00,25
2022-12-23,06:00:00,28
2022-12-23,14:00:00,21
2022-12-24,09:00:00,25
2022-12-25,06:00:00,0
2022-12-25,14:00:00,0
2022-12-26,09:00:00,28
2022-12-26,14:00:00,29
2022-12-27,07:00:00,30
2022-12-27,14:00:00,31
2022-12-28,10:00:00,29
2022-12-29,10:00:00,26
2022-12-29,15:00:00,31
2022-12-30,08:00:00,31
2022-12-30,14:00:00,32
2022-12-31,08:00:00,27
2023-01-01,09:00:00,30
2023-01-01,12:00:00,22
2023-01-02,06:00:00,25
2023-01-02,14:00:00,26
2023-01-03,08:00:00,28
2023-01-04,06:00:00,10
2023-01-04,14:00:00,16
2023-01-05,09:00:00,13
2023-01-05,14:00:00,22
2023-01-06,06:00:00,10
2023-01-06,14:00:00,20
2023-01-07,09:00:00,144
2023-01-07,10:00:00,126
2023-01-07,11:00:00,125
2023-01-07,12:00:00,108
2023-01-08,09:00:00,26
2023-01-08,14:00:00,23
2023-01-09,06:00:00,11
2023-01-09,14:00:00,10
2023-01-10,08:00:00,12
2023-01-11,06:00:00,11
2023-01-11,14:00:00,10
2023-01-12,06:00:00,3
2023-01-12,14:00:00,12
2023-01-13,06:00:00,13
2023-01-13,14:00:00,26
2023-01-14,09:00:00,30
2023-01-14,13:00:00,168
2023-01-15,09:00:00,24
2023-01-15,14:00:00,24
2023-01-16,06:00:00,13
2023-01-16,14:00:00,0
2023-01-17,10:00:00,29
2023-01-17,14:00:00,106
2023-01-17,15:00:00,9
2023-01-18,07:00:00,0
2023-01-18,14:00:00,0
2023-01-19,06:00:00,20
2023-01-19,14:00:00,11
2023-01-20,06:00:00,12
2023-01-20,14:00:00,23
2023-01-21,08:00:00,19
2023-01-22,09:00:00,0
2023-01-22,14:00:00,0
2023-01-23,06:00:00,0
2023-01-23,14:00:00,0
2023-01-24,09:00:00,25
2023-01-25,14:00:00,14
2023-01-26,06:00:00,16
2023-01-26,14:00:00,16
2023-01-27,09:00:00,9
2023-01-27,14:00:00,9
2023-01-28,09:00:00,19
2023-01-29,09:00:00,23
2023-01-29,14:00:00,20
2023-01-30,07:00:00,15
2023-01-30,14:00:00,15
2023-01-31,08:00:00,10
2023-02-01,14:00:00,17
2023-02-02,06:00:00,4
2023-02-02,14:00:00,7
2023-02-03,06:00:00,15
2023-02-03,14:00:00,15
2023-02-04,09:00:00,7
2023-02-05,09:00:00,11
2023-02-05,14:00:00,30
2023-02-06,06:00:00,13
2023-02-06,14:00:00,10
2023-02-07,08:00:00,12
2023-02-08,06:00:00,6
2023-02-08,14:00:00,8
2023-02-09,06:00:00,21
2023-02-09,14:00:00,16
2023-02-10,06:00:00,14
2023-02-10,14:00:00,9
2023-02-11,09:00:00,16
2023-02-12,09:00:00,17
2023-02-12,14:00:00,27
2023-02-13,07:00:00,20
2023-02-13,12:00:00,158
2023-02-13,14:00:00,24
2023-02-14,08:00:00,9
2023-02-15,06:00:00,4
2023-02-15,14:00:00,7
2023-02-16,06:00:00,22
2023-02-16,14:00:00,18
2023-02-17,06:00:00,24
2023-02-17,14:00:00,23
2023-02-18,09:00:00,28
2023-02-19,09:00:00,24
2023-02-19,14:00:00,27
2023-02-20,06:00:00,25
2023-02-20,14:00:00,31
2023-02-20,15:00:00,102
2023-02-21,08:00:00,24
2023-02-22,06:00:00,24
2023-02-22,14:00:00,5
2023-02-23,06:00:00,11
2023-02-23,14:00:00,12
2023-02-24,06:00:00,26
2023-02-24,14:00:00,25
2023-02-25,08:00:00,17
2023-02-26,09:00:00,0
2023-02-26,14:00:00,0
2023-02-27,06:00:00,0
2023-02-27,14:00:00,0
2023-02-28,17:00:00,7
2023-03-01,08:00:00,15
2023-03-01,14:00:00,6
2023-03-02,06:00:00,7
2023-03-02,14:00:00,0
2023-03-03,16:00:00,23
2023-03-04,08:00:00,19
2023-03-05,08:00:00,20
2023-03-05,14:00:00,28
2023-03-06,07:00:00,24
2023-03-06,14:00:00,19
2023-03-07,08:00:00,22
2023-03-08,06:00:00,12
2023-03-08,14:00:00,19
2023-03-09,06:00:00,11
2023-03-09,14:00:00,22
2023-03-10,06:00:00,28
2023-03-10,14:00:00,27
2023-03-11,09:00:00,27
2023-03-12,09:00:00,31
2023-03-12,14:00:00,28
2023-03-13,06:00:00,25
2023-03-13,14:00:00,25
2023-03-14,08:00:00,16
2023-03-15,09:00:00,12
2023-03-15,14:00:00,15
2023-03-16,09:00:00,12
2023-03-16,14:00:00,15
2023-03-17,06:00:00,22
2023-03-17,14:00:00,25
2023-03-18,06:00:00,29
2023-03-18,12:00:00,152
2023-03-19,09:00:00,31
2023-03-19,14:00:00,30
2023-03-20,06:00:00,30
2023-03-20,14:00:00,23
2023-03-21,08:00:00,19
2023-03-22,06:00:00,13
2023-03-22,14:00:00,96
2023-03-23,06:00:00,22
2023-03-23,14:00:00,26
2023-03-24,06:00:00,25
2023-03-24,14:00:00,28
2023-03-25,08:00:00,32
2023-03-26,09:00:00,25
2023-03-26,14:00:00,30
2023-03-27,07:00:00,28
2023-03-27,14:00:00,0
2023-03-28,08:00:00,27
2023-03-29,06:00:00,9
2023-03-29,14:00:00,7
2023-03-30,06:00:00,19
2023-03-30,14:00:00,27
2023-03-31,06:00:00,31
2023-03-31,14:00:00,30
2023-04-01,08:00:00,30
2023-04-02,09:00:00,28
2023-04-02,14:00:00,29
2023-04-03,07:00:00,30
2023-04-03,14:00:00,26
2023-04-04,08:00:00,21
2023-04-05,06:00:00,23
2023-04-05,14:00:00,21
2023-04-06,06:00:00,25
2023-04-06,14:00:00,14
2023-04-07,06:00:00,23
2023-04-07,14:00:00,18
2023-04-08,08:00:00,10
2023-04-08,13:00:00,156
2023-04-09,09:00:00,27
2023-04-09,14:00:00,29
2023-04-10,07:00:00,30
2023-04-10,14:00:00,30
2023-04-11,08:00:00,26
2023-04-12,06:00:00,7
2023-04-12,14:00:00,11
2023-04-13,06:00:00,12
2023-04-13,14:00:00,18
2023-04-14,06:00:00,10
2023-04-14,14:00:00,10
2023-04-15,08:00:00,17
2023-04-16,08:00:00,15
2023-04-16,14:00:00,29
2023-04-17,07:00:00,18
2023-04-17,14:00:00,16
2023-04-18,08:00:00,23
2023-04-19,06:00:00,6
2023-04-19,14:00:00,16
2023-04-20,06:00:00,15
2023-04-20,14:00:00,9
2023-04-21,06:00:00,12
2023-04-21,14:00:00,20
2023-04-22,06:00:00,30
2023-04-23,09:00:00,25
2023-04-23,14:00:00,28
2023-04-24,06:00:00,25
2023-04-24,14:00:00,18
2023-04-25,08:00:00,16
2023-04-26,06:00:00,5
2023-04-26,14:00:00,12
2023-04-27,06:00:00,9
2023-04-27,11:00:00,81
2023-04-27,14:00:00,9
2023-04-28,06:00:00,21
2023-04-28,15:00:00,18
2023-04-29,08:00:00,17
2023-04-30,09:00:00,19
2023-04-30,14:00:00,22
2023-05-01,07:00:00,12
2023-05-01,14:00:00,8
2023-05-02,08:00:00,14
2023-05-02,12:00:00,155
2023-05-03,06:00:00,10
2023-05-03,14:00:00,23
2023-05-04,06:00:00,15
2023-05-04,14:00:00,20
2023-05-05,06:00:00,20
2023-05-05,14:00:00,30
2023-05-06,08:00:00,29
2023-05-07,09:00:00,31
2023-05-07,14:00:00,30
2023-05-08,06:00:00,21
2023-05-08,14:00:00,24
2023-05-09,08:00:00,16
2023-05-10,06:00:00,11
2023-05-10,14:00:00,4
2023-05-11,06:00:00,17
2023-05-11,14:00:00,14
2023-05-12,06:00:00,15
2023-05-12,14:00:00,22
2023-05-13,08:00:00,21
2023-05-14,08:00:00,27
2023-05-14,15:00:00,30
2023-05-15,06:00:00,29
2023-05-15,14:00:00,29
2023-05-16,08:00:00,30
2023-05-17,06:00:00,16
2023-05-17,14:00:00,122
2023-05-18,06:00:00,28
2023-05-18,14:00:00,28
2023-05-19,06:00:00,0
2023-05-19,14:00:00,29
2023-05-20,06:00:00,30
2023-05-21,09:00:00,27
2023-05-21,14:00:00,23
2023-05-22,07:00:00,25
2023-05-22,14:00:00,25
2023-05-23,08:00:00,14
2023-05-24,06:00:00,13
2023-05-24,14:00:00,13
2023-05-25,06:00:00,21
2023-05-25,14:00:00,26
2023-05-26,06:00:00,31
2023-05-26,14:00:00,27
2023-05-27,08:00:00,25
2023-05-28,09:00:00,27
2023-05-28,14:00:00,32
2023-05-29,09:00:00,31
2023-05-29,14:00:00,29
2023-05-30,08:00:00,30
2023-05-30,12:00:00,153
2023-05-31,06:00:00,27
2023-05-31,14:00:00,25
2023-06-01,06:00:00,16
2023-06-01,14:00:00,24
2023-06-02,06:00:00,27
2023-06-02,14:00:00,29
2023-06-03,08:00:00,27
2023-06-03,14:00:00,21
2023-06-04,09:00:00,26
2023-06-04,14:00:00,28
2023-06-05,06:00:00,28
2023-06-05,14:00:00,25
2023-06-06,10:00:00,20
2023-06-06,15:00:00,18
2023-06-07,08:00:00,15
2023-06-07,14:00:00,23
2023-06-08,06:00:00,23
2023-06-08,14:00:00,21
2023-06-09,06:00:00,24
2023-06-09,14:00:00,25
2023-06-10,09:00:00,21
2023-06-10,14:00:00,15
2023-06-11,09:00:00,25
2023-06-11,14:00:00,29
2023-06-12,06:00:00,19
2023-06-12,14:00:00,26
2023-06-12,20:00:00,102
2023-06-13,10:00:00,12
2023-06-14,07:00:00,0
2023-06-14,13:00:00,0
2023-06-15,06:00:00,25
2023-06-15,14:00:00,25
2023-06-16,06:00:00,31
2023-06-16,14:00:00,32
2023-06-17,08:00:00,25
2023-06-17,14:00:00,21
2023-06-18,09:00:00,25
2023-06-18,14:00:00,18
2023-06-19,03:00:00,30
2023-06-19,07:00:00,0
2023-06-20,08:00:00,29
2023-06-20,14:00:00,18
2023-06-21,06:00:00,17
2023-06-21,14:00:00,14
2023-06-22,06:00:00,27
2023-06-22,14:00:00,24
2023-06-23,06:00:00,13
2023-06-23,14:00:00,18
2023-06-24,08:00:00,16
2023-06-24,14:00:00,7
2023-06-25,09:00:00,26
2023-06-25,14:00:00,29
2023-06-26,10:00:00,26
2023-06-26,16:00:00,22
2023-06-27,06:00:00,0
2023-06-27,14:00:00,30
2023-06-28,08:00:00,16
2023-06-28,14:00:00,24
2023-06-29,06:00:00,26
2023-06-29,12:00:00,158
2023-06-29,14:00:00,25
2023-06-30,06:00:00,28
2023-06-30,14:00:00,30
2023-07-01,08:00:00,30
2023-07-01,14:00:00,27
2023-07-02,09:00:00,22
2023-07-02,14:00:00,21
2023-07-03,09:00:00,15
2023-07-03,13:00:00,93
2023-07-03,14:00:00,27
2023-07-04,06:00:00,11
2023-07-04,14:00:00,12
2023-07-05,06:00:00,25
2023-07-05,14:00:00,29
2023-07-06,06:00:00,31
2023-07-06,14:00:00,25
2023-07-07,06:00:00,29
2023-07-07,14:00:00,29
2023-07-08,08:00:00,20
2023-07-08,14:00:00,20
2023-07-09,09:00:00,26
2023-07-09,19:00:00,25
2023-07-10,11:00:00,24
2023-07-10,16:00:00,25
2023-07-11,07:00:00,17
2023-07-11,14:00:00,13
2023-07-12,06:00:00,19
2023-07-12,14:00:00,29
2023-07-13,06:00:00,26
2023-07-13,14:00:00,29
2023-07-14,06:00:00,28
2023-07-14,14:00:00,20
2023-07-15,08:00:00,23
2023-07-15,14:00:00,5
2023-07-16,09:00:00,24
2023-07-16,15:00:00,26
2023-07-17,06:00:00,29
2023-07-17,14:00:00,26
2023-07-18,06:00:00,17
2023-07-18,14:00:00,15
2023-07-19,06:00:00,28
2023-07-19,14:00:00,27
2023-07-20,06:00:00,29
2023-07-20,14:00:00,25
2023-07-21,06:00:00,29
2023-07-21,14:00:00,29
2023-07-22,08:00:00,21
2023-07-22,14:00:00,5
2023-07-23,08:00:00,30
2023-07-23,14:00:00,29
2023-07-24,12:00:00,11
2023-07-24,16:00:00,22
2023-07-25,08:00:00,16
2023-07-25,14:00:00,4
2023-07-26,06:00:00,17
2023-07-26,10:00:00,120
2023-07-26,14:00:00,24
2023-07-27,06:00:00,16
2023-07-27,14:00:00,24
2023-07-28,10:00:00,23
2023-07-28,16:00:00,21
2023-07-29,10:00:00,23
2023-07-29,15:00:00,25
2023-07-30,08:00:00,30
2023-07-30,14:00:00,30
2023-07-31,06:00:00,31
2023-07-31,14:00:00,0
2023-08-01,06:00:00,0
2023-08-01,14:00:00,22
2023-08-02,07:00:00,19
2023-08-02,14:00:00,19
2023-08-03,06:00:00,20
2023-08-03,14:00:00,17
2023-08-04,06:00:00,21
2023-08-04,14:00:00,25
2023-08-05,08:00:00,20
2023-08-05,14:00:00,9
2023-08-06,09:00:00,13
2023-08-06,14:00:00,26
2023-08-07,11:00:00,24
2023-08-07,15:00:00,26
2023-08-08,07:00:00,28
2023-08-08,14:00:00,8
2023-08-09,06:00:00,14
2023-08-09,14:00:00,16
2023-08-10,14:00:00,26
2023-08-11,06:00:00,30
2023-08-11,12:00:00,161
2023-08-11,14:00:00,30
2023-08-12,08:00:00,24
2023-08-12,14:00:00,16
2023-08-13,09:00:00,21
2023-08-13,14:00:00,30
2023-08-14,06:00:00,18
2023-08-14,14:00:00,30
2023-08-15,06:00:00,12
2023-08-15,14:00:00,22
2023-08-16,06:00:00,29
2023-08-16,14:00:00,17
2023-08-17,06:00:00,18
2023-08-17,14:00:00,26
2023-08-18,06:00:00,16
2023-08-18,14:00:00,5
2023-08-19,08:00:00,14
2023-08-19,14:00:00,20
2023-08-20,08:00:00,19
2023-08-20,14:00:00,29
2023-08-21,06:00:00,16
2023-08-21,14:00:00,17
2023-08-22,06:00:00,11
2023-08-22,14:00:00,8
2023-08-23,06:00:00,14
2023-08-23,14:00:00,14
2023-08-24,06:00:00,16
2023-08-24,14:00:00,22
2023-08-25,06:00:00,23
2023-08-25,14:00:00,20
2023-08-26,08:00:00,24
2023-08-26,14:00:00,9
2023-08-27,08:00:00,16
2023-08-27,14:00:00,0
2023-08-28,06:00:00,27
2023-08-28,12:00:00,86
2023-08-29,09:00:00,12
2023-08-29,14:00:00,10
2023-08-30,06:00:00,9
2023-08-30,14:00:00,11
2023-08-31,06:00:00,22
2023-08-31,14:00:00,31
2023-09-01,06:00:00,29
2023-09-01,14:00:00,29
2023-09-02,08:00:00,21
2023-09-02,14:00:00,16
2023-09-03,08:00:00,12
2023-09-03,14:00:00,19
2023-09-04,08:00:00,19
2023-09-04,14:00:00,29
2023-09-05,06:00:00,23
2023-09-05,14:00:00,18
2023-09-06,06:00:00,12
2023-09-06,14:00:00,14
2023-09-06,21:00:00,168
2023-09-07,06:00:00,19
2023-09-07,14:00:00,11
2023-09-08,06:00:00,27
2023-09-08,14:00:00,27
2023-09-09,06:00:00,30
2023-09-10,08:00:00,28
2023-09-10,14:00:00,26
2023-09-11,06:00:00,13
2023-09-11,14:00:00,11
2023-09-12,06:00:00,0
2023-09-12,14:00:00,18
2023-09-13,06:00:00,20
2023-09-13,14:00:00,17
2023-09-14,06:00:00,12
2023-09-14,14:00:00,23
2023-09-15,06:00:00,22
2023-09-15,14:00:00,14
2023-09-16,08:00:00,21
2023-09-16,14:00:00,5
2023-09-17,08:00:00,23
2023-09-17,14:00:00,26
2023-09-18,09:00:00,18
2023-09-18,14:00:00,14
2023-09-19,06:00:00,13
2023-09-19,14:00:00,9
2023-09-20,06:00:00,15
2023-09-20,14:00:00,23
2023-09-21,06:00:00,23
2023-09-21,14:00:00,27
2023-09-22,06:00:00,30
2023-09-22,14:00:00,23
2023-09-22,16:00:00,124
2023-09-23,08:00:00,18
2023-09-23,14:00:00,10
2023-09-24,08:00:00,15
2023-09-24,14:00:00,29
2023-09-25,06:00:00,15
2023-09-25,14:00:00,14
2023-09-26,08:00:00,14
2023-09-27,06:00:00,9
2023-09-27,14:00:00,19
2023-09-28,06:00:00,17
2023-09-28,14:00:00,11
2023-09-29,06:00:00,21
2023-09-29,14:00:00,19
2023-09-30,08:00:00,15
2023-10-01,08:00:00,27
2023-10-01,14:00:00,25
2023-10-02,06:00:00,24
2023-10-02,14:00:00,25
2023-10-03,08:00:00,14
2023-10-04,06:00:00,25
2023-10-04,14:00:00,21
2023-10-05,06:00:00,30
2023-10-05,14:00:00,30
2023-10-06,06:00:00,28
2023-10-06,14:00:00,30
2023-10-07,08:00:00,30
2023-10-08,08:00:00,30
2023-10-08,14:00:00,29
2023-10-09,06:00:00,28
2023-10-09,14:00:00,30
2023-10-10,08:00:00,30
2023-10-11,06:00:00,17
2023-10-11,14:00:00,31
2023-10-12,07:00:00,19
2023-10-12,12:00:00,165
2023-10-12,14:00:00,21
2023-10-13,06:00:00,13
2023-10-13,14:00:00,21
2023-10-14,06:00:00,30
2023-10-15,08:00:00,29
2023-10-15,14:00:00,25
2023-10-16,06:00:00,23
2023-10-16,14:00:00,31
2023-10-17,08:00:00,19
2023-10-18,06:00:00,9
2023-10-18,14:00:00,13
2023-10-19,06:00:00,11
2023-10-19,14:00:00,23
2023-10-20,06:00:00,27
2023-10-20,14:00:00,31
2023-10-21,08:00:00,22
2023-10-22,08:00:00,30
2023-10-22,14:00:00,30
2023-10-23,06:00:00,23
2023-10-23,14:00:00,18
2023-10-24,08:00:00,14
2023-10-25,06:00:00,8
2023-10-25,14:00:00,17
2023-10-26,06:00:00,14
2023-10-26,14:00:00,20
2023-10-27,06:00:00,28
2023-10-27,14:00:00,25
2023-10-28,08:00:00,26
2023-10-29,08:00:00,26
2023-10-29,14:00:00,26
2023-10-30,06:00:00,19
2023-10-30,14:00:00,19
2023-10-31,08:00:00,13
2023-11-01,06:00:00,9
2023-11-01,14:00:00,8
2023-11-02,06:00:00,19
2023-11-02,14:00:00,21
2023-11-03,06:00:00,27
2023-11-03,14:00:00,31
2023-11-04,07:00:00,30
2023-11-05,08:00:00,21
2023-11-05,12:00:00,122
2023-11-05,14:00:00,30
2023-11-06,06:00:00,15
2023-11-06,14:00:00,22
2023-11-07,08:00:00,16
2023-11-08,07:00:00,17
2023-11-08,13:00:00,8
2023-11-08,16:00:00,128
2023-11-09,07:00:00,17
2023-11-09,13:00:00,11
2023-11-10,06:00:00,17
2023-11-10,14:00:00,27
2023-11-11,08:00:00,13
2023-11-12,08:00:00,20
2023-11-12,14:00:00,30
2023-11-13,06:00:00,22
2023-11-13,14:00:00,29
2023-11-14,08:00:00,30
2023-11-15,07:00:00,18
2023-11-15,14:00:00,15
2023-11-16,07:00:00,24
2023-11-16,14:00:00,29
2023-11-17,06:00:00,28
2023-11-17,14:00:00,26
2023-11-18,08:00:00,29
2023-11-19,08:00:00,27
2023-11-19,14:00:00,30
2023-11-20,06:00:00,30
2023-11-20,14:00:00,28
2023-11-21,06:00:00,29
2023-11-21,14:00:00,32
2023-11-22,07:00:00,27
2023-11-22,14:00:00,30
2023-11-23,07:00:00,22
2023-11-24,08:00:00,30
2023-11-25,08:00:00,30
2023-11-25,14:00:00,30
2023-11-26,08:00:00,32
2023-11-26,14:00:00,29
2023-11-27,07:00:00,30
2023-11-27,14:00:00,28
2023-11-28,08:00:00,31
2023-11-29,07:00:00,19
2023-11-29,14:00:00,17
2023-11-30,07:00:00,9
2023-11-30,14:00:00,19
2023-12-01,06:00:00,20
2023-12-01,14:00:00,15
2023-12-02,08:00:00,18
2023-12-03,08:00:00,17
2023-12-03,14:00:00,111
2023-12-04,06:00:00,16
2023-12-04,14:00:00,14
2023-12-05,08:00:00,20
2023-12-06,09:00:00,15
2023-12-06,14:00:00,10
2023-12-07,07:00:00,10
2023-12-07,14:00:00,10
2023-12-08,07:00:00,13
2023-12-08,15:00:00,23
2023-12-09,09:00:00,28
2023-12-10,08:00:00,14
2023-12-10,17:00:00,20
2023-12-11,11:00:00,19
2023-12-11,15:00:00,21
2023-12-12,07:00:00,28
2023-12-13,07:00:00,0
2023-12-13,14:00:00,0
2023-12-14,07:00:00,29
2023-12-14,14:00:00,28
2023-12-15,06:00:00,22
2023-12-15,14:00:00,29
2023-12-16,08:00:00,29
2023-12-17,08:00:00,24
2023-12-17,14:00:00,30
2023-12-18,07:00:00,20
2023-12-18,14:00:00,16
2023-12-19,09:00:00,24
2023-12-20,06:00:00,21
2023-12-20,13:00:00,26
2023-12-21,07:00:00,26
2023-12-21,14:00:00,30
2023-12-22,06:00:00,29
2023-12-22,14:00:00,30
2023-12-23,14:00:00,29
2023-12-24,08:00:00,25
2023-12-25,07:00:00,0
2023-12-25,14:00:00,0
2023-12-26,08:00:00,29
2023-12-26,14:00:00,32
2023-12-27,07:00:00,28
2023-12-27,14:00:00,29
2023-12-28,07:00:00,28
2023-12-28,14:00:00,29
2023-12-29,06:00:00,32
2023-12-29,13:00:00,31
2023-12-30,08:00:00,31
2023-12-30,17:00:00,31
2023-12-31,07:00:00,25
2023-12-31,14:00:00,29
2024-01-01,14:00:00,29
2024-01-02,08:00:00,24
2024-01-02,12:00:00,27
2024-01-03,09:00:00,21
2024-01-03,14:00:00,15
2024-01-04,08:00:00,0
2024-01-04,14:00:00,28
2024-01-04,19:00:00,84
2024-01-04,20:00:00,84
2024-01-05,06:00:00,26
2024-01-05,14:00:00,20
2024-01-06,08:00:00,18
2024-01-07,08:00:00,18
2024-01-07,14:00:00,15
2024-01-08,07:00:00,11
2024-01-08,14:00:00,15
2024-01-09,15:00:00,14
2024-01-10,08:00:00,15
2024-01-10,14:00:00,9
2024-01-11,07:00:00,5
2024-01-11,14:00:00,17
2024-01-12,06:00:00,23
2024-01-12,14:00:00,21
2024-01-13,08:00:00,27
2024-01-14,09:00:00,11
2024-01-14,14:00:00,19
2024-01-15,06:00:00,23
2024-01-15,14:00:00,30
2024-01-16,08:00:00,24
2024-01-17,07:00:00,12
2024-01-17,14:00:00,8
2024-01-18,06:00:00,16
2024-01-18,14:00:00,13
2024-01-19,06:00:00,24
2024-01-19,14:00:00,13
2024-01-20,09:00:00,20
2024-01-21,08:00:00,22
2024-01-21,14:00:00,22
2024-01-22,07:00:00,9
2024-01-22,14:00:00,8
2024-01-23,08:00:00,17
2024-01-24,06:00:00,5
2024-01-24,14:00:00,9
2024-01-25,06:00:00,4
2024-01-25,14:00:00,15
2024-01-26,06:00:00,23
2024-01-26,14:00:00,20
2024-01-27,08:00:00,30
2024-01-28,08:00:00,26
2024-01-28,14:00:00,29
2024-01-28,19:00:00,132
2024-01-29,07:00:00,22
2024-01-29,14:00:00,20
2024-01-30,08:00:00,11
2024-01-31,06:00:00,7
2024-01-31,14:00:00,14
2024-02-01,06:00:00,15
2024-02-01,14:00:00,24
2024-02-02,06:00:00,21
2024-02-02,14:00:00,19
2024-02-03,08:00:00,13
2024-02-04,08:00:00,26
2024-02-04,14:00:00,23
2024-02-05,08:00:00,23
2024-02-05,14:00:00,13
2024-02-06,08:00:00,17
2024-02-07,06:00:00,15
2024-02-07,14:00:00,11
2024-02-08,06:00:00,20
2024-02-08,14:00:00,16
2024-02-09,06:00:00,21
2024-02-10,08:00:00,28
2024-02-11,08:00:00,22
2024-02-11,14:00:00,27
2024-02-12,10:00:00,18
2024-02-12,14:00:00,12
2024-02-13,08:00:00,23
2024-02-14,06:00:00,8
2024-02-14,14:00:00,6
2024-02-15,06:00:00,18
2024-02-15,14:00:00,17
2024-02-16,06:00:00,30
2024-02-16,14:00:00,25
2024-02-17,08:00:00,28
2024-02-18,08:00:00,15
2024-02-18,14:00:00,28
2024-02-19,06:00:00,28
2024-02-19,14:00:00,27
2024-02-20,08:00:00,28
2024-02-21,08:00:00,12
2024-02-21,14:00:00,6
2024-02-22,06:00:00,11
2024-02-22,14:00:00,6
2024-02-23,06:00:00,21
2024-02-23,14:00:00,21
2024-02-24,08:00:00,17
2024-02-25,08:00:00,23
2024-02-25,14:00:00,31
2024-02-26,06:00:00,18
2024-02-26,14:00:00,25
2024-02-27,08:00:00,28
2024-02-27,11:00:00,107
2024-02-28,06:00:00,11
2024-02-28,14:00:00,20
2024-02-29,06:00:00,12
2024-02-29,14:00:00,23
2024-03-01,06:00:00,11
2024-03-01,14:00:00,30
2024-03-02,08:00:00,27
2024-03-03,08:00:00,20
2024-03-03,13:00:00,28
2024-03-04,06:00:00,19
2024-03-04,14:00:00,16
2024-03-05,08:00:00,7
2024-03-06,10:00:00,10
2024-03-06,17:00:00,13
2024-03-07,06:00:00,20
2024-03-07,14:00:00,21
2024-03-08,06:00:00,18
2024-03-08,14:00:00,26
2024-03-09,08:00:00,15
2024-03-10,08:00:00,20
2024-03-10,14:00:00,12
2024-03-11,07:00:00,24
2024-03-11,14:00:00,27
2024-03-12,08:00:00,25
2024-03-13,07:00:00,12
2024-03-13,14:00:00,15
2024-03-14,07:00:00,14
2024-03-14,14:00:00,22
2024-03-15,06:00:00,26
2024-03-15,14:00:00,29
2024-03-16,06:00:00,30
2024-03-17,08:00:00,30
2024-03-17,14:00:00,30
2024-03-18,06:00:00,23
2024-03-18,14:00:00,25
2024-03-19,08:00:00,22
2024-03-20,07:00:00,17
2024-03-20,14:00:00,12
2024-03-20,22:00:00,161
2024-03-21,07:00:00,14
2024-03-21,14:00:00,20
2024-03-22,06:00:00,24
2024-03-22,14:00:00,29
2024-03-23,08:00:00,24
2024-03-24,08:00:00,27
2024-03-24,14:00:00,30
2024-03-25,06:00:00,29
2024-03-25,14:00:00,15
2024-03-26,08:00:00,23
2024-03-27,07:00:00,18
2024-03-27,14:00:00,29
2024-03-28,07:00:00,26
2024-03-28,14:00:00,32
2024-03-29,06:00:00,28
2024-03-29,14:00:00,25
2024-03-30,08:00:00,31
2024-03-31,08:00:00,30
2024-03-31,14:00:00,28
2024-04-01,06:00:00,29
2024-04-01,14:00:00,30
2024-04-02,08:00:00,29
2024-04-03,07:00:00,27
2024-04-03,14:00:00,29
2024-04-04,07:00:00,29
2024-04-04,14:00:00,30
2024-04-05,06:00:00,21
2024-04-05,14:00:00,29
2024-04-06,08:00:00,21
2024-04-07,08:00:00,13
2024-04-07,14:00:00,27
2024-04-08,06:00:00,17
2024-04-08,14:00:00,16
2024-04-09,08:00:00,22
2024-04-10,06:00:00,15
2024-04-10,13:00:00,19
2024-04-11,07:00:00,14
2024-04-11,13:00:00,22
2024-04-12,06:00:00,25
2024-04-12,14:00:00,29
2024-04-13,08:00:00,28
2024-04-14,08:00:00,29
2024-04-14,14:00:00,30
2024-04-15,06:00:00,21
2024-04-15,14:00:00,24
2024-04-16,08:00:00,23
2024-04-17,06:00:00,12
2024-04-17,14:00:00,17
2024-04-18,06:00:00,10
2024-04-18,14:00:00,22
2024-04-19,06:00:00,22
2024-04-19,14:00:00,29
2024-04-20,06:00:00,30
2024-04-21,08:00:00,30
2024-04-21,18:00:00,117
2024-04-22,06:00:00,30
2024-04-22,14:00:00,24
2024-04-23,08:00:00,25
2024-04-24,07:00:00,13
2024-04-24,14:00:00,6
2024-04-25,06:00:00,8
2024-04-25,14:00:00,25
2024-04-25,16:00:00,173
2024-04-26,06:00:00,32
2024-04-26,14:00:00,30
2024-04-27,08:00:00,29
2024-04-28,08:00:00,27
2024-04-28,14:00:00,30
2024-04-29,06:00:00,26
2024-04-29,14:00:00,27
2024-04-30,08:00:00,27
2024-05-01,06:00:00,15
2024-05-01,14:00:00,9
2024-05-02,06:00:00,28
2024-05-02,14:00:00,30
2024-05-03,06:00:00,30
2024-05-03,14:00:00,0
2024-05-04,08:00:00,27
2024-05-04,14:00:00,11
2024-05-05,08:00:00,24
2024-05-06,06:00:00,28
2024-05-06,11:00:00,87
2024-05-06,14:00:00,17
2024-05-07,08:00:00,26
2024-05-08,09:00:00,9
2024-05-08,14:00:00,20
2024-05-09,06:00:00,22
2024-05-09,14:00:00,27
2024-05-10,07:00:00,28
2024-05-10,14:00:00,25
2024-05-11,08:00:00,25
2024-05-12,08:00:00,25
2024-05-12,14:00:00,28
2024-05-13,06:00:00,30
2024-05-13,14:00:00,29
2024-05-14,08:00:00,28
2024-05-15,06:00:00,30
2024-05-15,14:00:00,24
2024-05-16,06:00:00,14
2024-05-16,14:00:00,21
2024-05-17,06:00:00,30
2024-05-17,14:00:00,31
2024-05-18,06:00:00,30
2024-05-19,08:00:00,29
2024-05-19,14:00:00,29
2024-05-20,06:00:00,28
2024-05-20,14:00:00,28
2024-05-21,08:00:00,26
2024-05-22,06:00:00,22
2024-05-22,14:00:00,26
2024-05-23,06:00:00,28
2024-05-23,14:00:00,29
2024-05-23,18:00:00,198
2024-05-24,06:00:00,30
2024-05-24,14:00:00,29
2024-05-25,08:00:00,30
2024-05-26,08:00:00,28
2024-05-26,14:00:00,28
2024-05-27,06:00:00,30
2024-05-27,14:00:00,30
2024-05-28,08:00:00,20
2024-05-29,12:00:00,0
2024-05-29,18:00:00,0
2024-05-30,06:00:00,28
2024-05-30,14:00:00,29
2024-05-31,06:00:00,29
2024-05-31,14:00:00,27
2024-06-01,08:00:00,25
2024-06-02,08:00:00,30
2024-06-02,14:00:00,0
2024-06-03,09:00:00,28
2024-06-03,14:00:00,30
2024-06-04,08:00:00,30
2024-06-05,06:00:00,24
2024-06-05,14:00:00,28
2024-06-06,06:00:00,29
2024-06-06,14:00:00,30
2024-06-07,06:00:00,30
2024-06-07,14:00:00,32
2024-06-08,08:00:00,30
2024-06-08,12:00:00,146
2024-06-09,08:00:00,29
2024-06-09,14:00:00,28
2024-06-10,06:00:00,29
2024-06-10,14:00:00,26
2024-06-11,08:00:00,23
2024-06-12,06:00:00,28
2024-06-12,14:00:00,24
2024-06-13,06:00:00,27
2024-06-13,14:00:00,27
2024-06-14,06:00:00,27
2024-06-14,14:00:00,25
2024-06-15,08:00:00,30
2024-06-16,08:00:00,25
2024-06-16,17:00:00,29
2024-06-17,10:00:00,29
2024-06-17,15:00:00,27
2024-06-18,08:00:00,17
2024-06-19,06:00:00,26
2024-06-19,14:00:00,27
2024-06-20,06:00:00,28
2024-06-20,14:00:00,28
2024-06-21,06:00:00,29
2024-06-21,14:00:00,29
2024-06-22,08:00:00,27
2024-06-23,08:00:00,27
2024-06-23,14:00:00,29
2024-06-24,06:00:00,28
2024-06-24,14:00:00,30
2024-06-25,08:00:00,29
2024-06-25,16:00:00,106
2024-06-26,06:00:00,25
2024-06-26,14:00:00,21
2024-06-27,06:00:00,25
2024-06-27,14:00:00,28
2024-06-28,06:00:00,29
2024-06-28,14:00:00,29
2024-06-29,08:00:00,25
2024-06-30,08:00:00,29
2024-06-30,14:00:00,31
2024-07-01,08:00:00,21
2024-07-02,08:00:00,21
2024-07-02,13:00:00,13
2024-07-03,06:00:00,30
2024-07-03,14:00:00,32
2024-07-04,06:00:00,18
2024-07-04,14:00:00,18
2024-07-05,06:00:00,24
2024-07-05,14:00:00,20
2024-07-05,20:00:00,92
2024-07-06,08:00:00,27
2024-07-07,08:00:00,31
2024-07-07,14:00:00,30
2024-07-08,07:00:00,27
2024-07-08,14:00:00,27
2024-07-09,08:00:00,28
2024-07-10,06:00:00,23
2024-07-10,14:00:00,27
2024-07-11,06:00:00,30
2024-07-11,14:00:00,29
2024-07-12,06:00:00,26
2024-07-12,14:00:00,29
2024-07-13,08:00:00,31
2024-07-14,08:00:00,27
2024-07-14,14:00:00,28
2024-07-14,15:00:00,168
2024-07-15,06:00:00,29
2024-07-15,14:00:00,23
2024-07-16,08:00:00,23
2024-07-17,06:00:00,28
2024-07-17,14:00:00,28
2024-07-18,08:00:00,29
2024-07-18,13:00:00,29
2024-07-19,06:00:00,30
2024-07-19,14:00:00,31
2024-07-20,08:00:00,29
2024-07-21,08:00:00,27
2024-07-21,14:00:00,28
2024-07-22,06:00:00,27
2024-07-22,14:00:00,29
2024-07-23,08:00:00,22
2024-07-24,06:00:00,20
2024-07-24,14:00:00,27
2024-07-25,06:00:00,25
2024-07-25,14:00:00,28
2024-07-26,06:00:00,28
2024-07-26,14:00:00,27
2024-07-27,08:00:00,29
2024-07-28,08:00:00,27
2024-07-28,14:00:00,30
2024-07-29,06:00:00,21
2024-07-29,14:00:00,21
2024-07-30,09:00:00,26
2024-07-31,07:00:00,12
2024-07-31,14:00:00,21
2024-08-01,07:00:00,18
2024-08-01,14:00:00,23
2024-08-02,06:00:00,23
2024-08-02,14:00:00,26
2024-08-03,08:00:00,21
2024-08-04,08:00:00,26
2024-08-04,14:00:00,30
2024-08-05,06:00:00,26
2024-08-05,14:00:00,21
2024-08-06,08:00:00,22
2024-08-07,06:00:00,13
2024-08-07,14:00:00,22
2024-08-08,06:00:00,11
2024-08-08,14:00:00,27
2024-08-09,06:00:00,21
2024-08-09,14:00:00,31
2024-08-10,08:00:00,17
2024-08-11,08:00:00,29
2024-08-11,14:00:00,27
2024-08-12,06:00:00,22
2024-08-12,14:00:00,29
2024-08-13,08:00:00,20
2024-08-14,06:00:00,11
2024-08-14,14:00:00,20
2024-08-15,06:00:00,22
2024-08-15,14:00:00,29
2024-08-16,06:00:00,21
2024-08-16,14:00:00,19
2024-08-17,08:00:00,27
2024-08-17,12:00:00,154
2024-08-18,08:00:00,29
2024-08-18,14:00:00,26
2024-08-19,08:00:00,23
2024-08-19,14:00:00,25
2024-08-20,08:00:00,24
2024-08-21,06:00:00,14
2024-08-21,14:00:00,23
2024-08-22,06:00:00,17
2024-08-22,13:00:00,25
2024-08-23,06:00:00,24
2024-08-23,14:00:00,23
2024-08-24,08:00:00,25
2024-08-25,08:00:00,28
2024-08-25,14:00:00,30
2024-08-26,06:00:00,18
2024-08-26,14:00:00,26
2024-08-27,08:00:00,13
2024-08-27,12:00:00,160
2024-08-28,06:00:00,10
2024-08-28,14:00:00,11
2024-08-29,06:00:00,26
2024-08-29,14:00:00,28
2024-08-30,06:00:00,27
2024-08-30,14:00:00,30
2024-08-31,08:00:00,29
2024-09-01,08:00:00,21
2024-09-01,14:00:00,14
2024-09-02,06:00:00,30
2024-09-02,14:00:00,26
2024-09-03,08:00:00,28
2024-09-04,06:00:00,19
2024-09-04,14:00:00,20
2024-09-05,06:00:00,17
2024-09-05,14:00:00,21
2024-09-06,06:00:00,17
2024-09-06,14:00:00,21
2024-09-07,06:00:00,30
2024-09-08,08:00:00,17
2024-09-08,14:00:00,24
2024-09-09,06:00:00,23
2024-09-09,12:00:00,122
2024-09-09,14:00:00,17
2024-09-10,08:00:00,11
2024-09-11,06:00:00,14
2024-09-11,14:00:00,13
2024-09-12,06:00:00,23
2024-09-12,14:00:00,22
2024-09-13,06:00:00,20
2024-09-13,14:00:00,28
2024-09-14,08:00:00,27
2024-09-15,08:00:00,30
2024-09-15,14:00:00,30
2024-09-16,06:00:00,17
2024-09-16,14:00:00,17
2024-09-17,08:00:00,12
2024-09-18,06:00:00,11
2024-09-18,14:00:00,15
2024-09-19,06:00:00,14
2024-09-19,14:00:00,24
2024-09-20,06:00:00,29
2024-09-21,08:00:00,24
2024-09-22,08:00:00,29
2024-09-22,14:00:00,25
2024-09-23,06:00:00,25
2024-09-23,14:00:00,23
2024-09-24,08:00:00,16
2024-09-25,06:00:00,14
2024-09-25,14:00:00,22
2024-09-26,07:00:00,25
2024-09-26,14:00:00,12
2024-09-27,06:00:00,0
2024-09-27,14:00:00,27
2024-09-28,08:00:00,21
