Date,Hour,BFF Gate 1 Hold Room
2018-12-30,05:00:00,48.0
2018-12-31,05:00:00,48.0
2018-12-31,16:00:00,32.0
2019-01-01,15:00:00,37.0
2019-01-02,05:00:00,32.0
2019-01-02,15:00:00,34.0
2019-01-03,05:00:00,17.0
2019-01-03,15:00:00,22.0
2019-01-04,05:00:00,32.0
2019-01-04,12:00:00,70.0
2019-01-04,13:00:00,70.0
2019-01-04,14:00:00,9.0
2019-01-04,15:00:00,26.0
2019-01-05,05:00:00,21.0
2019-01-06,05:00:00,50.0
2019-01-07,05:00:00,49.0
2019-01-07,15:00:00,18.0
2019-01-08,05:00:00,31.0
2019-01-08,15:00:00,8.0
2019-01-09,05:00:00,44.0
2019-01-09,15:00:00,13.0
2019-01-10,05:00:00,32.0
2019-01-10,16:00:00,9.0
2019-01-11,05:00:00,23.0
2019-01-11,16:00:00,5.0
2019-01-12,05:00:00,22.0
2019-01-13,05:00:00,38.0
2019-01-14,05:00:00,34.0
2019-01-14,15:00:00,8.0
2019-01-15,05:00:00,27.0
2019-01-15,15:00:00,14.0
2019-01-16,05:00:00,41.0
2019-01-16,15:00:00,7.0
2019-01-17,03:00:00,16.0
2019-01-18,05:00:00,45.0
2019-01-18,15:00:00,15.0
2019-01-19,05:00:00,40.0
2019-01-20,05:00:00,35.0
2019-01-21,05:00:00,35.0
2019-01-21,16:00:00,12.0
2019-01-22,05:00:00,26.0
2019-01-22,15:00:00,13.0
2019-01-23,05:00:00,27.0
2019-01-23,15:00:00,14.0
2019-01-24,05:00:00,31.0
2019-01-25,05:00:00,42.0
2019-01-25,15:00:00,26.0
2019-01-26,05:00:00,22.0
2019-01-27,05:00:00,47.0
2019-01-28,05:00:00,50.0
2019-01-28,15:00:00,14.0
2019-01-29,05:00:00,30.0
2019-01-29,15:00:00,11.0
2019-01-30,05:00:00,26.0
2019-01-30,15:00:00,18.0
2019-01-31,05:00:00,31.0
2019-01-31,15:00:00,23.0
2019-02-01,05:00:00,44.0
2019-02-01,15:00:00,16.0
2019-02-02,05:00:00,48.0
2019-02-03,05:00:00,36.0
2019-02-04,05:00:00,34.0
2019-02-04,15:00:00,16.0
2019-02-05,05:00:00,40.0
2019-02-05,15:00:00,9.0
2019-02-06,05:00:00,32.0
2019-02-07,05:00:00,43.0
2019-02-07,15:00:00,25.0
2019-02-08,05:00:00,31.0
2019-02-08,15:00:00,29.0
2019-02-09,05:00:00,34.0
2019-02-10,05:00:00,41.0
2019-02-11,05:00:00,35.0
2019-02-11,15:00:00,13.0
2019-02-12,05:00:00,29.0
2019-02-12,15:00:00,10.0
2019-02-13,05:00:00,25.0
2019-02-13,15:00:00,16.0
2019-02-14,05:00:00,41.0
2019-02-14,13:00:00,28.0
2019-02-15,05:00:00,44.0
2019-02-15,13:00:00,41.0
2019-02-16,05:00:00,42.0
2019-02-17,05:00:00,37.0
2019-02-18,05:00:00,30.0
2019-02-18,13:00:00,19.0
2019-02-19,05:00:00,44.0
2019-02-19,13:00:00,12.0
2019-02-20,05:00:00,36.0
2019-02-20,14:00:00,18.0
2019-02-21,05:00:00,55.0
2019-02-21,13:00:00,24.0
2019-02-22,05:00:00,45.0
2019-02-22,13:00:00,21.0
2019-02-23,05:00:00,0.0
2019-02-24,05:00:00,46.0
2019-02-25,05:00:00,46.0
2019-02-25,14:00:00,8.0
2019-02-26,05:00:00,39.0
2019-02-26,13:00:00,39.0
2019-02-27,05:00:00,38.0
2019-02-27,14:00:00,26.0
2019-02-28,05:00:00,38.0
2019-02-28,14:00:00,19.0
2019-03-01,05:00:00,50.0
2019-03-01,13:00:00,31.0
2019-03-02,05:00:00,27.0
2019-03-03,13:00:00,75.0
2019-03-03,14:00:00,64.0
2019-03-04,08:00:00,37.0
2019-03-04,14:00:00,28.0
2019-03-05,05:00:00,29.0
2019-03-05,14:00:00,16.0
2019-03-06,05:00:00,30.0
2019-03-06,14:00:00,14.0
2019-03-07,14:00:00,34.0
2019-03-08,05:00:00,44.0
2019-03-08,14:00:00,30.0
2019-03-09,07:00:00,33.0
2019-03-10,05:00:00,49.0
2019-03-11,13:00:00,37.0
2019-03-12,05:00:00,43.0
2019-03-12,14:00:00,31.0
2019-03-15,14:00:00,40.0
2019-03-16,05:00:00,50.0
2019-03-17,05:00:00,41.0
2019-03-18,05:00:00,28.0
2019-03-18,16:00:00,13.0
2019-03-19,05:00:00,34.0
2019-03-19,14:00:00,25.0
2019-03-20,05:00:00,27.0
2019-03-20,14:00:00,21.0
2019-03-21,05:00:00,40.0
2019-03-21,14:00:00,17.0
2019-03-22,05:00:00,32.0
2019-03-22,15:00:00,14.0
2019-03-23,05:00:00,15.0
2019-03-24,05:00:00,32.0
2019-03-25,05:00:00,30.0
2019-03-25,14:00:00,14.0
2019-03-26,08:00:00,17.0
2019-03-26,14:00:00,18.0
2019-03-27,05:00:00,34.0
2019-03-27,14:00:00,2.0
2019-03-28,05:00:00,40.0
2019-03-28,14:00:00,13.0
2019-03-29,05:00:00,27.0
2019-03-29,14:00:00,26.0
2019-03-30,05:00:00,21.0
2019-03-31,05:00:00,36.0
2019-04-01,05:00:00,44.0
2019-04-01,14:00:00,18.0
2019-04-02,05:00:00,34.0
2019-04-02,14:00:00,12.0
2019-04-03,05:00:00,39.0
2019-04-03,14:00:00,10.0
2019-04-04,04:00:00,39.0
2019-04-04,14:00:00,20.0
2019-04-05,04:00:00,47.0
2019-04-05,14:00:00,15.0
2019-04-06,05:00:00,30.0
2019-04-07,05:00:00,28.0
2019-04-08,05:00:00,35.0
2019-04-08,14:00:00,15.0
2019-04-09,05:00:00,29.0
2019-04-09,14:00:00,15.0
2019-04-10,05:00:00,49.0
2019-04-11,14:00:00,18.0
2019-04-12,05:00:00,45.0
2019-04-12,14:00:00,23.0
2019-04-13,05:00:00,37.0
2019-04-14,05:00:00,22.0
2019-04-15,05:00:00,23.0
2019-04-15,14:00:00,19.0
2019-04-16,05:00:00,23.0
2019-04-16,14:00:00,10.0
2019-04-17,05:00:00,36.0
2019-04-17,14:00:00,15.0
2019-04-18,05:00:00,47.0
2019-04-18,14:00:00,37.0
2019-04-19,05:00:00,48.0
2019-04-19,14:00:00,19.0
2019-04-20,05:00:00,25.0
2019-04-21,05:00:00,31.0
2019-04-21,11:00:00,7.0
2019-04-22,05:00:00,46.0
2019-04-22,14:00:00,45.0
2019-04-23,05:00:00,36.0
2019-04-23,14:00:00,15.0
2019-04-24,05:00:00,36.0
2019-04-24,14:00:00,15.0
2019-04-25,05:00:00,44.0
2019-04-25,14:00:00,31.0
2019-04-26,05:00:00,44.0
2019-04-26,14:00:00,19.0
2019-04-27,05:00:00,39.0
2019-04-28,05:00:00,35.0
2019-04-29,05:00:00,27.0
2019-04-29,14:00:00,20.0
2019-04-30,05:00:00,32.0
2019-04-30,14:00:00,14.0
2019-05-01,05:00:00,22.0
2019-05-01,14:00:00,10.0
2019-05-02,05:00:00,37.0
2019-05-02,14:00:00,18.0
2019-05-03,05:00:00,27.0
2019-05-03,13:00:00,85.0
2019-05-03,14:00:00,72.0
2019-05-04,05:00:00,24.0
2019-05-05,05:00:00,37.0
2019-05-06,05:00:00,49.0
2019-05-06,14:00:00,38.0
2019-05-07,05:00:00,28.0
2019-05-07,14:00:00,7.0
2019-05-08,05:00:00,26.0
2019-05-08,14:00:00,11.0
2019-05-09,05:00:00,36.0
2019-05-09,14:00:00,13.0
2019-05-10,05:00:00,35.0
2019-05-10,14:00:00,17.0
2019-05-11,05:00:00,22.0
2019-05-12,05:00:00,41.0
2019-05-13,05:00:00,33.0
2019-05-13,14:00:00,23.0
2019-05-14,05:00:00,35.0
2019-05-14,14:00:00,12.0
2019-05-15,05:00:00,37.0
2019-05-15,14:00:00,21.0
2019-05-16,05:00:00,29.0
2019-05-16,14:00:00,11.0
2019-05-17,05:00:00,23.0
2019-05-17,14:00:00,17.0
2019-05-18,05:00:00,42.0
2019-05-19,05:00:00,45.0
2019-05-20,05:00:00,51.0
2019-05-20,15:00:00,27.0
2019-05-21,15:00:00,34.0
2019-05-22,05:00:00,50.0
2019-05-22,14:00:00,42.0
2019-05-23,05:00:00,49.0
2019-05-23,14:00:00,30.0
2019-05-24,05:00:00,44.0
2019-05-24,14:00:00,19.0
2019-05-25,05:00:00,39.0
2019-05-26,05:00:00,24.0
2019-05-27,14:00:00,41.0
2019-05-28,08:00:00,8.0
2019-05-28,14:00:00,38.0
2019-05-29,05:00:00,47.0
2019-05-29,14:00:00,22.0
2019-05-30,05:00:00,33.0
2019-05-30,14:00:00,12.0
2019-05-31,05:00:00,38.0
2019-05-31,14:00:00,12.0
2019-06-01,05:00:00,48.0
2019-06-02,05:00:00,42.0
2019-06-03,05:00:00,39.0
2019-06-03,14:00:00,25.0
2019-06-04,05:00:00,41.0
2019-06-04,14:00:00,18.0
2019-06-05,05:00:00,34.0
2019-06-05,14:00:00,13.0
2019-06-06,05:00:00,44.0
2019-06-06,14:00:00,26.0
2019-06-07,05:00:00,37.0
2019-06-07,14:00:00,22.0
2019-06-08,05:00:00,46.0
2019-06-10,05:00:00,50.0
2019-06-10,14:00:00,38.0
2019-06-11,05:00:00,48.0
2019-06-11,15:00:00,18.0
2019-06-12,05:00:00,22.0
2019-06-12,14:00:00,29.0
2019-06-13,05:00:00,45.0
2019-06-13,14:00:00,21.0
2019-06-14,05:00:00,37.0
2019-06-14,14:00:00,23.0
2019-06-15,05:00:00,49.0
2019-06-16,05:00:00,47.0
2019-06-17,09:00:00,11.0
2019-06-17,14:00:00,30.0
2019-06-18,05:00:00,49.0
2019-06-18,15:00:00,23.0
2019-06-19,05:00:00,44.0
2019-06-19,14:00:00,27.0
2019-06-20,05:00:00,18.0
2019-06-20,14:00:00,18.0
2019-06-21,05:00:00,33.0
2019-06-21,14:00:00,20.0
2019-06-22,05:00:00,26.0
2019-06-23,05:00:00,47.0
2019-06-24,05:00:00,49.0
2019-06-24,14:00:00,25.0
2019-06-25,05:00:00,30.0
2019-06-25,14:00:00,19.0
2019-06-26,05:00:00,25.0
2019-06-26,15:00:00,22.0
2019-06-27,05:00:00,48.0
2019-06-27,14:00:00,13.0
2019-06-28,05:00:00,42.0
2019-06-28,14:00:00,23.0
2019-06-29,05:00:00,21.0
2019-06-30,05:00:00,33.0
2019-07-01,05:00:00,17.0
2019-07-01,14:00:00,35.0
2019-07-02,05:00:00,29.0
2019-07-02,14:00:00,20.0
2019-07-03,05:00:00,48.0
2019-07-03,14:00:00,27.0
2019-07-04,05:00:00,37.0
2019-07-04,14:00:00,6.0
2019-07-05,05:00:00,22.0
2019-07-05,14:00:00,23.0
2019-07-06,12:00:00,43.0
2019-07-06,13:00:00,80.0
2019-07-07,05:00:00,50.0
2019-07-08,05:00:00,41.0
2019-07-08,14:00:00,36.0
2019-07-09,05:00:00,24.0
2019-07-09,14:00:00,25.0
2019-07-10,05:00:00,46.0
2019-07-10,14:00:00,32.0
2019-07-11,05:00:00,26.0
2019-07-11,14:00:00,19.0
2019-07-12,05:00:00,36.0
2019-07-12,14:00:00,26.0
2019-07-13,05:00:00,33.0
2019-07-14,05:00:00,45.0
2019-07-15,05:00:00,31.0
2019-07-15,14:00:00,41.0
2019-07-16,05:00:00,46.0
2019-07-16,14:00:00,50.0
2019-07-17,05:00:00,46.0
2019-07-17,14:00:00,38.0
2019-07-18,05:00:00,51.0
2019-07-19,05:00:00,44.0
2019-07-19,14:00:00,30.0
2019-07-20,07:00:00,25.0
2019-07-21,05:00:00,44.0
2019-07-22,05:00:00,30.0
2019-07-22,14:00:00,32.0
2019-07-23,05:00:00,42.0
2019-07-23,14:00:00,19.0
2019-07-24,05:00:00,26.0
2019-07-24,14:00:00,10.0
2019-07-25,05:00:00,41.0
2019-07-25,14:00:00,22.0
2019-07-26,05:00:00,21.0
2019-07-26,14:00:00,28.0
2019-07-27,05:00:00,32.0
2019-07-28,05:00:00,41.0
2019-07-29,05:00:00,25.0
2019-07-29,14:00:00,21.0
2019-07-30,05:00:00,28.0
2019-07-30,14:00:00,29.0
2019-07-31,05:00:00,26.0
2019-07-31,14:00:00,42.0
2019-08-01,05:00:00,40.0
2019-08-01,14:00:00,18.0
2019-08-02,05:00:00,36.0
2019-08-02,15:00:00,20.0
2019-08-03,05:00:00,37.0
2019-08-04,05:00:00,43.0
2019-08-05,05:00:00,17.0
2019-08-05,15:00:00,27.0
2019-08-06,05:00:00,20.0
2019-08-06,14:00:00,17.0
2019-08-07,05:00:00,32.0
2019-08-07,14:00:00,19.0
2019-08-08,05:00:00,25.0
2019-08-08,14:00:00,29.0
2019-08-09,05:00:00,38.0
2019-08-09,14:00:00,21.0
2019-08-10,05:00:00,25.0
2019-08-11,05:00:00,44.0
2019-08-12,05:00:00,31.0
2019-08-12,15:00:00,29.0
2019-08-13,05:00:00,28.0
2019-08-13,14:00:00,32.0
2019-08-14,05:00:00,30.0
2019-08-14,14:00:00,20.0
2019-08-15,05:00:00,36.0
2019-08-15,14:00:00,22.0
2019-08-16,05:00:00,43.0
2019-08-16,14:00:00,41.0
2019-08-17,05:00:00,28.0
2019-08-18,05:00:00,37.0
2019-08-19,05:00:00,40.0
2019-08-19,14:00:00,27.0
2019-08-20,05:00:00,34.0
2019-08-20,15:00:00,16.0
2019-08-21,05:00:00,30.0
2019-08-21,15:00:00,9.0
2019-08-22,05:00:00,21.0
2019-08-22,15:00:00,15.0
2019-08-23,05:00:00,19.0
2019-08-23,15:00:00,18.0
2019-08-24,06:00:00,41.0
2019-08-25,05:00:00,42.0
2019-08-26,05:00:00,49.0
2019-08-26,15:00:00,19.0
2019-08-27,05:00:00,17.0
2019-08-27,15:00:00,14.0
2019-08-28,05:00:00,22.0
2019-08-28,15:00:00,17.0
2019-08-29,05:00:00,23.0
2019-08-29,15:00:00,16.0
2019-08-30,05:00:00,31.0
2019-08-30,15:00:00,18.0
2019-08-31,05:00:00,26.0
2019-09-01,05:00:00,27.0
2019-09-02,05:00:00,29.0
2019-09-02,15:00:00,9.0
2019-09-03,05:00:00,32.0
2019-09-03,15:00:00,14.0
2019-09-04,05:00:00,47.0
2019-09-04,15:00:00,5.0
2019-09-05,05:00:00,36.0
2019-09-05,11:00:00,64.0
2019-09-05,12:00:00,88.0
2019-09-05,15:00:00,12.0
2019-09-06,05:00:00,42.0
2019-09-06,15:00:00,14.0
2019-09-07,05:00:00,35.0
2019-09-08,05:00:00,27.0
2019-09-09,05:00:00,60.0
2019-09-09,15:00:00,26.0
2019-09-10,08:00:00,36.0
2019-09-10,15:00:00,13.0
2019-09-11,05:00:00,39.0
2019-09-11,15:00:00,18.0
2019-09-12,05:00:00,38.0
2019-09-12,15:00:00,20.0
2019-09-13,05:00:00,48.0
2019-09-13,15:00:00,39.0
2019-09-14,05:00:00,33.0
2019-09-15,05:00:00,33.0
2019-09-16,05:00:00,48.0
2019-09-16,15:00:00,14.0
2019-09-17,05:00:00,36.0
2019-09-17,15:00:00,11.0
2019-09-18,05:00:00,46.0
2019-09-18,15:00:00,17.0
2019-09-19,05:00:00,39.0
2019-09-19,15:00:00,13.0
2019-09-20,05:00:00,40.0
2019-09-20,15:00:00,21.0
2019-09-21,05:00:00,17.0
2019-09-22,05:00:00,31.0
2019-09-23,05:00:00,32.0
2019-09-23,15:00:00,17.0
2019-09-24,05:00:00,41.0
2019-09-24,16:00:00,11.0
2019-09-25,05:00:00,33.0
2019-09-25,15:00:00,18.0
2019-09-26,05:00:00,41.0
2019-09-26,15:00:00,16.0
2019-09-27,05:00:00,42.0
2019-09-27,15:00:00,15.0
2019-09-28,05:00:00,25.0
2019-09-29,05:00:00,47.0
2019-09-30,05:00:00,46.0
2019-09-30,15:00:00,15.0
2019-10-01,07:00:00,27.0
2019-10-01,15:00:00,10.0
2019-10-02,05:00:00,50.0
2019-10-02,15:00:00,15.0
2019-10-03,05:00:00,45.0
2019-10-03,15:00:00,20.0
2019-10-04,05:00:00,45.0
2019-10-04,15:00:00,17.0
2019-10-05,05:00:00,16.0
2019-10-06,05:00:00,40.0
2019-10-07,05:00:00,48.0
2019-10-07,15:00:00,22.0
2019-10-08,05:00:00,36.0
2019-10-08,15:00:00,8.0
2019-10-09,05:00:00,50.0
2019-10-09,15:00:00,16.0
2019-10-10,05:00:00,43.0
2019-10-11,06:00:00,43.0
2019-10-11,16:00:00,19.0
2019-10-12,05:00:00,43.0
2019-10-13,05:00:00,43.0
2019-10-14,05:00:00,22.0
2019-10-14,15:00:00,24.0
2019-10-15,05:00:00,30.0
2019-10-15,15:00:00,12.0
2019-10-16,05:00:00,30.0
2019-10-16,15:00:00,20.0
2019-10-17,05:00:00,28.0
2019-10-17,15:00:00,22.0
2019-10-18,05:00:00,27.0
2019-10-18,16:00:00,10.0
2019-10-19,05:00:00,45.0
2019-10-20,05:00:00,48.0
2019-10-21,05:00:00,28.0
2019-10-21,15:00:00,22.0
2019-10-22,05:00:00,25.0
2019-10-22,15:00:00,23.0
2019-10-23,05:00:00,42.0
2019-10-23,15:00:00,17.0
2019-10-24,05:00:00,37.0
2019-10-24,15:00:00,15.0
2019-10-25,05:00:00,48.0
2019-10-25,15:00:00,20.0
2019-10-26,05:00:00,39.0
2019-10-27,05:00:00,22.0
2019-10-27,15:00:00,29.0
2019-10-28,05:00:00,29.0
2019-10-28,16:00:00,16.0
2019-10-29,05:00:00,25.0
2019-10-30,15:00:00,29.0
2019-10-31,05:00:00,39.0
2019-10-31,15:00:00,13.0
2019-11-01,04:00:00,50.0
2019-11-01,16:00:00,25.0
2019-11-02,05:00:00,27.0
2019-11-03,05:00:00,30.0
2019-11-03,16:00:00,13.0
2019-11-04,04:00:00,37.0
2019-11-04,15:00:00,10.0
2019-11-05,04:00:00,34.0
2019-11-05,12:00:00,50.0
2019-11-05,13:00:00,79.0
2019-11-06,05:00:00,37.0
2019-11-06,16:00:00,17.0
2019-11-07,05:00:00,43.0
2019-11-07,15:00:00,12.0
2019-11-08,04:00:00,48.0
2019-11-08,16:00:00,28.0
2019-11-09,04:00:00,34.0
2019-11-10,04:00:00,40.0
2019-11-10,15:00:00,15.0
2019-11-11,04:00:00,35.0
2019-11-11,15:00:00,12.0
2019-11-12,04:00:00,44.0
2019-11-13,04:00:00,39.0
2019-11-13,15:00:00,17.0
2019-11-14,04:00:00,43.0
2019-11-14,15:00:00,12.0
2019-11-15,04:00:00,50.0
2019-11-15,15:00:00,20.0
2019-11-16,04:00:00,36.0
2019-11-17,04:00:00,27.0
2019-11-17,15:00:00,9.0
2019-11-18,04:00:00,38.0
2019-11-18,16:00:00,26.0
2019-11-19,04:00:00,29.0
2019-11-20,04:00:00,35.0
2019-11-20,16:00:00,20.0
2019-11-21,04:00:00,40.0
2019-11-21,17:00:00,12.0
2019-11-22,07:00:00,31.0
2019-11-22,16:00:00,14.0
2019-11-23,04:00:00,15.0
2019-11-24,04:00:00,31.0
2019-11-24,16:00:00,22.0
2019-11-25,04:00:00,45.0
2019-11-25,15:00:00,32.0
2019-11-26,16:00:00,26.0
2019-11-27,04:00:00,34.0
2019-11-27,15:00:00,27.0
2019-11-28,04:00:00,22.0
2019-11-29,05:00:00,26.0
2019-12-01,08:00:00,50.0
2019-12-01,15:00:00,48.0
2019-12-02,04:00:00,46.0
2019-12-02,15:00:00,47.0
2019-12-03,04:00:00,46.0
2019-12-04,04:00:00,49.0
2019-12-04,16:00:00,17.0
2019-12-05,04:00:00,49.0
2019-12-05,16:00:00,13.0
2019-12-06,04:00:00,40.0
2019-12-06,15:00:00,15.0
2019-12-07,04:00:00,42.0
2019-12-08,04:00:00,29.0
2019-12-08,15:00:00,10.0
2019-12-09,04:00:00,39.0
2019-12-09,15:00:00,16.0
2019-12-10,04:00:00,43.0
2019-12-11,04:00:00,30.0
2019-12-11,15:00:00,28.0
2019-12-12,04:00:00,42.0
2019-12-12,15:00:00,38.0
2019-12-13,04:00:00,49.0
2019-12-13,15:00:00,26.0
2019-12-14,05:00:00,35.0
2019-12-15,04:00:00,29.0
2019-12-15,16:00:00,12.0
2019-12-16,04:00:00,40.0
2019-12-16,15:00:00,9.0
2019-12-17,04:00:00,32.0
2019-12-18,04:00:00,35.0
2019-12-18,16:00:00,7.0
2019-12-19,04:00:00,44.0
2019-12-19,16:00:00,20.0
2019-12-20,05:00:00,22.0
2019-12-20,16:00:00,37.0
2019-12-21,04:00:00,44.0
2019-12-22,04:00:00,49.0
2019-12-22,15:00:00,25.0
2019-12-23,08:00:00,28.0
2019-12-23,16:00:00,37.0
2019-12-24,04:00:00,30.0
2019-12-25,06:00:00,49.0
2019-12-26,04:00:00,32.0
2019-12-26,15:00:00,42.0
2019-12-27,04:00:00,48.0
2019-12-27,16:00:00,42.0
2019-12-28,05:00:00,42.0
2019-12-29,16:00:00,51.0
2019-12-30,04:00:00,48.0
2019-12-30,15:00:00,50.0
2019-12-31,05:00:00,49.0
2020-01-01,04:00:00,50.0
2020-01-02,04:00:00,52.0
2020-01-02,16:00:00,29.0
2020-01-03,04:00:00,45.0
2020-01-03,16:00:00,20.0
2020-01-04,04:00:00,31.0
2020-01-04,16:00:00,7.0
2020-01-05,04:00:00,42.0
2020-01-05,18:00:00,9.0
2020-01-06,04:00:00,51.0
2020-01-06,15:00:00,19.0
2020-01-07,04:00:00,37.0
2020-01-08,04:00:00,31.0
2020-01-08,12:00:00,60.0
2020-01-08,13:00:00,60.0
2020-01-08,15:00:00,9.0
2020-01-09,04:00:00,44.0
2020-01-09,15:00:00,22.0
2020-01-10,04:00:00,51.0
2020-01-10,16:00:00,7.0
2020-01-11,04:00:00,42.0
2020-01-12,05:00:00,32.0
2020-01-12,16:00:00,5.0
2020-01-13,04:00:00,47.0
2020-01-13,16:00:00,4.0
2020-01-14,04:00:00,35.0
2020-01-15,04:00:00,46.0
2020-01-15,15:00:00,26.0
2020-01-16,04:00:00,49.0
2020-01-16,15:00:00,17.0
2020-01-17,04:00:00,45.0
2020-01-18,04:00:00,48.0
2020-01-19,05:00:00,27.0
2020-01-19,16:00:00,6.0
2020-01-20,04:00:00,34.0
2020-01-20,13:00:00,16.0
2020-01-21,05:00:00,35.0
2020-01-22,04:00:00,26.0
2020-01-22,16:00:00,7.0
2020-01-23,05:00:00,27.0
2020-01-23,15:00:00,17.0
2020-01-24,04:00:00,37.0
2020-01-24,16:00:00,15.0
2020-01-25,05:00:00,26.0
2020-01-26,05:00:00,24.0
2020-01-26,16:00:00,13.0
2020-01-27,04:00:00,46.0
2020-01-27,15:00:00,18.0
2020-01-28,04:00:00,29.0
2020-01-29,05:00:00,36.0
2020-01-29,16:00:00,7.0
2020-01-30,04:00:00,35.0
2020-01-30,18:00:00,3.0
2020-01-31,05:00:00,40.0
2020-01-31,15:00:00,24.0
2020-02-01,05:00:00,44.0
2020-02-02,05:00:00,29.0
2020-02-02,16:00:00,7.0
2020-02-03,04:00:00,34.0
2020-02-05,04:00:00,48.0
2020-02-05,16:00:00,14.0
2020-02-06,04:00:00,32.0
2020-02-06,15:00:00,28.0
2020-02-07,04:00:00,25.0
2020-02-08,04:00:00,49.0
2020-02-09,04:00:00,28.0
2020-02-09,16:00:00,18.0
2020-02-10,04:00:00,37.0
2020-02-10,16:00:00,9.0
2020-02-11,05:00:00,45.0
2020-02-12,04:00:00,27.0
2020-02-12,16:00:00,14.0
2020-02-13,04:00:00,36.0
2020-02-13,17:00:00,17.0
2020-02-14,04:00:00,34.0
2020-02-14,16:00:00,16.0
2020-02-15,04:00:00,34.0
2020-02-16,04:00:00,36.0
2020-02-16,16:00:00,10.0
2020-02-17,04:00:00,35.0
2020-02-17,16:00:00,16.0
2020-02-18,05:00:00,30.0
2020-02-19,04:00:00,44.0
2020-02-19,16:00:00,17.0
2020-02-20,05:00:00,22.0
2020-02-20,15:00:00,10.0
2020-02-21,05:00:00,36.0
2020-02-21,16:00:00,14.0
2020-02-22,04:00:00,40.0
2020-02-23,04:00:00,41.0
2020-02-23,16:00:00,15.0
2020-02-24,04:00:00,31.0
2020-02-24,16:00:00,12.0
2020-02-25,05:00:00,41.0
2020-02-26,04:00:00,34.0
2020-02-26,16:00:00,20.0
2020-02-27,04:00:00,43.0
2020-02-27,16:00:00,15.0
2020-02-28,05:00:00,37.0
2020-02-28,16:00:00,15.0
2020-02-29,05:00:00,20.0
2020-03-01,05:00:00,32.0
2020-03-01,16:00:00,17.0
2020-03-02,04:00:00,34.0
2020-03-02,16:00:00,9.0
2020-03-03,05:00:00,28.0
2020-03-03,12:00:00,22.0
2020-03-03,13:00:00,97.0
2020-03-04,04:00:00,27.0
2020-03-04,16:00:00,7.0
2020-03-05,04:00:00,25.0
2020-03-05,16:00:00,11.0
2020-03-06,05:00:00,35.0
2020-03-06,16:00:00,33.0
2020-03-07,05:00:00,37.0
2020-03-08,05:00:00,27.0
2020-03-08,16:00:00,10.0
2020-03-09,04:00:00,28.0
2020-03-09,16:00:00,15.0
2020-03-10,05:00:00,30.0
2020-03-11,05:00:00,24.0
2020-03-11,16:00:00,28.0
2020-03-12,05:00:00,35.0
2020-03-12,16:00:00,8.0
2020-03-13,05:00:00,19.0
2020-03-13,16:00:00,20.0
2020-03-15,05:00:00,16.0
2020-03-15,16:00:00,12.0
2020-03-16,05:00:00,7.0
2020-03-16,16:00:00,6.0
2020-03-17,05:00:00,13.0
2020-03-18,04:00:00,15.0
2020-03-18,16:00:00,9.0
2020-03-19,05:00:00,1.0
2020-03-20,05:00:00,7.0
2020-03-20,16:00:00,3.0
2020-03-21,05:00:00,4.0
2020-03-23,05:00:00,4.0
2020-03-23,16:00:00,6.0
2020-03-24,05:00:00,6.0
2020-03-25,05:00:00,3.0
2020-03-26,05:00:00,3.0
2020-03-27,05:00:00,3.0
2020-03-29,05:00:00,3.0
2020-03-29,16:00:00,1.0
2020-03-30,05:00:00,1.0
2020-03-30,16:00:00,1.0
2020-03-31,05:00:00,2.0
2020-03-31,15:00:00,1.0
2020-04-01,11:00:00,2.0
2020-04-02,08:00:00,2.0
2020-04-02,11:00:00,2.0
2020-04-03,11:00:00,1.0
2020-04-04,08:00:00,2.0
2020-04-05,08:00:00,0.0
2020-04-05,11:00:00,0.0
2020-04-06,08:00:00,4.0
2020-04-06,11:00:00,1.0
2020-04-07,08:00:00,3.0
2020-04-08,08:00:00,1.0
2020-04-08,11:00:00,1.0
2020-04-09,08:00:00,1.0
2020-04-10,08:00:00,1.0
2020-04-10,11:00:00,1.0
2020-04-11,08:00:00,2.0
2020-04-12,11:00:00,2.0
2020-04-13,08:00:00,2.0
2020-04-14,08:00:00,3.0
2020-04-15,07:00:00,0.0
2020-04-15,11:00:00,1.0
2020-04-16,08:00:00,2.0
2020-04-17,11:00:00,1.0
2020-04-18,08:00:00,1.0
2020-04-19,08:00:00,1.0
2020-04-19,11:00:00,0.0
2020-04-20,08:00:00,1.0
2020-04-20,11:00:00,1.0
2020-04-21,08:00:00,1.0
2020-04-22,08:00:00,2.0
2020-04-22,11:00:00,1.0
2020-04-23,08:00:00,1.0
2020-04-23,11:00:00,0.0
2020-04-24,08:00:00,2.0
2020-04-24,11:00:00,0.0
2020-04-25,08:00:00,2.0
2020-04-26,08:00:00,5.0
2020-04-26,11:00:00,4.0
2020-04-27,08:00:00,0.0
2020-04-27,11:00:00,0.0
2020-04-28,08:00:00,1.0
2020-04-29,08:00:00,0.0
2020-04-29,11:00:00,2.0
2020-04-30,08:00:00,1.0
2020-04-30,11:00:00,2.0
2020-05-01,08:00:00,3.0
2020-05-01,11:00:00,0.0
2020-05-02,08:00:00,4.0
2020-05-03,08:00:00,1.0
2020-05-04,10:00:00,4.0
2020-05-05,09:00:00,1.0
2020-05-06,08:00:00,6.0
2020-05-07,09:00:00,1.0
2020-05-08,09:00:00,7.0
2020-05-09,09:00:00,2.0
2020-05-10,09:00:00,5.0
2020-05-11,09:00:00,11.0
2020-05-12,09:00:00,3.0
2020-05-13,09:00:00,8.0
2020-05-14,09:00:00,7.0
2020-05-15,09:00:00,4.0
2020-05-16,09:00:00,6.0
2020-05-17,09:00:00,7.0
2020-05-18,09:00:00,10.0
2020-05-19,09:00:00,1.0
2020-05-20,08:00:00,4.0
2020-05-21,09:00:00,9.0
2020-05-22,09:00:00,11.0
2020-05-23,09:00:00,5.0
2020-05-24,09:00:00,1.0
2020-05-25,09:00:00,7.0
2020-05-26,09:00:00,3.0
2020-05-27,09:00:00,10.0
2020-05-28,09:00:00,11.0
2020-05-29,09:00:00,4.0
2020-05-30,09:00:00,16.0
2020-05-31,09:00:00,11.0
2020-06-01,09:00:00,7.0
2020-06-02,09:00:00,18.0
2020-06-03,08:00:00,6.0
2020-06-04,09:00:00,10.0
2020-06-05,09:00:00,9.0
2020-06-06,09:00:00,6.0
2020-06-07,09:00:00,10.0
2020-06-08,09:00:00,16.0
2020-06-09,09:00:00,6.0
2020-06-10,07:00:00,6.0
2020-06-10,10:00:00,5.0
2020-06-11,09:00:00,8.0
2020-06-12,09:00:00,10.0
2020-06-13,09:00:00,13.0
2020-06-14,10:00:00,8.0
2020-06-15,09:00:00,15.0
2020-06-16,09:00:00,5.0
2020-06-17,09:00:00,15.0
2020-06-18,09:00:00,16.0
2020-06-19,09:00:00,4.0
2020-06-20,09:00:00,9.0
2020-06-21,09:00:00,4.0
2020-06-22,09:00:00,24.0
2020-06-23,09:00:00,23.0
2020-06-24,09:00:00,19.0
2020-06-25,09:00:00,11.0
2020-06-26,09:00:00,11.0
2020-06-27,09:00:00,11.0
2020-06-28,09:00:00,18.0
2020-06-29,09:00:00,15.0
2020-06-30,09:00:00,5.0
2020-07-01,09:00:00,13.0
2020-07-02,09:00:00,13.0
2020-07-03,09:00:00,13.0
2020-07-04,09:00:00,8.0
2020-07-05,09:00:00,24.0
2020-07-06,09:00:00,16.0
2020-07-06,15:00:00,19.0
2020-07-07,17:00:00,10.0
2020-07-08,08:00:00,18.0
2020-07-08,15:00:00,8.0
2020-07-09,08:00:00,15.0
2020-07-09,15:00:00,11.0
2020-07-10,08:00:00,14.0
2020-07-10,15:00:00,10.0
2020-07-11,08:00:00,13.0
2020-07-12,10:00:00,9.0
2020-07-12,15:00:00,20.0
2020-07-13,08:00:00,11.0
2020-07-13,15:00:00,12.0
2020-07-14,08:00:00,16.0
2020-07-15,08:00:00,9.0
2020-07-15,15:00:00,7.0
2020-07-16,08:00:00,10.0
2020-07-16,15:00:00,10.0
2020-07-17,08:00:00,10.0
2020-07-17,15:00:00,11.0
2020-07-18,08:00:00,9.0
2020-07-19,08:00:00,24.0
2020-07-19,15:00:00,15.0
2020-07-20,08:00:00,14.0
2020-07-20,15:00:00,9.0
2020-07-21,08:00:00,16.0
2020-07-22,08:00:00,13.0
2020-07-22,15:00:00,17.0
2020-07-23,08:00:00,7.0
2020-07-23,15:00:00,8.0
2020-07-24,08:00:00,22.0
2020-07-24,15:00:00,8.0
2020-07-25,08:00:00,10.0
2020-07-26,08:00:00,23.0
2020-07-26,15:00:00,5.0
2020-07-27,08:00:00,12.0
2020-07-27,15:00:00,10.0
2020-07-28,08:00:00,22.0
2020-07-29,08:00:00,26.0
2020-07-29,15:00:00,16.0
2020-07-30,08:00:00,7.0
2020-07-30,15:00:00,5.0
2020-07-31,08:00:00,20.0
2020-07-31,15:00:00,11.0
2020-08-01,08:00:00,6.0
2020-08-02,08:00:00,10.0
2020-08-02,15:00:00,12.0
2020-08-03,10:00:00,5.0
2020-08-03,15:00:00,23.0
2020-08-04,08:00:00,25.0
2020-08-05,08:00:00,11.0
2020-08-06,08:00:00,19.0
2020-08-06,15:00:00,9.0
2020-08-07,08:00:00,11.0
2020-08-07,15:00:00,15.0
2020-08-08,09:00:00,13.0
2020-08-09,08:00:00,16.0
2020-08-09,15:00:00,10.0
2020-08-10,08:00:00,20.0
2020-08-10,15:00:00,10.0
2020-08-11,09:00:00,17.0
2020-08-12,08:00:00,12.0
2020-08-12,15:00:00,3.0
2020-08-13,08:00:00,9.0
2020-08-13,15:00:00,13.0
2020-08-14,08:00:00,10.0
2020-08-14,15:00:00,9.0
2020-08-15,08:00:00,15.0
2020-08-16,08:00:00,23.0
2020-08-16,16:00:00,7.0
2020-08-17,08:00:00,14.0
2020-08-17,15:00:00,10.0
2020-08-18,08:00:00,14.0
2020-08-19,08:00:00,13.0
2020-08-19,15:00:00,9.0
2020-08-20,08:00:00,12.0
2020-08-20,15:00:00,13.0
2020-08-21,08:00:00,14.0
2020-08-21,15:00:00,12.0
2020-08-22,08:00:00,20.0
2020-08-23,08:00:00,10.0
2020-08-23,15:00:00,12.0
2020-08-24,08:00:00,16.0
2020-08-24,15:00:00,11.0
2020-08-25,08:00:00,15.0
2020-08-26,08:00:00,8.0
2020-08-26,15:00:00,7.0
2020-08-27,08:00:00,11.0
2020-08-27,15:00:00,6.0
2020-08-28,08:00:00,12.0
2020-08-28,15:00:00,8.0
2020-08-29,08:00:00,13.0
2020-08-30,08:00:00,8.0
2020-08-30,16:00:00,14.0
2020-08-31,08:00:00,10.0
2020-08-31,15:00:00,9.0
2020-09-01,08:00:00,12.0
2020-09-02,08:00:00,9.0
2020-09-02,15:00:00,13.0
2020-09-03,08:00:00,18.0
2020-09-03,15:00:00,22.0
2020-09-04,08:00:00,20.0
2020-09-04,15:00:00,17.0
2020-09-05,08:00:00,10.0
2020-09-06,08:00:00,27.0
2020-09-07,08:00:00,14.0
2020-09-07,15:00:00,14.0
2020-09-08,09:00:00,9.0
2020-09-09,08:00:00,17.0
2020-09-09,16:00:00,8.0
2020-09-10,08:00:00,13.0
2020-09-10,15:00:00,10.0
2020-09-11,08:00:00,15.0
2020-09-11,15:00:00,5.0
2020-09-12,08:00:00,10.0
2020-09-13,08:00:00,8.0
2020-09-13,15:00:00,6.0
2020-09-14,08:00:00,14.0
2020-09-14,15:00:00,6.0
2020-09-15,08:00:00,14.0
2020-09-16,08:00:00,12.0
2020-09-16,15:00:00,12.0
2020-09-17,08:00:00,10.0
2020-09-17,15:00:00,13.0
2020-09-18,08:00:00,19.0
2020-09-18,15:00:00,12.0
2020-09-19,08:00:00,10.0
2020-09-20,08:00:00,12.0
2020-09-20,15:00:00,12.0
2020-09-21,08:00:00,11.0
2020-09-21,15:00:00,20.0
2020-09-22,08:00:00,13.0
2020-09-23,08:00:00,13.0
2020-09-23,15:00:00,11.0
2020-09-24,08:00:00,17.0
2020-09-24,15:00:00,7.0
2020-09-25,08:00:00,17.0
2020-09-25,15:00:00,5.0
2020-09-26,08:00:00,18.0
2020-09-27,08:00:00,13.0
2020-09-27,15:00:00,11.0
2020-09-28,08:00:00,16.0
2020-09-28,15:00:00,6.0
2020-09-29,08:00:00,14.0
2020-09-30,08:00:00,10.0
2020-09-30,15:00:00,9.0
2020-10-01,08:00:00,17.0
2020-10-01,15:00:00,21.0
2020-10-02,08:00:00,12.0
2020-10-02,15:00:00,11.0
2020-10-03,08:00:00,16.0
2020-10-04,08:00:00,9.0
2020-10-04,15:00:00,10.0
2020-10-05,08:00:00,18.0
2020-10-05,15:00:00,6.0
2020-10-06,08:00:00,12.0
2020-10-07,08:00:00,25.0
2020-10-07,15:00:00,6.0
2020-10-08,09:00:00,14.0
2020-10-08,15:00:00,6.0
2020-10-09,08:00:00,10.0
2020-10-09,15:00:00,11.0
2020-10-10,08:00:00,13.0
2020-10-11,08:00:00,16.0
2020-10-11,16:00:00,9.0
2020-10-12,08:00:00,13.0
2020-10-12,15:00:00,13.0
2020-10-13,08:00:00,21.0
2020-10-14,08:00:00,20.0
2020-10-14,15:00:00,12.0
2020-10-15,09:00:00,20.0
2020-10-15,15:00:00,16.0
2020-10-16,09:00:00,14.0
2020-10-16,16:00:00,10.0
2020-10-17,08:00:00,17.0
2020-10-18,08:00:00,12.0
2020-10-18,15:00:00,8.0
2020-10-19,08:00:00,17.0
2020-10-19,15:00:00,15.0
2020-10-20,08:00:00,15.0
2020-10-21,08:00:00,24.0
2020-10-21,14:00:00,9.0
2020-10-22,08:00:00,14.0
2020-10-22,15:00:00,12.0
2020-10-23,08:00:00,19.0
2020-10-23,15:00:00,8.0
2020-10-24,08:00:00,9.0
2020-10-25,08:00:00,19.0
2020-10-26,15:00:00,19.0
2020-10-27,08:00:00,12.0
2020-10-28,08:00:00,13.0
2020-10-28,16:00:00,10.0
2020-10-29,08:00:00,14.0
2020-10-29,15:00:00,12.0
2020-10-30,08:00:00,28.0
2020-10-30,15:00:00,5.0
2020-10-31,08:00:00,9.0
2020-11-01,08:00:00,19.0
2020-11-01,15:00:00,11.0
2020-11-02,08:00:00,20.0
2020-11-02,15:00:00,6.0
2020-11-03,08:00:00,14.0
2020-11-04,08:00:00,9.0
2020-11-04,15:00:00,12.0
2020-11-05,08:00:00,22.0
2020-11-05,15:00:00,8.0
2020-11-06,08:00:00,14.0
2020-11-06,15:00:00,17.0
2020-11-07,08:00:00,9.0
2020-11-08,08:00:00,14.0
2020-11-08,15:00:00,3.0
2020-11-09,08:00:00,10.0
2020-11-09,15:00:00,8.0
2020-11-10,08:00:00,14.0
2020-11-11,08:00:00,14.0
2020-11-11,15:00:00,5.0
2020-11-12,08:00:00,6.0
2020-11-12,15:00:00,5.0
2020-11-13,08:00:00,11.0
2020-11-13,15:00:00,7.0
2020-11-14,08:00:00,14.0
2020-11-15,08:00:00,14.0
2020-11-15,15:00:00,8.0
2020-11-16,08:00:00,18.0
2020-11-16,15:00:00,5.0
2020-11-17,08:00:00,15.0
2020-11-18,08:00:00,17.0
2020-11-18,15:00:00,8.0
2020-11-19,08:00:00,22.0
2020-11-19,15:00:00,9.0
2020-11-20,08:00:00,17.0
2020-11-20,15:00:00,10.0
2020-11-21,08:00:00,27.0
2020-11-22,08:00:00,14.0
2020-11-22,15:00:00,8.0
2020-11-23,15:00:00,9.0
2020-11-24,09:00:00,8.0
2020-11-24,15:00:00,12.0
2020-11-25,08:00:00,33.0
2020-11-25,15:00:00,12.0
2020-11-26,08:00:00,9.0
2020-11-27,15:00:00,9.0
2020-11-28,08:00:00,18.0
2020-11-28,15:00:00,13.0
2020-11-29,08:00:00,17.0
2020-11-29,15:00:00,25.0
2020-11-30,08:00:00,14.0
2020-11-30,15:00:00,7.0
2020-12-01,08:00:00,11.0
2020-12-02,06:00:00,16.0
2020-12-02,15:00:00,6.0
2020-12-03,05:00:00,29.0
2020-12-03,15:00:00,7.0
2020-12-04,05:00:00,21.0
2020-12-04,15:00:00,12.0
2020-12-05,05:00:00,9.0
2020-12-06,05:00:00,12.0
2020-12-06,15:00:00,6.0
2020-12-07,05:00:00,15.0
2020-12-07,15:00:00,3.0
2020-12-08,05:00:00,19.0
2020-12-09,05:00:00,11.0
2020-12-09,15:00:00,6.0
2020-12-10,05:00:00,23.0
2020-12-10,15:00:00,6.0
2020-12-11,05:00:00,16.0
2020-12-11,15:00:00,4.0
2020-12-12,05:00:00,8.0
2020-12-13,05:00:00,15.0
2020-12-13,15:00:00,9.0
2020-12-14,05:00:00,22.0
2020-12-14,17:00:00,1.0
2020-12-15,06:00:00,17.0
2020-12-16,05:00:00,20.0
2020-12-16,15:00:00,6.0
2020-12-17,05:00:00,12.0
2020-12-17,16:00:00,6.0
2020-12-18,05:00:00,22.0
2020-12-18,16:00:00,9.0
2020-12-19,05:00:00,24.0
2020-12-20,05:00:00,28.0
2020-12-20,16:00:00,13.0
2020-12-21,05:00:00,15.0
2020-12-21,17:00:00,2.0
2020-12-22,05:00:00,26.0
2020-12-22,16:00:00,7.0
2020-12-23,05:00:00,38.0
2020-12-23,16:00:00,17.0
2020-12-24,05:00:00,19.0
2020-12-25,06:00:00,23.0
2020-12-26,05:00:00,44.0
2020-12-26,16:00:00,5.0
2020-12-27,05:00:00,44.0
2020-12-27,16:00:00,15.0
2020-12-28,05:00:00,23.0
2020-12-28,16:00:00,17.0
2020-12-29,05:00:00,31.0
2020-12-29,16:00:00,6.0
2020-12-30,05:00:00,41.0
2020-12-30,16:00:00,5.0
2020-12-31,06:00:00,39.0
2021-01-01,07:00:00,24.0
2021-01-02,06:00:00,31.0
2021-01-02,17:00:00,2.0
2021-01-03,05:00:00,40.0
2021-01-03,16:00:00,13.0
2021-01-04,05:00:00,13.0
2021-01-04,16:00:00,9.0
2021-01-05,05:00:00,12.0
2021-01-06,06:00:00,24.0
2021-01-06,17:00:00,3.0
2021-01-07,06:00:00,7.0
2021-01-07,16:00:00,5.0
2021-01-08,06:00:00,23.0
2021-01-08,17:00:00,3.0
2021-01-09,06:00:00,17.0
2021-01-10,06:00:00,17.0
2021-01-10,16:00:00,8.0
2021-01-11,06:00:00,9.0
2021-01-11,16:00:00,4.0
2021-01-12,06:00:00,13.0
2021-01-13,06:00:00,27.0
2021-01-13,17:00:00,1.0
2021-01-14,16:00:00,10.0
2021-01-15,06:00:00,38.0
2021-01-15,16:00:00,7.0
2021-01-16,06:00:00,12.0
2021-01-17,06:00:00,31.0
2021-01-17,16:00:00,1.0
2021-01-18,06:00:00,17.0
2021-01-18,16:00:00,5.0
2021-01-19,06:00:00,11.0
2021-01-20,06:00:00,13.0
2021-01-20,16:00:00,4.0
2021-01-21,06:00:00,15.0
2021-01-21,16:00:00,3.0
2021-01-22,06:00:00,11.0
2021-01-22,16:00:00,8.0
2021-01-23,06:00:00,28.0
2021-01-24,07:00:00,9.0
2021-01-24,17:00:00,6.0
2021-01-25,06:00:00,10.0
2021-01-26,06:00:00,16.0
2021-01-27,06:00:00,16.0
2021-01-27,17:00:00,3.0
2021-01-28,06:00:00,19.0
2021-01-28,16:00:00,10.0
2021-01-29,06:00:00,17.0
2021-01-29,16:00:00,2.0
2021-01-30,06:00:00,13.0
2021-01-31,06:00:00,18.0
2021-01-31,16:00:00,5.0
2021-02-01,06:00:00,9.0
2021-02-01,16:00:00,6.0
2021-02-02,06:00:00,9.0
2021-02-03,06:00:00,7.0
2021-02-03,16:00:00,3.0
2021-02-04,06:00:00,16.0
2021-02-04,16:00:00,4.0
2021-02-05,05:00:00,5.0
2021-02-05,16:00:00,5.0
2021-02-06,06:00:00,10.0
2021-02-07,06:00:00,13.0
2021-02-07,15:00:00,2.0
2021-02-08,06:00:00,16.0
2021-02-08,17:00:00,1.0
2021-02-09,06:00:00,10.0
2021-02-10,06:00:00,16.0
2021-02-10,16:00:00,8.0
2021-02-11,08:00:00,17.0
2021-02-11,16:00:00,9.0
2021-02-12,09:00:00,22.0
2021-02-12,16:00:00,7.0
2021-02-13,08:00:00,14.0
2021-02-14,08:00:00,18.0
2021-02-14,17:00:00,4.0
2021-02-15,09:00:00,10.0
2021-02-15,16:00:00,8.0
2021-02-16,08:00:00,20.0
2021-02-17,08:00:00,15.0
2021-02-17,16:00:00,7.0
2021-02-18,08:00:00,16.0
2021-02-18,16:00:00,17.0
2021-02-19,07:00:00,7.0
2021-02-19,17:00:00,3.0
2021-02-20,11:00:00,11.0
2021-02-21,08:00:00,23.0
2021-02-21,17:00:00,5.0
2021-02-22,08:00:00,22.0
2021-02-22,16:00:00,2.0
2021-02-23,08:00:00,11.0
2021-02-24,08:00:00,12.0
2021-02-24,16:00:00,8.0
2021-02-25,08:00:00,11.0
2021-02-25,17:00:00,10.0
2021-02-26,08:00:00,31.0
2021-02-26,16:00:00,7.0
2021-02-27,08:00:00,20.0
2021-02-28,08:00:00,15.0
2021-02-28,16:00:00,6.0
2021-03-01,08:00:00,17.0
2021-03-01,17:00:00,1.0
2021-03-02,08:00:00,17.0
2021-03-03,08:00:00,13.0
2021-03-03,17:00:00,3.0
2021-03-04,05:00:00,22.0
2021-03-04,16:00:00,9.0
2021-03-05,05:00:00,26.0
2021-03-05,16:00:00,8.0
2021-03-06,04:00:00,39.0
2021-03-07,05:00:00,15.0
2021-03-07,16:00:00,8.0
2021-03-08,05:00:00,19.0
2021-03-08,16:00:00,3.0
2021-03-09,05:00:00,17.0
2021-03-10,05:00:00,15.0
2021-03-10,16:00:00,5.0
2021-03-11,05:00:00,26.0
2021-03-11,16:00:00,12.0
2021-03-12,05:00:00,43.0
2021-03-12,16:00:00,16.0
2021-03-13,05:00:00,30.0
2021-03-17,05:00:00,34.0
2021-03-17,16:00:00,12.0
2021-03-18,05:00:00,43.0
2021-03-18,16:00:00,4.0
2021-03-19,08:00:00,12.0
2021-03-19,16:00:00,11.0
2021-03-20,05:00:00,24.0
2021-03-21,05:00:00,20.0
2021-03-21,16:00:00,12.0
2021-03-22,05:00:00,30.0
2021-03-22,16:00:00,10.0
2021-03-23,05:00:00,18.0
2021-03-24,05:00:00,24.0
2021-03-24,16:00:00,6.0
2021-03-25,05:00:00,27.0
2021-03-25,16:00:00,6.0
2021-03-26,05:00:00,36.0
2021-03-26,16:00:00,15.0
2021-03-27,05:00:00,20.0
2021-03-28,05:00:00,25.0
2021-03-28,16:00:00,6.0
2021-03-29,05:00:00,15.0
2021-03-29,16:00:00,1.0
2021-03-30,05:00:00,11.0
2021-03-31,05:00:00,22.0
2021-03-31,16:00:00,15.0
2021-04-01,05:00:00,47.0
2021-04-01,16:00:00,17.0
2021-04-02,05:00:00,48.0
2021-04-02,16:00:00,10.0
2021-04-03,05:00:00,25.0
2021-04-04,05:00:00,22.0
2021-04-04,16:00:00,8.0
2021-04-05,05:00:00,35.0
2021-04-05,16:00:00,8.0
2021-04-06,08:00:00,30.0
2021-04-07,07:00:00,16.0
2021-04-07,16:00:00,6.0
2021-04-08,05:00:00,29.0
2021-04-08,16:00:00,5.0
2021-04-09,05:00:00,37.0
2021-04-09,16:00:00,7.0
2021-04-10,05:00:00,26.0
2021-04-11,05:00:00,37.0
2021-04-11,16:00:00,10.0
2021-04-12,05:00:00,24.0
2021-04-12,16:00:00,11.0
2021-04-13,08:00:00,8.0
2021-04-14,07:00:00,17.0
2021-04-14,16:00:00,12.0
2021-04-15,05:00:00,23.0
2021-04-15,16:00:00,6.0
2021-04-16,05:00:00,39.0
2021-04-16,15:00:00,7.0
2021-04-17,05:00:00,25.0
2021-04-18,05:00:00,17.0
2021-04-18,16:00:00,5.0
2021-04-19,05:00:00,23.0
2021-04-20,08:00:00,32.0
2021-04-21,07:00:00,16.0
2021-04-21,16:00:00,14.0
2021-04-22,05:00:00,28.0
2021-04-22,16:00:00,7.0
2021-04-23,05:00:00,29.0
2021-04-23,16:00:00,5.0
2021-04-24,05:00:00,27.0
2021-04-25,05:00:00,23.0
2021-04-25,16:00:00,11.0
2021-04-26,05:00:00,19.0
2021-04-26,16:00:00,11.0
2021-04-27,07:00:00,12.0
2021-04-28,07:00:00,17.0
2021-04-28,16:00:00,10.0
2021-04-29,05:00:00,37.0
2021-04-29,16:00:00,12.0
2021-04-30,05:00:00,23.0
2021-04-30,16:00:00,11.0
2021-05-01,05:00:00,27.0
2021-05-02,05:00:00,18.0
2021-05-02,16:00:00,17.0
2021-05-03,05:00:00,13.0
2021-05-03,16:00:00,12.0
2021-05-04,08:00:00,27.0
2021-05-05,07:00:00,42.0
2021-05-05,16:00:00,9.0
2021-05-06,05:00:00,39.0
2021-05-06,14:00:00,9.0
2021-05-07,06:00:00,24.0
2021-05-07,14:00:00,9.0
2021-05-08,05:00:00,19.0
2021-05-09,05:00:00,23.0
2021-05-09,14:00:00,29.0
2021-05-10,05:00:00,28.0
2021-05-10,15:00:00,11.0
2021-05-11,08:00:00,31.0
2021-05-12,08:00:00,33.0
2021-05-12,16:00:00,4.0
2021-05-13,05:00:00,9.0
2021-05-13,14:00:00,16.0
2021-05-14,05:00:00,31.0
2021-05-14,14:00:00,9.0
2021-05-15,05:00:00,31.0
2021-05-16,05:00:00,28.0
2021-05-16,14:00:00,12.0
2021-05-17,05:00:00,32.0
2021-05-17,14:00:00,24.0
2021-05-18,05:00:00,36.0
2021-05-19,05:00:00,41.0
2021-05-19,16:00:00,4.0
2021-05-20,05:00:00,39.0
2021-05-20,14:00:00,28.0
2021-05-21,05:00:00,48.0
2021-05-21,15:00:00,24.0
2021-05-22,05:00:00,47.0
2021-05-23,05:00:00,14.0
2021-05-23,14:00:00,19.0
2021-05-24,05:00:00,27.0
2021-05-24,14:00:00,17.0
2021-05-25,05:00:00,40.0
2021-05-26,05:00:00,41.0
2021-05-26,16:00:00,12.0
2021-05-27,05:00:00,42.0
2021-05-27,14:00:00,17.0
2021-05-28,05:00:00,45.0
2021-05-28,14:00:00,17.0
2021-05-29,05:00:00,30.0
2021-05-30,05:00:00,19.0
2021-05-30,14:00:00,9.0
2021-05-31,05:00:00,18.0
2021-05-31,14:00:00,18.0
2021-06-01,05:00:00,42.0
2021-06-02,05:00:00,27.0
2021-06-02,16:00:00,21.0
2021-06-03,05:00:00,33.0
2021-06-03,08:00:00,27.0
2021-06-04,05:00:00,27.0
2021-06-04,08:00:00,17.0
2021-06-05,05:00:00,17.0
2021-06-06,05:00:00,36.0
2021-06-06,08:00:00,18.0
2021-06-07,05:00:00,33.0
2021-06-07,07:00:00,51.0
2021-06-07,08:00:00,25.0
2021-06-08,05:00:00,28.0
2021-06-09,05:00:00,26.0
2021-06-09,08:00:00,12.0
2021-06-10,05:00:00,27.0
2021-06-10,07:00:00,20.0
2021-06-11,05:00:00,34.0
2021-06-11,08:00:00,22.0
2021-06-12,05:00:00,31.0
2021-06-13,05:00:00,25.0
2021-06-13,08:00:00,18.0
2021-06-14,05:00:00,25.0
2021-06-14,08:00:00,27.0
2021-06-15,08:00:00,34.0
2021-06-16,05:00:00,45.0
2021-06-16,08:00:00,18.0
2021-06-17,08:00:00,34.0
2021-06-18,08:00:00,32.0
2021-06-18,13:00:00,2.0
2021-06-19,05:00:00,33.0
2021-06-20,05:00:00,20.0
2021-06-20,09:00:00,25.0
2021-06-21,05:00:00,19.0
2021-06-21,08:00:00,20.0
2021-06-22,05:00:00,38.0
2021-06-23,05:00:00,41.0
2021-06-23,08:00:00,18.0
2021-06-24,05:00:00,29.0
2021-06-24,08:00:00,19.0
2021-06-25,05:00:00,19.0
2021-06-25,08:00:00,19.0
2021-06-26,05:00:00,36.0
2021-06-27,06:00:00,34.0
2021-06-27,08:00:00,20.0
2021-06-28,08:00:00,27.0
2021-06-29,05:00:00,45.0
2021-06-30,05:00:00,22.0
2021-06-30,08:00:00,15.0
2021-07-01,05:00:00,33.0
2021-07-01,09:00:00,12.0
2021-07-02,05:00:00,20.0
2021-07-03,08:00:00,31.0
2021-07-04,05:00:00,14.0
2021-07-04,09:00:00,12.0
2021-07-05,05:00:00,39.0
2021-07-05,09:00:00,39.0
2021-07-06,05:00:00,51.0
2021-07-07,05:00:00,39.0
2021-07-07,09:00:00,21.0
2021-07-08,05:00:00,44.0
2021-07-08,10:00:00,18.0
2021-07-09,05:00:00,19.0
2021-07-09,10:00:00,4.0
2021-07-10,05:00:00,33.0
2021-07-11,05:00:00,34.0
2021-07-11,09:00:00,43.0
2021-07-12,05:00:00,45.0
2021-07-12,10:00:00,27.0
2021-07-13,05:00:00,43.0
2021-07-14,05:00:00,30.0
2021-07-14,09:00:00,19.0
2021-07-15,05:00:00,30.0
2021-07-15,06:00:00,28.0
2021-07-15,09:00:00,21.0
2021-07-16,05:00:00,21.0
2021-07-16,09:00:00,22.0
2021-07-17,05:00:00,40.0
2021-07-18,05:00:00,29.0
2021-07-18,09:00:00,26.0
2021-07-19,05:00:00,26.0
2021-07-19,11:00:00,26.0
2021-07-20,05:00:00,49.0
2021-07-21,05:00:00,39.0
2021-07-21,09:00:00,22.0
2021-07-22,05:00:00,34.0
2021-07-22,09:00:00,26.0
2021-07-23,05:00:00,22.0
2021-07-23,09:00:00,13.0
2021-07-24,05:00:00,30.0
2021-07-25,05:00:00,20.0
2021-07-25,10:00:00,28.0
2021-07-26,05:00:00,36.0
2021-07-26,09:00:00,19.0
2021-07-27,05:00:00,35.0
2021-07-28,08:00:00,14.0
2021-07-28,09:00:00,30.0
2021-07-29,05:00:00,33.0
2021-07-29,09:00:00,12.0
2021-07-30,05:00:00,25.0
2021-07-30,09:00:00,21.0
2021-07-31,05:00:00,43.0
2021-08-01,05:00:00,17.0
2021-08-01,09:00:00,28.0
2021-08-02,05:00:00,25.0
2021-08-02,09:00:00,23.0
2021-08-03,05:00:00,40.0
2021-08-04,05:00:00,33.0
2021-08-04,09:00:00,25.0
2021-08-05,05:00:00,26.0
2021-08-05,09:00:00,17.0
2021-08-06,05:00:00,18.0
2021-08-06,09:00:00,14.0
2021-08-08,05:00:00,34.0
2021-08-08,09:00:00,17.0
2021-08-09,05:00:00,13.0
2021-08-09,11:00:00,13.0
2021-08-10,05:00:00,46.0
2021-08-11,05:00:00,20.0
2021-08-11,09:00:00,20.0
2021-08-12,05:00:00,28.0
2021-08-12,10:00:00,20.0
2021-08-13,05:00:00,22.0
2021-08-13,09:00:00,16.0
2021-08-14,05:00:00,29.0
2021-08-15,05:00:00,21.0
2021-08-15,09:00:00,26.0
2021-08-16,05:00:00,29.0
2021-08-16,09:00:00,17.0
2021-08-17,05:00:00,33.0
2021-08-19,05:00:00,20.0
2021-08-19,10:00:00,33.0
2021-08-20,05:00:00,22.0
2021-08-20,09:00:00,13.0
2021-08-21,05:00:00,28.0
2021-08-22,06:00:00,10.0
2021-08-22,09:00:00,19.0
2021-08-23,05:00:00,20.0
2021-08-23,09:00:00,21.0
2021-08-24,05:00:00,22.0
2021-08-25,05:00:00,29.0
2021-08-25,09:00:00,14.0
2021-08-26,05:00:00,37.0
2021-08-26,09:00:00,18.0
2021-08-27,05:00:00,22.0
2021-08-27,10:00:00,5.0
2021-08-29,05:00:00,20.0
2021-08-29,09:00:00,8.0
2021-08-30,05:00:00,19.0
2021-08-30,09:00:00,12.0
2021-08-31,05:00:00,31.0
2021-09-01,05:00:00,23.0
2021-09-01,09:00:00,8.0
2021-09-02,05:00:00,24.0
2021-09-02,09:00:00,14.0
2021-09-03,05:00:00,20.0
2021-09-03,09:00:00,28.0
2021-09-04,05:00:00,18.0
2021-09-05,05:00:00,9.0
2021-09-05,09:00:00,17.0
2021-09-06,05:00:00,11.0
2021-09-06,09:00:00,21.0
2021-09-07,05:00:00,34.0
2021-09-08,05:00:00,25.0
2021-09-08,09:00:00,15.0
2021-09-09,05:00:00,44.0
2021-09-09,09:00:00,9.0
2021-09-10,05:00:00,16.0
2021-09-10,09:00:00,5.0
2021-09-11,05:00:00,25.0
2021-09-12,05:00:00,14.0
2021-09-12,09:00:00,14.0
2021-09-13,05:00:00,19.0
2021-09-13,09:00:00,10.0
2021-09-14,05:00:00,33.0
2021-09-15,05:00:00,24.0
2021-09-15,09:00:00,13.0
2021-09-16,07:00:00,15.0
2021-09-16,09:00:00,12.0
2021-09-17,05:00:00,29.0
2021-09-17,11:00:00,6.0
2021-09-18,05:00:00,27.0
2021-09-19,05:00:00,22.0
2021-09-19,09:00:00,12.0
2021-09-20,05:00:00,19.0
2021-09-20,09:00:00,14.0
2021-09-21,05:00:00,28.0
2021-09-22,05:00:00,17.0
2021-09-22,09:00:00,9.0
2021-09-23,05:00:00,31.0
2021-09-23,09:00:00,14.0
2021-09-24,05:00:00,35.0
2021-09-24,09:00:00,9.0
2021-09-25,05:00:00,20.0
2021-09-26,05:00:00,10.0
2021-09-26,09:00:00,9.0
2021-09-27,05:00:00,24.0
2021-09-27,09:00:00,10.0
2021-09-28,05:00:00,25.0
2021-09-29,05:00:00,17.0
2021-09-29,09:00:00,15.0
2021-09-30,05:00:00,47.0
2021-09-30,09:00:00,10.0
2021-10-01,05:00:00,29.0
2021-10-01,09:00:00,13.0
2021-10-02,05:00:00,28.0
2021-10-03,05:00:00,28.0
2021-10-03,09:00:00,16.0
2021-10-04,05:00:00,29.0
2021-10-04,09:00:00,6.0
2021-10-05,05:00:00,29.0
2021-10-06,05:00:00,24.0
2021-10-06,09:00:00,11.0
2021-10-07,05:00:00,9.0
2021-10-07,08:00:00,17.0
2021-10-08,05:00:00,19.0
2021-10-08,08:00:00,26.0
2021-10-09,05:00:00,41.0
2021-10-10,05:00:00,11.0
2021-10-10,09:00:00,22.0
2021-10-11,05:00:00,25.0
2021-10-11,08:00:00,6.0
2021-10-12,05:00:00,25.0
2021-10-13,05:00:00,27.0
2021-10-13,08:00:00,13.0
2021-10-14,05:00:00,13.0
2021-10-14,08:00:00,17.0
2021-10-15,05:00:00,22.0
2021-10-15,08:00:00,20.0
2021-10-16,05:00:00,30.0
2021-10-17,05:00:00,18.0
2021-10-17,08:00:00,20.0
2021-10-18,05:00:00,19.0
2021-10-18,08:00:00,26.0
2021-10-19,05:00:00,27.0
2021-10-20,05:00:00,15.0
2021-10-20,08:00:00,20.0
2021-10-21,05:00:00,22.0
2021-10-21,08:00:00,25.0
2021-10-22,12:00:00,17.0
2021-10-23,05:00:00,49.0
2021-10-24,05:00:00,20.0
2021-10-24,08:00:00,32.0
2021-10-25,05:00:00,20.0
2021-10-25,11:00:00,7.0
2021-10-26,05:00:00,47.0
2021-10-27,05:00:00,39.0
2021-10-27,08:00:00,15.0
2021-10-28,05:00:00,17.0
2021-10-28,08:00:00,11.0
2021-10-29,08:00:00,25.0
2021-10-29,10:00:00,3.0
2021-10-30,10:00:00,18.0
2021-10-31,08:00:00,32.0
2021-11-01,05:00:00,15.0
2021-11-01,08:00:00,45.0
2021-11-02,05:00:00,32.0
2021-11-03,05:00:00,20.0
2021-11-03,09:00:00,13.0
2021-11-04,05:00:00,46.0
2021-11-04,08:00:00,20.0
2021-11-05,05:00:00,14.0
2021-11-05,08:00:00,8.0
2021-11-06,05:00:00,29.0
2021-11-07,05:00:00,21.0
2021-11-07,08:00:00,16.0
2021-11-08,05:00:00,16.0
2021-11-08,08:00:00,19.0
2021-11-09,05:00:00,40.0
2021-11-10,05:00:00,25.0
2021-11-10,08:00:00,13.0
2021-11-11,05:00:00,22.0
2021-11-11,08:00:00,23.0
2021-11-12,05:00:00,21.0
2021-11-12,08:00:00,24.0
2021-11-13,05:00:00,22.0
2021-11-14,05:00:00,41.0
2021-11-14,08:00:00,16.0
2021-11-15,08:00:00,36.0
2021-11-16,05:00:00,30.0
2021-11-17,05:00:00,22.0
2021-11-17,08:00:00,21.0
2021-11-18,08:00:00,30.0
2021-11-18,09:00:00,1.0
2021-11-19,08:00:00,29.0
2021-11-19,09:00:00,1.0
2021-11-20,05:00:00,19.0
2021-11-21,05:00:00,25.0
2021-11-21,08:00:00,13.0
2021-11-22,05:00:00,20.0
2021-11-22,08:00:00,16.0
2021-11-23,07:00:00,24.0
2021-11-23,08:00:00,40.0
2021-11-24,05:00:00,35.0
2021-11-24,08:00:00,37.0
2021-11-25,05:00:00,30.0
2021-11-26,08:00:00,38.0
2021-11-27,05:00:00,21.0
2021-11-27,08:00:00,19.0
2021-11-28,05:00:00,33.0
2021-11-28,08:00:00,30.0
2021-11-29,05:00:00,36.0
2021-11-29,08:00:00,25.0
2021-11-30,05:00:00,27.0
2021-12-01,05:00:00,34.0
2021-12-01,08:00:00,21.0
2021-12-02,05:00:00,25.0
2021-12-02,08:00:00,18.0
2021-12-03,05:00:00,21.0
2021-12-03,08:00:00,15.0
2021-12-04,05:00:00,38.0
2021-12-05,05:00:00,13.0
2021-12-05,08:00:00,23.0
2021-12-06,05:00:00,20.0
2021-12-06,08:00:00,11.0
2021-12-07,05:00:00,33.0
2021-12-08,05:00:00,13.0
2021-12-08,08:00:00,27.0
2021-12-09,05:00:00,38.0
2021-12-09,08:00:00,16.0
2021-12-10,05:00:00,11.0
2021-12-10,08:00:00,22.0
2021-12-11,05:00:00,19.0
2021-12-12,05:00:00,17.0
2021-12-12,08:00:00,22.0
2021-12-13,05:00:00,16.0
2021-12-13,08:00:00,24.0
2021-12-14,05:00:00,25.0
2021-12-15,05:00:00,23.0
2021-12-15,11:00:00,17.0
2021-12-16,05:00:00,25.0
2021-12-16,08:00:00,31.0
2021-12-17,05:00:00,32.0
2021-12-17,08:00:00,17.0
2021-12-18,05:00:00,37.0
2021-12-19,05:00:00,31.0
2021-12-19,08:00:00,24.0
2021-12-20,05:00:00,25.0
2021-12-20,08:00:00,30.0
2021-12-21,05:00:00,45.0
2021-12-22,05:00:00,36.0
2021-12-22,08:00:00,27.0
2021-12-23,05:00:00,25.0
2021-12-23,08:00:00,20.0
2021-12-24,05:00:00,9.0
2021-12-24,09:00:00,17.0
2021-12-25,07:00:00,27.0
2021-12-26,05:00:00,24.0
2021-12-26,08:00:00,43.0
2021-12-27,08:00:00,49.0
2021-12-28,05:00:00,48.0
2021-12-29,05:00:00,35.0
2021-12-29,08:00:00,46.0
2021-12-30,05:00:00,27.0
2021-12-30,08:00:00,20.0
2021-12-31,05:00:00,26.0
2022-01-01,07:00:00,39.0
2022-01-02,05:00:00,43.0
2022-01-03,05:00:00,13.0
2022-01-03,08:00:00,19.0
2022-01-05,05:00:00,26.0
2022-01-05,08:00:00,20.0
2022-01-06,10:00:00,17.0
2022-01-07,08:00:00,39.0
2022-01-09,08:00:00,28.0
2022-01-10,05:00:00,13.0
2022-01-10,08:00:00,3.0
2022-01-11,05:00:00,20.0
2022-01-12,05:00:00,25.0
2022-01-12,08:00:00,18.0
2022-01-13,05:00:00,17.0
2022-01-13,08:00:00,34.0
2022-01-14,05:00:00,11.0
2022-01-14,08:00:00,9.0
2022-01-15,05:00:00,31.0
2022-01-16,05:00:00,12.0
2022-01-16,08:00:00,21.0
2022-01-17,05:00:00,16.0
2022-01-17,08:00:00,22.0
2022-01-18,05:00:00,21.0
2022-01-19,05:00:00,18.0
2022-01-19,08:00:00,20.0
2022-01-20,08:00:00,24.0
2022-01-21,05:00:00,21.0
2022-01-21,08:00:00,10.0
2022-01-22,05:00:00,22.0
2022-01-23,05:00:00,19.0
2022-01-23,08:00:00,15.0
2022-01-24,05:00:00,10.0
2022-01-24,08:00:00,17.0
2022-01-25,05:00:00,24.0
2022-01-26,05:00:00,12.0
2022-01-26,08:00:00,8.0
2022-01-27,05:00:00,14.0
2022-01-27,08:00:00,20.0
2022-01-28,05:00:00,16.0
2022-01-28,08:00:00,13.0
2022-01-29,05:00:00,23.0
2022-01-30,05:00:00,14.0
2022-01-30,08:00:00,14.0
2022-01-31,05:00:00,29.0
2022-01-31,08:00:00,14.0
2022-02-01,05:00:00,22.0
2022-02-02,05:00:00,21.0
2022-02-03,05:00:00,16.0
2022-02-03,08:00:00,10.0
2022-02-04,05:00:00,14.0
2022-02-04,08:00:00,12.0
2022-02-05,05:00:00,25.0
2022-02-06,05:00:00,16.0
2022-02-06,08:00:00,16.0
2022-02-07,05:00:00,11.0
2022-02-07,08:00:00,16.0
2022-02-08,05:00:00,24.0
2022-02-09,05:00:00,21.0
2022-02-09,08:00:00,10.0
2022-02-10,05:00:00,15.0
2022-02-10,08:00:00,11.0
2022-02-11,05:00:00,17.0
2022-02-11,09:00:00,17.0
2022-02-12,05:00:00,39.0
2022-02-13,05:00:00,27.0
2022-02-13,08:00:00,14.0
2022-02-14,05:00:00,15.0
2022-02-14,08:00:00,21.0
2022-02-15,05:00:00,35.0
2022-02-16,05:00:00,25.0
2022-02-16,08:00:00,14.0
2022-02-17,05:00:00,27.0
2022-02-17,08:00:00,17.0
2022-02-18,05:00:00,17.0
2022-02-18,08:00:00,21.0
2022-02-19,05:00:00,38.0
2022-02-20,05:00:00,20.0
2022-02-20,08:00:00,23.0
2022-02-21,05:00:00,18.0
2022-02-21,09:00:00,23.0
2022-02-22,05:00:00,31.0
2022-02-23,05:00:00,12.0
2022-02-23,08:00:00,16.0
2022-02-24,05:00:00,30.0
2022-02-24,10:00:00,5.0
2022-02-25,05:00:00,17.0
2022-02-25,08:00:00,15.0
2022-02-26,05:00:00,35.0
2022-02-27,05:00:00,20.0
2022-02-27,08:00:00,9.0
2022-02-28,05:00:00,24.0
2022-02-28,08:00:00,21.0
2022-03-01,05:00:00,33.0
2022-03-02,05:00:00,17.0
2022-03-02,08:00:00,10.0
2022-03-03,05:00:00,35.0
2022-03-03,09:00:00,30.0
2022-03-04,05:00:00,35.0
2022-03-04,17:00:00,8.0
2022-03-05,05:00:00,43.0
2022-03-06,10:00:00,12.0
2022-03-06,19:00:00,6.0
2022-03-07,09:00:00,20.0
2022-03-08,05:00:00,40.0
2022-03-09,05:00:00,34.0
2022-03-10,05:00:00,43.0
2022-03-11,05:00:00,36.0
2022-03-11,17:00:00,8.0
2022-03-12,05:00:00,37.0
2022-03-13,05:00:00,33.0
2022-03-13,17:00:00,8.0
2022-03-14,05:00:00,32.0
2022-03-15,05:00:00,42.0
2022-03-16,05:00:00,25.0
2022-03-16,17:00:00,10.0
2022-03-17,05:00:00,28.0
2022-03-18,05:00:00,28.0
2022-03-18,17:00:00,7.0
2022-03-19,05:00:00,17.0
2022-03-20,05:00:00,28.0
2022-03-20,17:00:00,9.0
2022-03-21,05:00:00,25.0
2022-03-21,17:00:00,3.0
2022-03-22,05:00:00,15.0
2022-03-23,05:00:00,34.0
2022-03-23,17:00:00,15.0
2022-03-24,05:00:00,28.0
2022-03-24,17:00:00,9.0
2022-03-25,05:00:00,32.0
2022-03-25,17:00:00,2.0
2022-03-26,05:00:00,15.0
2022-03-27,05:00:00,14.0
2022-03-27,17:00:00,6.0
2022-03-28,05:00:00,36.0
2022-03-29,05:00:00,29.0
2022-03-30,05:00:00,31.0
2022-03-30,17:00:00,14.0
2022-03-31,05:00:00,31.0
2022-04-01,05:00:00,24.0
2022-04-01,17:00:00,7.0
2022-04-02,05:00:00,34.0
2022-04-03,06:00:00,15.0
2022-04-03,17:00:00,5.0
2022-04-04,06:00:00,20.0
2022-04-04,17:00:00,6.0
2022-04-06,05:00:00,30.0
2022-04-06,17:00:00,10.0
2022-04-07,06:00:00,27.0
2022-04-07,17:00:00,4.0
2022-04-08,05:00:00,28.0
2022-04-08,17:00:00,9.0
2022-04-09,13:00:00,7.0
2022-04-10,06:00:00,35.0
2022-04-11,06:00:00,22.0
2022-04-11,14:00:00,11.0
2022-04-12,05:00:00,24.0
2022-04-13,06:00:00,31.0
2022-04-13,18:00:00,25.0
2022-04-14,06:00:00,38.0
2022-04-14,17:00:00,26.0
2022-04-15,06:00:00,24.0
2022-04-15,17:00:00,6.0
2022-04-16,06:00:00,18.0
2022-04-17,06:00:00,15.0
2022-04-17,17:00:00,15.0
2022-04-18,06:00:00,43.0
2022-04-18,14:00:00,18.0
2022-04-19,05:00:00,27.0
2022-04-20,05:00:00,25.0
2022-04-20,17:00:00,11.0
2022-04-21,05:00:00,26.0
2022-04-21,17:00:00,8.0
2022-04-24,17:00:00,8.0
2022-04-25,06:00:00,29.0
2022-04-25,14:00:00,20.0
2022-04-26,06:00:00,25.0
2022-04-27,06:00:00,38.0
2022-04-27,17:00:00,5.0
2022-04-28,06:00:00,27.0
2022-04-28,17:00:00,15.0
2022-04-29,17:00:00,15.0
2022-04-30,06:00:00,23.0
2022-05-01,06:00:00,20.0
2022-05-01,17:00:00,5.0
2022-05-02,06:00:00,15.0
2022-05-02,14:00:00,23.0
2022-05-03,06:00:00,21.0
2022-05-04,06:00:00,30.0
2022-05-04,17:00:00,12.0
2022-05-05,07:00:00,14.0
2022-05-05,17:00:00,8.0
2022-05-06,06:00:00,25.0
2022-05-06,13:00:00,11.0
2022-05-07,06:00:00,14.0
2022-05-07,13:00:00,7.0
2022-05-08,06:00:00,10.0
2022-05-08,12:00:00,22.0
2022-05-09,06:00:00,26.0
2022-05-09,13:00:00,28.0
2022-05-10,06:00:00,31.0
2022-05-11,06:00:00,33.0
2022-05-12,06:00:00,24.0
2022-05-12,13:00:00,18.0
2022-05-13,06:00:00,21.0
2022-05-13,13:00:00,18.0
2022-05-14,06:00:00,21.0
2022-05-14,13:00:00,11.0
2022-05-15,06:00:00,40.0
2022-05-15,13:00:00,10.0
2022-05-16,06:00:00,31.0
2022-05-16,13:00:00,25.0
2022-05-17,05:00:00,19.0
2022-05-18,06:00:00,17.0
2022-05-19,06:00:00,24.0
2022-05-19,13:00:00,25.0
2022-05-20,06:00:00,23.0
2022-05-20,12:00:00,20.0
2022-05-21,06:00:00,35.0
2022-05-21,13:00:00,16.0
2022-05-22,06:00:00,32.0
2022-05-22,11:00:00,19.0
2022-05-23,06:00:00,19.0
2022-05-23,13:00:00,31.0
2022-05-24,06:00:00,31.0
2022-05-25,06:00:00,27.0
2022-05-26,06:00:00,28.0
2022-05-26,13:00:00,20.0
2022-05-27,06:00:00,25.0
2022-05-27,13:00:00,23.0
2022-05-28,06:00:00,17.0
2022-05-28,13:00:00,12.0
2022-05-29,06:00:00,20.0
2022-05-29,13:00:00,36.0
2022-05-30,06:00:00,27.0
2022-05-30,12:00:00,26.0
2022-05-31,06:00:00,27.0
2022-06-01,06:00:00,19.0
2022-06-02,06:00:00,29.0
2022-06-02,17:00:00,9.0
2022-06-03,07:00:00,9.0
2022-06-03,17:00:00,18.0
2022-06-04,08:00:00,19.0
2022-06-04,17:00:00,7.0
2022-06-05,05:00:00,27.0
2022-06-05,17:00:00,8.0
2022-06-06,05:00:00,28.0
2022-06-06,18:00:00,20.0
2022-06-07,05:00:00,33.0
2022-06-08,05:00:00,21.0
2022-06-09,05:00:00,16.0
2022-06-09,17:00:00,30.0
2022-06-10,05:00:00,32.0
2022-06-10,17:00:00,9.0
2022-06-11,05:00:00,24.0
2022-06-11,17:00:00,12.0
2022-06-12,05:00:00,39.0
2022-06-12,12:00:00,12.0
2022-06-12,18:00:00,16.0
2022-06-13,05:00:00,29.0
2022-06-13,17:00:00,12.0
2022-06-14,08:00:00,13.0
2022-06-15,08:00:00,21.0
2022-06-16,05:00:00,30.0
2022-06-16,17:00:00,21.0
2022-06-17,12:00:00,4.0
2022-06-17,18:00:00,8.0
2022-06-19,05:00:00,20.0
2022-06-19,17:00:00,16.0
2022-06-20,05:00:00,33.0
2022-06-20,17:00:00,22.0
2022-06-21,05:00:00,31.0
2022-06-22,05:00:00,35.0
2022-06-23,05:00:00,30.0
2022-06-23,17:00:00,14.0
2022-06-24,05:00:00,32.0
2022-06-24,19:00:00,5.0
2022-06-25,08:00:00,7.0
2022-06-25,17:00:00,18.0
2022-06-26,05:00:00,13.0
2022-06-26,18:00:00,14.0
2022-06-27,05:00:00,29.0
2022-06-27,17:00:00,12.0
2022-06-28,05:00:00,23.0
2022-06-29,05:00:00,16.0
2022-06-30,05:00:00,20.0
2022-06-30,17:00:00,13.0
2022-07-01,05:00:00,16.0
2022-07-01,17:00:00,13.0
2022-07-03,05:00:00,25.0
2022-07-03,17:00:00,10.0
2022-07-04,05:00:00,31.0
2022-07-04,17:00:00,11.0
2022-07-05,05:00:00,27.0
2022-07-06,05:00:00,27.0
2022-07-07,05:00:00,7.0
2022-07-08,05:00:00,22.0
2022-07-08,17:00:00,18.0
2022-07-09,05:00:00,23.0
2022-07-09,17:00:00,15.0
2022-07-10,08:00:00,22.0
2022-07-10,17:00:00,16.0
2022-07-11,05:00:00,27.0
2022-07-11,17:00:00,19.0
2022-07-12,14:00:00,18.0
2022-07-13,10:00:00,17.0
2022-07-13,14:00:00,4.0
2022-07-14,10:00:00,17.0
2022-07-14,14:00:00,8.0
2022-07-15,05:00:00,11.0
2022-07-15,14:00:00,4.0
2022-07-16,10:00:00,30.0
2022-07-16,14:00:00,4.0
2022-07-17,10:00:00,22.0
2022-07-17,14:00:00,19.0
2022-07-18,10:00:00,30.0
2022-07-18,14:00:00,7.0
2022-07-19,10:00:00,16.0
2022-07-19,14:00:00,3.0
2022-07-20,10:00:00,16.0
2022-07-20,15:00:00,5.0
2022-07-21,10:00:00,27.0
2022-07-21,14:00:00,9.0
2022-07-22,10:00:00,10.0
2022-07-22,14:00:00,5.0
2022-07-23,10:00:00,16.0
2022-07-23,14:00:00,10.0
2022-07-24,10:00:00,18.0
2022-07-24,14:00:00,6.0
2022-07-25,10:00:00,19.0
2022-07-25,14:00:00,17.0
2022-07-26,10:00:00,16.0
2022-07-26,14:00:00,4.0
2022-07-27,10:00:00,21.0
2022-07-27,14:00:00,8.0
2022-07-28,10:00:00,23.0
2022-07-28,14:00:00,5.0
2022-07-29,10:00:00,25.0
2022-07-29,14:00:00,14.0
2022-07-30,10:00:00,18.0
2022-07-30,14:00:00,4.0
2022-07-31,10:00:00,16.0
2022-07-31,14:00:00,5.0
2022-08-01,08:00:00,26.0
2022-08-01,16:00:00,14.0
2022-08-02,16:00:00,10.0
2022-08-03,16:00:00,10.0
2022-08-04,09:00:00,18.0
2022-08-04,16:00:00,7.0
2022-08-05,08:00:00,25.0
2022-08-05,16:00:00,4.0
2022-08-06,08:00:00,13.0
2022-08-06,16:00:00,4.0
2022-08-07,08:00:00,29.0
2022-08-07,16:00:00,14.0
2022-08-08,08:00:00,39.0
2022-08-08,16:00:00,20.0
2022-08-09,16:00:00,20.0
2022-08-10,15:00:00,7.0
2022-08-11,09:00:00,23.0
2022-08-11,16:00:00,10.0
2022-08-12,08:00:00,18.0
2022-08-12,16:00:00,1.0
2022-08-13,09:00:00,14.0
2022-08-13,16:00:00,7.0
2022-08-14,08:00:00,29.0
2022-08-15,08:00:00,43.0
2022-08-15,16:00:00,16.0
2022-08-16,16:00:00,16.0
2022-08-17,16:00:00,21.0
2022-08-18,08:00:00,18.0
2022-08-18,16:00:00,8.0
2022-08-19,08:00:00,25.0
2022-08-19,16:00:00,8.0
2022-08-21,08:00:00,16.0
2022-08-21,17:00:00,14.0
2022-08-22,10:00:00,30.0
2022-08-22,16:00:00,9.0
2022-08-23,16:00:00,21.0
2022-08-24,16:00:00,16.0
2022-08-25,08:00:00,12.0
2022-08-25,16:00:00,20.0
2022-08-26,08:00:00,21.0
2022-08-26,15:00:00,12.0
2022-08-27,08:00:00,13.0
2022-08-27,16:00:00,3.0
2022-08-28,08:00:00,25.0
2022-08-28,16:00:00,11.0
2022-08-29,08:00:00,28.0
2022-08-29,16:00:00,18.0
2022-08-30,16:00:00,20.0
2022-08-31,16:00:00,13.0
2022-09-01,08:00:00,22.0
2022-09-01,16:00:00,5.0
2022-09-02,08:00:00,11.0
2022-09-02,16:00:00,12.0
2022-09-03,08:00:00,23.0
2022-09-03,16:00:00,8.0
2022-09-04,08:00:00,12.0
2022-09-04,16:00:00,5.0
2022-09-05,08:00:00,19.0
2022-09-05,16:00:00,22.0
2022-09-06,16:00:00,23.0
2022-09-07,16:00:00,26.0
2022-09-08,08:00:00,24.0
2022-09-08,09:00:00,12.0
2022-09-08,16:00:00,8.0
2022-09-09,08:00:00,18.0
2022-09-09,16:00:00,10.0
2022-09-10,10:00:00,3.0
2022-09-10,16:00:00,7.0
2022-09-11,08:00:00,13.0
2022-09-11,16:00:00,10.0
2022-09-12,08:00:00,27.0
2022-09-12,17:00:00,10.0
2022-09-13,16:00:00,11.0
2022-09-14,16:00:00,16.0
2022-09-15,08:00:00,30.0
2022-09-15,16:00:00,20.0
2022-09-16,08:00:00,26.0
2022-09-16,16:00:00,2.0
2022-09-17,08:00:00,24.0
2022-09-17,16:00:00,3.0
2022-09-18,08:00:00,14.0
2022-09-18,16:00:00,6.0
2022-09-19,10:00:00,20.0
2022-09-19,16:00:00,7.0
2022-09-20,16:00:00,17.0
2022-09-21,16:00:00,16.0
2022-09-22,08:00:00,20.0
2022-09-22,16:00:00,9.0
2022-09-23,08:00:00,37.0
2022-09-23,16:00:00,11.0
2022-09-24,08:00:00,22.0
2022-09-24,16:00:00,5.0
2022-09-25,08:00:00,24.0
2022-09-25,16:00:00,13.0
2022-09-26,08:00:00,37.0
2022-09-26,16:00:00,17.0
2022-09-27,16:00:00,14.0
2022-09-28,16:00:00,17.0
2022-09-29,08:00:00,20.0
2022-09-29,16:00:00,8.0
2022-09-30,08:00:00,27.0
2022-09-30,16:00:00,13.0
2022-10-01,08:00:00,18.0
2022-10-01,16:00:00,3.0
2022-10-02,08:00:00,14.0
2022-10-02,16:00:00,6.0
2022-10-03,08:00:00,32.0
2022-10-03,16:00:00,7.0
2022-10-04,16:00:00,19.0
2022-10-05,16:00:00,26.0
2022-10-06,08:00:00,45.0
2022-10-06,16:00:00,15.0
2022-10-07,08:00:00,19.0
2022-10-07,16:00:00,11.0
2022-10-08,08:00:00,9.0
2022-10-08,16:00:00,6.0
2022-10-09,08:00:00,23.0
2022-10-09,16:00:00,10.0
2022-10-10,08:00:00,31.0
2022-10-10,14:00:00,10.0
2022-10-11,16:00:00,22.0
2022-10-12,16:00:00,17.0
2022-10-13,08:00:00,32.0
2022-10-13,16:00:00,7.0
2022-10-14,08:00:00,20.0
2022-10-14,16:00:00,13.0
2022-10-15,08:00:00,19.0
2022-10-15,16:00:00,6.0
2022-10-16,08:00:00,29.0
2022-10-16,16:00:00,17.0
2022-10-17,08:00:00,33.0
2022-10-17,16:00:00,19.0
2022-10-18,16:00:00,18.0
2022-10-19,16:00:00,12.0
2022-10-20,08:00:00,29.0
2022-10-20,16:00:00,15.0
2022-10-21,08:00:00,23.0
2022-10-21,16:00:00,11.0
2022-10-22,08:00:00,24.0
2022-10-22,16:00:00,4.0
2022-10-23,08:00:00,16.0
2022-10-23,16:00:00,4.0
2022-10-24,08:00:00,27.0
2022-10-24,16:00:00,10.0
2022-10-25,16:00:00,24.0
2022-10-26,16:00:00,16.0
2022-10-27,08:00:00,28.0
2022-10-27,16:00:00,16.0
2022-10-28,08:00:00,26.0
2022-10-28,16:00:00,7.0
2022-10-29,08:00:00,30.0
2022-10-29,16:00:00,3.0
2022-10-30,10:00:00,12.0
2022-10-30,16:00:00,4.0
2022-10-31,10:00:00,16.0
2022-10-31,17:00:00,12.0
2022-11-01,17:00:00,19.0
2022-11-02,17:00:00,19.0
2022-11-03,09:00:00,36.0
2022-11-03,18:00:00,5.0
2022-11-04,09:00:00,18.0
2022-11-04,18:00:00,6.0
2022-11-05,10:00:00,24.0
2022-11-05,18:00:00,6.0
2022-11-06,10:00:00,26.0
2022-11-06,18:00:00,4.0
2022-11-07,10:00:00,33.0
2022-11-07,18:00:00,7.0
2022-11-08,18:00:00,13.0
2022-11-09,18:00:00,10.0
2022-11-10,09:00:00,36.0
2022-11-10,18:00:00,4.0
2022-11-11,09:00:00,24.0
2022-11-11,17:00:00,8.0
2022-11-12,10:00:00,26.0
2022-11-12,18:00:00,2.0
2022-11-13,09:00:00,19.0
2022-11-13,17:00:00,9.0
2022-11-14,09:00:00,42.0
2022-11-14,17:00:00,8.0
2022-11-15,18:00:00,13.0
2022-11-16,16:00:00,12.0
2022-11-17,09:00:00,29.0
2022-11-17,19:00:00,5.0
2022-11-18,09:00:00,26.0
2022-11-18,17:00:00,8.0
2022-11-19,09:00:00,25.0
2022-11-19,18:00:00,3.0
2022-11-20,09:00:00,31.0
2022-11-20,18:00:00,7.0
2022-11-21,09:00:00,24.0
2022-11-21,17:00:00,18.0
2022-11-22,17:00:00,46.0
2022-11-23,17:00:00,32.0
2022-11-24,09:00:00,24.0
2022-11-24,18:00:00,2.0
2022-11-25,09:00:00,28.0
2022-11-25,18:00:00,9.0
2022-11-26,09:00:00,26.0
2022-11-26,18:00:00,12.0
2022-11-27,09:00:00,43.0
2022-11-27,17:00:00,21.0
2022-11-28,09:00:00,48.0
2022-11-28,18:00:00,3.0
2022-11-29,17:00:00,18.0
2022-11-30,18:00:00,15.0
2022-12-01,09:00:00,33.0
2022-12-01,17:00:00,15.0
2022-12-02,09:00:00,30.0
2022-12-02,17:00:00,3.0
2022-12-03,09:00:00,27.0
2022-12-03,17:00:00,4.0
2022-12-04,09:00:00,17.0
2022-12-04,17:00:00,6.0
2022-12-05,09:00:00,24.0
2022-12-05,17:00:00,7.0
2022-12-06,17:00:00,17.0
2022-12-07,17:00:00,18.0
2022-12-08,09:00:00,39.0
2022-12-08,17:00:00,27.0
2022-12-09,09:00:00,47.0
2022-12-09,17:00:00,4.0
2022-12-10,09:00:00,15.0
2022-12-10,17:00:00,2.0
2022-12-11,09:00:00,27.0
2022-12-11,18:00:00,5.0
2022-12-12,09:00:00,49.0
2022-12-12,18:00:00,12.0
2022-12-14,17:00:00,17.0
2022-12-15,09:00:00,47.0
2022-12-15,17:00:00,15.0
2022-12-16,09:00:00,43.0
2022-12-16,17:00:00,10.0
2022-12-17,09:00:00,24.0
2022-12-17,17:00:00,26.0
2022-12-18,09:00:00,35.0
2022-12-18,17:00:00,8.0
2022-12-19,09:00:00,35.0
2022-12-19,17:00:00,8.0
2022-12-20,17:00:00,21.0
2022-12-22,17:00:00,22.0
2022-12-23,09:00:00,44.0
2022-12-24,10:00:00,37.0
2022-12-25,17:00:00,7.0
2022-12-26,09:00:00,50.0
2022-12-26,17:00:00,24.0
2022-12-27,17:00:00,29.0
2022-12-29,09:00:00,38.0
2022-12-29,17:00:00,32.0
2022-12-30,09:00:00,40.0
2022-12-30,17:00:00,21.0
2022-12-31,09:00:00,21.0
2023-01-01,17:00:00,12.0
2023-01-03,17:00:00,34.0
2023-01-04,17:00:00,20.0
2023-01-05,09:00:00,42.0
2023-01-05,18:00:00,4.0
2023-01-06,09:00:00,32.0
2023-01-06,16:00:00,2.0
2023-01-07,09:00:00,18.0
2023-01-07,17:00:00,4.0
2023-01-08,09:00:00,29.0
2023-01-08,17:00:00,5.0
2023-01-09,09:00:00,27.0
2023-01-09,19:00:00,7.0
2023-01-10,17:00:00,12.0
2023-01-11,18:00:00,4.0
2023-01-12,09:00:00,29.0
2023-01-12,17:00:00,18.0
2023-01-13,09:00:00,24.0
2023-01-13,17:00:00,9.0
2023-01-14,09:00:00,12.0
2023-01-14,18:00:00,3.0
2023-01-15,09:00:00,28.0
2023-01-15,17:00:00,3.0
2023-01-16,09:00:00,23.0
2023-01-16,17:00:00,11.0
2023-01-17,17:00:00,11.0
2023-01-19,09:00:00,31.0
2023-01-19,17:00:00,9.0
2023-01-20,09:00:00,27.0
2023-01-20,18:00:00,1.0
2023-01-21,09:00:00,28.0
2023-01-21,17:00:00,2.0
2023-01-22,09:00:00,27.0
2023-01-22,18:00:00,4.0
2023-01-23,09:00:00,24.0
2023-01-23,17:00:00,9.0
2023-01-24,17:00:00,11.0
2023-01-25,18:00:00,7.0
2023-01-26,09:00:00,31.0
2023-01-26,18:00:00,7.0
2023-01-27,09:00:00,22.0
2023-01-27,18:00:00,3.0
2023-01-28,09:00:00,25.0
2023-01-29,09:00:00,31.0
2023-01-29,18:00:00,5.0
2023-01-30,09:00:00,29.0
2023-01-31,17:00:00,4.0
2023-02-01,18:00:00,9.0
2023-02-02,09:00:00,21.0
2023-02-02,17:00:00,9.0
2023-02-03,09:00:00,17.0
2023-02-03,18:00:00,5.0
2023-02-04,09:00:00,17.0
2023-02-04,18:00:00,5.0
2023-02-05,09:00:00,27.0
2023-02-05,17:00:00,5.0
2023-02-06,09:00:00,32.0
2023-02-06,17:00:00,24.0
2023-02-07,17:00:00,9.0
2023-02-08,18:00:00,9.0
2023-02-09,09:00:00,25.0
2023-02-09,18:00:00,11.0
2023-02-10,09:00:00,16.0
2023-02-10,18:00:00,7.0
2023-02-11,09:00:00,17.0
2023-02-11,18:00:00,2.0
2023-02-12,09:00:00,19.0
2023-02-12,18:00:00,3.0
2023-02-13,09:00:00,24.0
2023-02-13,18:00:00,3.0
2023-02-14,17:00:00,20.0
2023-02-16,09:00:00,36.0
2023-02-16,17:00:00,9.0
2023-02-17,09:00:00,17.0
2023-02-17,17:00:00,14.0
2023-02-18,09:00:00,7.0
2023-02-18,18:00:00,5.0
2023-02-19,09:00:00,10.0
2023-02-19,17:00:00,7.0
2023-02-20,09:00:00,27.0
2023-02-20,17:00:00,12.0
2023-02-21,17:00:00,20.0
2023-02-22,21:00:00,6.0
2023-02-23,09:00:00,29.0
2023-02-23,17:00:00,4.0
2023-02-24,17:00:00,17.0
2023-02-25,09:00:00,18.0
2023-02-25,17:00:00,9.0
2023-02-26,09:00:00,17.0
2023-02-26,17:00:00,6.0
2023-02-27,09:00:00,9.0
2023-02-27,17:00:00,10.0
2023-02-28,17:00:00,23.0
2023-03-01,17:00:00,11.0
2023-03-02,09:00:00,25.0
2023-03-02,17:00:00,18.0
2023-03-03,09:00:00,29.0
2023-03-03,17:00:00,14.0
2023-03-04,09:00:00,22.0
2023-03-04,17:00:00,11.0
2023-03-05,09:00:00,18.0
2023-03-05,17:00:00,7.0
2023-03-06,09:00:00,29.0
2023-03-06,17:00:00,7.0
2023-03-07,18:00:00,10.0
2023-03-08,17:00:00,20.0
2023-03-09,09:00:00,43.0
2023-03-09,17:00:00,24.0
2023-03-10,09:00:00,20.0
2023-03-10,17:00:00,14.0
2023-03-11,09:00:00,15.0
2023-03-11,18:00:00,8.0
2023-03-12,10:00:00,26.0
2023-03-12,19:00:00,15.0
2023-03-13,09:00:00,25.0
2023-03-13,17:00:00,10.0
2023-03-14,17:00:00,23.0
2023-03-15,17:00:00,21.0
2023-03-16,09:00:00,12.0
2023-03-16,17:00:00,16.0
2023-03-17,09:00:00,32.0
2023-03-17,17:00:00,5.0
2023-03-18,11:00:00,16.0
2023-03-18,17:00:00,6.0
2023-03-19,09:00:00,23.0
2023-03-19,17:00:00,7.0
2023-03-20,09:00:00,12.0
2023-03-20,17:00:00,13.0
2023-03-21,17:00:00,11.0
2023-03-22,17:00:00,15.0
2023-03-23,09:00:00,24.0
2023-03-23,18:00:00,11.0
2023-03-24,09:00:00,28.0
2023-03-24,17:00:00,6.0
2023-03-25,10:00:00,30.0
2023-03-25,17:00:00,4.0
2023-03-26,09:00:00,10.0
2023-03-26,17:00:00,11.0
2023-03-27,09:00:00,29.0
2023-03-27,17:00:00,6.0
2023-03-28,17:00:00,18.0
2023-03-29,17:00:00,20.0
2023-03-30,11:00:00,22.0
2023-03-30,17:00:00,21.0
2023-03-31,09:00:00,28.0
2023-03-31,18:00:00,6.0
2023-04-01,09:00:00,33.0
2023-04-01,17:00:00,8.0
2023-04-02,09:00:00,14.0
2023-04-02,17:00:00,9.0
2023-04-03,09:00:00,36.0
2023-04-03,17:00:00,5.0
2023-04-05,17:00:00,19.0
2023-04-06,09:00:00,29.0
2023-04-06,17:00:00,33.0
2023-04-07,09:00:00,34.0
2023-04-07,18:00:00,5.0
2023-04-08,09:00:00,11.0
2023-04-08,17:00:00,3.0
2023-04-09,09:00:00,11.0
2023-04-09,18:00:00,6.0
2023-04-10,09:00:00,47.0
2023-04-10,18:00:00,4.0
2023-04-11,17:00:00,25.0
2023-04-12,17:00:00,20.0
2023-04-13,09:00:00,37.0
2023-04-13,17:00:00,16.0
2023-04-14,09:00:00,29.0
2023-04-14,17:00:00,3.0
2023-04-15,09:00:00,28.0
2023-04-15,19:00:00,2.0
2023-04-16,09:00:00,21.0
2023-04-16,17:00:00,14.0
2023-04-17,09:00:00,36.0
2023-04-17,18:00:00,2.0
2023-04-18,17:00:00,26.0
2023-04-20,09:00:00,40.0
2023-04-20,17:00:00,13.0
2023-04-21,09:00:00,21.0
2023-04-21,17:00:00,11.0
2023-04-22,09:00:00,25.0
2023-04-22,17:00:00,5.0
2023-04-23,09:00:00,26.0
2023-04-23,18:00:00,6.0
2023-04-24,09:00:00,34.0
2023-04-24,17:00:00,8.0
2023-04-25,19:00:00,8.0
2023-04-26,17:00:00,38.0
2023-04-27,09:00:00,41.0
2023-04-27,18:00:00,14.0
2023-04-28,09:00:00,9.0
2023-04-28,18:00:00,11.0
2023-04-29,09:00:00,21.0
2023-04-29,18:00:00,5.0
2023-04-30,10:00:00,13.0
2023-04-30,17:00:00,14.0
2023-05-01,09:00:00,22.0
2023-05-01,17:00:00,14.0
2023-05-02,05:00:00,20.0
2023-05-03,05:00:00,26.0
2023-05-04,05:00:00,13.0
2023-05-04,09:00:00,25.0
2023-05-05,05:00:00,12.0
2023-05-05,09:00:00,26.0
2023-05-06,05:00:00,18.0
2023-05-06,09:00:00,15.0
2023-05-07,05:00:00,13.0
2023-05-07,10:00:00,20.0
2023-05-08,05:00:00,9.0
2023-05-08,09:00:00,35.0
2023-05-09,05:00:00,21.0
2023-05-10,05:00:00,32.0
2023-05-11,09:00:00,31.0
2023-05-12,05:00:00,15.0
2023-05-12,09:00:00,17.0
2023-05-13,05:00:00,6.0
2023-05-13,10:00:00,11.0
2023-05-14,05:00:00,12.0
2023-05-14,10:00:00,27.0
2023-05-15,05:00:00,14.0
2023-05-15,09:00:00,26.0
2023-05-16,05:00:00,24.0
2023-05-17,05:00:00,33.0
2023-05-18,05:00:00,18.0
2023-05-18,09:00:00,34.0
2023-05-19,05:00:00,13.0
2023-05-19,09:00:00,32.0
2023-05-20,05:00:00,11.0
2023-05-20,09:00:00,19.0
2023-05-21,06:00:00,23.0
2023-05-21,10:00:00,15.0
2023-05-22,05:00:00,11.0
2023-05-22,09:00:00,47.0
2023-05-23,05:00:00,32.0
2023-05-24,04:00:00,42.0
2023-05-25,05:00:00,36.0
2023-05-25,06:00:00,103.0
2023-05-25,09:00:00,39.0
2023-05-26,05:00:00,14.0
2023-05-26,09:00:00,36.0
2023-05-27,09:00:00,26.0
2023-05-28,05:00:00,7.0
2023-05-28,09:00:00,19.0
2023-05-29,05:00:00,11.0
2023-05-29,09:00:00,27.0
2023-05-30,05:00:00,22.0
2023-05-31,04:00:00,26.0
2023-06-01,05:00:00,22.0
2023-06-01,09:00:00,32.0
2023-06-02,05:00:00,17.0
2023-06-02,13:00:00,26.0
2023-06-03,05:00:00,15.0
2023-06-03,13:00:00,15.0
2023-06-04,05:00:00,15.0
2023-06-04,13:00:00,18.0
2023-06-05,05:00:00,12.0
2023-06-05,13:00:00,17.0
2023-06-06,05:00:00,34.0
2023-06-07,05:00:00,41.0
2023-06-08,05:00:00,26.0
2023-06-08,13:00:00,26.0
2023-06-09,05:00:00,37.0
2023-06-09,13:00:00,28.0
2023-06-10,05:00:00,38.0
2023-06-10,13:00:00,12.0
2023-06-11,05:00:00,28.0
2023-06-11,13:00:00,28.0
2023-06-12,07:00:00,20.0
2023-06-12,14:00:00,30.0
2023-06-13,05:00:00,32.0
2023-06-14,05:00:00,35.0
2023-06-15,05:00:00,32.0
2023-06-15,12:00:00,36.0
2023-06-16,05:00:00,24.0
2023-06-16,13:00:00,15.0
2023-06-17,05:00:00,30.0
2023-06-17,13:00:00,7.0
2023-06-18,05:00:00,26.0
2023-06-18,13:00:00,10.0
2023-06-19,05:00:00,21.0
2023-06-19,13:00:00,22.0
2023-06-20,05:00:00,35.0
2023-06-21,04:00:00,44.0
2023-06-22,05:00:00,25.0
2023-06-22,13:00:00,18.0
2023-06-23,05:00:00,9.0
2023-06-23,13:00:00,24.0
2023-06-24,12:00:00,32.0
2023-06-25,05:00:00,22.0
2023-06-25,13:00:00,8.0
2023-06-26,05:00:00,22.0
2023-06-26,13:00:00,28.0
2023-06-27,05:00:00,31.0
2023-06-28,05:00:00,39.0
2023-06-29,05:00:00,17.0
2023-06-29,13:00:00,15.0
2023-06-30,05:00:00,24.0
2023-07-01,05:00:00,18.0
2023-07-01,13:00:00,28.0
2023-07-02,05:00:00,19.0
2023-07-02,13:00:00,10.0
2023-07-03,05:00:00,11.0
2023-07-03,13:00:00,25.0
2023-07-04,05:00:00,27.0
2023-07-05,05:00:00,38.0
2023-07-06,05:00:00,30.0
2023-07-06,13:00:00,38.0
2023-07-07,05:00:00,19.0
2023-07-07,12:00:00,40.0
2023-07-08,05:00:00,25.0
2023-07-08,13:00:00,27.0
2023-07-09,05:00:00,29.0
2023-07-09,13:00:00,26.0
2023-07-10,05:00:00,27.0
2023-07-10,12:00:00,41.0
2023-07-11,05:00:00,35.0
2023-07-12,05:00:00,32.0
2023-07-13,05:00:00,22.0
2023-07-13,13:00:00,21.0
2023-07-14,05:00:00,24.0
2023-07-14,13:00:00,15.0
2023-07-15,05:00:00,24.0
2023-07-15,13:00:00,11.0
2023-07-16,05:00:00,30.0
2023-07-16,13:00:00,33.0
2023-07-17,05:00:00,24.0
2023-07-17,13:00:00,34.0
2023-07-18,05:00:00,44.0
2023-07-19,05:00:00,34.0
2023-07-20,05:00:00,13.0
2023-07-21,05:00:00,43.0
2023-07-21,13:00:00,23.0
2023-07-22,05:00:00,19.0
2023-07-22,13:00:00,13.0
2023-07-23,05:00:00,20.0
2023-07-23,13:00:00,41.0
2023-07-24,05:00:00,38.0
2023-07-24,13:00:00,26.0
2023-07-25,05:00:00,38.0
2023-07-26,05:00:00,34.0
2023-07-27,05:00:00,28.0
2023-07-27,13:00:00,29.0
2023-07-28,05:00:00,25.0
2023-07-28,13:00:00,14.0
2023-07-29,05:00:00,18.0
2023-07-29,13:00:00,13.0
2023-07-30,05:00:00,25.0
2023-07-30,13:00:00,30.0
2023-07-31,05:00:00,32.0
2023-07-31,13:00:00,33.0
2023-08-01,05:00:00,31.0
2023-08-02,05:00:00,45.0
2023-08-03,05:00:00,28.0
2023-08-03,13:00:00,18.0
2023-08-04,13:00:00,40.0
2023-08-05,05:00:00,25.0
2023-08-05,13:00:00,17.0
2023-08-06,05:00:00,33.0
2023-08-06,13:00:00,28.0
2023-08-07,05:00:00,20.0
2023-08-07,13:00:00,24.0
2023-08-08,09:00:00,15.0
2023-08-09,05:00:00,31.0
2023-08-10,05:00:00,12.0
2023-08-10,13:00:00,15.0
2023-08-11,05:00:00,28.0
2023-08-11,13:00:00,18.0
2023-08-12,05:00:00,13.0
2023-08-12,13:00:00,19.0
2023-08-13,05:00:00,21.0
2023-08-13,13:00:00,25.0
2023-08-14,05:00:00,34.0
2023-08-14,13:00:00,34.0
2023-08-15,05:00:00,22.0
2023-08-16,05:00:00,18.0
2023-08-17,05:00:00,14.0
2023-08-17,13:00:00,11.0
2023-08-18,05:00:00,15.0
2023-08-18,13:00:00,15.0
2023-08-19,05:00:00,11.0
2023-08-19,13:00:00,12.0
2023-08-20,05:00:00,15.0
2023-08-20,13:00:00,32.0
2023-08-31,13:00:00,36.0
2023-09-01,05:00:00,20.0
2023-09-01,13:00:00,10.0
2023-09-02,05:00:00,17.0
2023-09-02,13:00:00,15.0
2023-09-03,05:00:00,14.0
2023-09-03,13:00:00,11.0
2023-09-04,04:00:00,43.0
2023-09-04,13:00:00,18.0
2023-09-05,05:00:00,20.0
2023-09-05,17:00:00,10.0
2023-09-06,17:00:00,16.0
2023-09-07,09:00:00,31.0
2023-09-07,17:00:00,11.0
2023-09-08,09:00:00,20.0
2023-09-08,17:00:00,8.0
2023-09-09,09:00:00,17.0
2023-09-09,17:00:00,13.0
2023-09-10,09:00:00,37.0
2023-09-10,17:00:00,16.0
2023-09-11,09:00:00,26.0
2023-09-11,17:00:00,6.0
2023-09-12,17:00:00,9.0
2023-09-13,17:00:00,13.0
2023-09-14,09:00:00,29.0
2023-09-14,18:00:00,10.0
2023-09-15,09:00:00,27.0
2023-09-15,17:00:00,10.0
2023-09-16,09:00:00,17.0
2023-09-16,17:00:00,7.0
2023-09-17,09:00:00,23.0
2023-09-17,17:00:00,12.0
2023-09-18,09:00:00,28.0
2023-09-18,17:00:00,9.0
2023-09-19,17:00:00,22.0
2023-09-20,17:00:00,16.0
2023-09-21,09:00:00,31.0
2023-09-21,17:00:00,13.0
2023-09-22,09:00:00,28.0
2023-09-22,17:00:00,14.0
2023-09-23,09:00:00,21.0
2023-09-23,18:00:00,1.0
2023-09-24,09:00:00,23.0
2023-09-24,17:00:00,12.0
2023-09-25,09:00:00,34.0
2023-09-25,17:00:00,9.0
2023-09-26,17:00:00,15.0
2023-09-27,17:00:00,13.0
2023-09-28,09:00:00,29.0
2023-09-28,17:00:00,12.0
2023-09-29,09:00:00,15.0
2023-09-29,17:00:00,12.0
2023-09-30,13:00:00,15.0
2023-09-30,17:00:00,7.0
2023-10-01,09:00:00,24.0
2023-10-01,17:00:00,7.0
2023-10-02,09:00:00,16.0
2023-10-02,17:00:00,27.0
2023-10-03,17:00:00,24.0
2023-10-04,17:00:00,18.0
2023-10-05,09:00:00,34.0
2023-10-05,17:00:00,29.0
2023-10-06,09:00:00,28.0
2023-10-06,17:00:00,21.0
2023-10-07,09:00:00,27.0
2023-10-07,17:00:00,2.0
2023-10-08,09:00:00,20.0
2023-10-08,17:00:00,8.0
2023-10-09,09:00:00,26.0
2023-10-09,17:00:00,17.0
2023-10-10,17:00:00,22.0
2023-10-11,17:00:00,20.0
2023-10-12,09:00:00,35.0
2023-10-12,17:00:00,19.0
2023-10-13,09:00:00,17.0
2023-10-13,17:00:00,19.0
2023-10-14,09:00:00,18.0
2023-10-14,17:00:00,3.0
2023-10-15,09:00:00,30.0
2023-10-15,17:00:00,14.0
2023-10-16,09:00:00,31.0
2023-10-16,17:00:00,18.0
2023-10-17,17:00:00,21.0
2023-10-18,17:00:00,20.0
2023-10-19,09:00:00,37.0
2023-10-19,17:00:00,19.0
2023-10-20,09:00:00,26.0
2023-10-20,17:00:00,6.0
2023-10-21,09:00:00,17.0
2023-10-21,17:00:00,8.0
2023-10-22,09:00:00,27.0
2023-10-22,17:00:00,7.0
2023-10-23,09:00:00,40.0
2023-10-23,17:00:00,10.0
2023-10-24,17:00:00,16.0
2023-10-25,17:00:00,10.0
2023-10-26,09:00:00,31.0
2023-10-26,17:00:00,16.0
2023-10-27,09:00:00,25.0
2023-10-27,17:00:00,11.0
2023-10-29,12:00:00,43.0
2023-10-29,18:00:00,10.0
2023-10-30,09:00:00,38.0
2023-10-30,17:00:00,14.0
2023-10-31,17:00:00,10.0
2023-11-01,17:00:00,18.0
2023-11-02,09:00:00,26.0
2023-11-02,17:00:00,17.0
2023-11-03,09:00:00,31.0
2023-11-03,17:00:00,15.0
2023-11-04,09:00:00,20.0
2023-11-04,17:00:00,7.0
2023-11-05,09:00:00,20.0
2023-11-05,17:00:00,5.0
2023-11-06,09:00:00,26.0
2023-11-06,17:00:00,13.0
2023-11-07,17:00:00,21.0
2023-11-08,17:00:00,23.0
2023-11-09,09:00:00,30.0
2023-11-09,17:00:00,30.0
2023-11-10,09:00:00,31.0
2023-11-10,17:00:00,9.0
2023-11-11,09:00:00,29.0
2023-11-11,17:00:00,4.0
2023-11-12,09:00:00,16.0
2023-11-12,17:00:00,11.0
2023-11-13,09:00:00,33.0
2023-11-13,17:00:00,17.0
2023-11-14,17:00:00,7.0
2023-11-15,17:00:00,15.0
2023-11-16,09:00:00,22.0
2023-11-16,17:00:00,4.0
2023-11-17,11:00:00,24.0
2023-11-17,16:00:00,50.0
2023-11-17,17:00:00,22.0
2023-11-18,09:00:00,24.0
2023-11-18,17:00:00,4.0
2023-11-19,10:00:00,34.0
2023-11-19,17:00:00,5.0
2023-11-20,09:00:00,33.0
2023-11-20,17:00:00,21.0
2023-11-21,17:00:00,35.0
2023-11-22,17:00:00,44.0
2023-11-23,09:00:00,9.0
2023-11-24,09:00:00,30.0
2023-11-24,18:00:00,8.0
2023-11-25,09:00:00,23.0
2023-11-25,17:00:00,31.0
2023-11-26,09:00:00,36.0
2023-11-26,17:00:00,14.0
2023-11-27,09:00:00,42.0
2023-11-27,17:00:00,17.0
2023-11-28,17:00:00,10.0
2023-11-29,17:00:00,16.0
2023-11-30,09:00:00,30.0
2023-11-30,17:00:00,21.0
2023-12-01,09:00:00,33.0
2023-12-01,17:00:00,14.0
2023-12-02,09:00:00,19.0
2023-12-02,17:00:00,7.0
2023-12-03,09:00:00,25.0
2023-12-03,17:00:00,9.0
2023-12-04,09:00:00,30.0
2023-12-04,17:00:00,10.0
2023-12-05,17:00:00,17.0
2023-12-06,17:00:00,25.0
2023-12-07,09:00:00,45.0
2023-12-07,17:00:00,3.0
2023-12-08,09:00:00,32.0
2023-12-08,17:00:00,18.0
2023-12-09,09:00:00,11.0
2023-12-09,17:00:00,11.0
2023-12-10,09:00:00,21.0
2023-12-10,17:00:00,8.0
2023-12-11,09:00:00,26.0
2023-12-11,17:00:00,7.0
2023-12-12,17:00:00,13.0
2023-12-13,17:00:00,21.0
2023-12-14,09:00:00,32.0
2023-12-14,17:00:00,12.0
2023-12-15,09:00:00,37.0
2023-12-15,17:00:00,27.0
2023-12-16,09:00:00,22.0
2023-12-16,17:00:00,10.0
2023-12-17,09:00:00,28.0
2023-12-17,17:00:00,1.0
2023-12-18,09:00:00,34.0
2023-12-18,17:00:00,8.0
2023-12-19,17:00:00,13.0
2023-12-20,17:00:00,22.0
2023-12-21,09:00:00,41.0
2023-12-21,17:00:00,23.0
2023-12-22,10:00:00,29.0
2023-12-22,17:00:00,28.0
2023-12-23,09:00:00,20.0
2023-12-23,17:00:00,7.0
2023-12-24,09:00:00,14.0
2023-12-24,17:00:00,7.0
2023-12-25,09:00:00,35.0
2023-12-27,17:00:00,50.0
2023-12-28,09:00:00,50.0
2023-12-28,17:00:00,41.0
2023-12-29,09:00:00,40.0
2023-12-29,17:00:00,19.0
2023-12-30,09:00:00,34.0
2023-12-30,17:00:00,22.0
2023-12-31,09:00:00,44.0
2024-01-01,17:00:00,31.0
2024-01-02,17:00:00,23.0
2024-01-03,16:00:00,16.0
2024-01-04,09:00:00,40.0
2024-01-04,17:00:00,11.0
2024-01-05,09:00:00,24.0
2024-01-05,17:00:00,26.0
2024-01-06,09:00:00,28.0
2024-01-06,17:00:00,8.0
2024-01-07,09:00:00,21.0
2024-01-07,17:00:00,6.0
2024-01-08,09:00:00,24.0
2024-01-08,17:00:00,6.0
2024-01-09,17:00:00,9.0
2024-01-10,17:00:00,13.0
2024-01-11,09:00:00,28.0
2024-01-11,17:00:00,9.0
2024-01-12,15:00:00,16.0
2024-01-12,18:00:00,5.0
2024-01-13,09:00:00,30.0
2024-01-13,17:00:00,2.0
2024-01-14,09:00:00,32.0
2024-01-14,17:00:00,2.0
2024-01-16,18:00:00,10.0
2024-01-17,17:00:00,9.0
2024-01-18,11:00:00,30.0
2024-01-18,17:00:00,8.0
2024-01-19,09:00:00,16.0
2024-01-19,17:00:00,13.0
2024-01-20,09:00:00,22.0
2024-01-20,17:00:00,5.0
2024-01-21,09:00:00,26.0
2024-01-21,17:00:00,8.0
2024-01-22,09:00:00,27.0
2024-01-22,17:00:00,14.0
2024-01-23,17:00:00,9.0
2024-01-24,17:00:00,14.0
2024-01-25,09:00:00,29.0
2024-01-25,17:00:00,15.0
2024-01-26,09:00:00,23.0
2024-01-26,17:00:00,10.0
2024-01-27,09:00:00,19.0
2024-01-27,17:00:00,3.0
2024-01-28,09:00:00,22.0
2024-01-28,17:00:00,8.0
2024-01-29,09:00:00,30.0
2024-01-29,17:00:00,6.0
2024-01-30,17:00:00,9.0
2024-01-31,17:00:00,5.0
2024-02-01,09:00:00,36.0
2024-02-01,17:00:00,11.0
2024-02-02,09:00:00,30.0
2024-02-02,17:00:00,6.0
2024-02-03,09:00:00,38.0
2024-02-04,11:00:00,19.0
2024-02-04,17:00:00,15.0
2024-02-05,09:00:00,38.0
2024-02-05,17:00:00,14.0
2024-02-06,17:00:00,6.0
2024-02-07,17:00:00,15.0
2024-02-08,09:00:00,27.0
2024-02-08,17:00:00,6.0
2024-02-09,09:00:00,27.0
2024-02-09,17:00:00,11.0
2024-02-10,09:00:00,19.0
2024-02-10,17:00:00,6.0
2024-02-11,09:00:00,24.0
2024-02-11,17:00:00,7.0
2024-02-12,09:00:00,25.0
2024-02-12,17:00:00,14.0
2024-02-13,17:00:00,13.0
2024-02-14,17:00:00,7.0
2024-02-15,09:00:00,31.0
2024-02-15,17:00:00,11.0
2024-02-16,10:00:00,22.0
2024-02-16,17:00:00,13.0
2024-02-17,09:00:00,39.0
2024-02-17,17:00:00,5.0
2024-02-18,09:00:00,20.0
2024-02-18,18:00:00,4.0
2024-02-19,09:00:00,20.0
2024-02-19,17:00:00,16.0
2024-02-20,17:00:00,2.0
2024-02-21,17:00:00,9.0
2024-02-22,09:00:00,48.0
2024-02-22,17:00:00,11.0
2024-02-23,09:00:00,32.0
2024-02-23,17:00:00,12.0
2024-02-24,09:00:00,18.0
2024-02-25,09:00:00,26.0
2024-02-25,17:00:00,3.0
2024-02-26,09:00:00,28.0
2024-02-26,17:00:00,7.0
2024-02-27,17:00:00,10.0
2024-02-28,17:00:00,2.0
2024-02-29,09:00:00,31.0
2024-02-29,18:00:00,5.0
2024-03-01,09:00:00,34.0
2024-03-01,17:00:00,9.0
2024-03-02,09:00:00,27.0
2024-03-02,17:00:00,3.0
2024-03-03,09:00:00,30.0
2024-03-03,18:00:00,4.0
2024-03-04,09:00:00,29.0
2024-03-04,17:00:00,11.0
2024-03-05,17:00:00,18.0
2024-03-06,17:00:00,12.0
2024-03-07,08:00:00,5.0
2024-03-07,09:00:00,41.0
2024-03-07,17:00:00,28.0
2024-03-08,09:00:00,26.0
2024-03-08,17:00:00,14.0
2024-03-09,09:00:00,24.0
2024-03-09,17:00:00,6.0
2024-03-10,09:00:00,17.0
2024-03-10,17:00:00,4.0
2024-03-11,09:00:00,24.0
2024-03-11,17:00:00,2.0
2024-03-12,17:00:00,9.0
2024-03-13,17:00:00,10.0
2024-03-15,09:00:00,29.0
2024-03-15,17:00:00,15.0
2024-03-16,09:00:00,18.0
2024-03-16,17:00:00,5.0
2024-03-17,09:00:00,11.0
2024-03-17,17:00:00,12.0
2024-03-18,09:00:00,37.0
2024-03-18,17:00:00,10.0
2024-03-19,17:00:00,13.0
2024-03-20,17:00:00,7.0
2024-03-21,09:00:00,31.0
2024-03-21,17:00:00,15.0
2024-03-22,09:00:00,21.0
2024-03-22,17:00:00,13.0
2024-03-23,09:00:00,12.0
2024-03-23,17:00:00,18.0
2024-03-24,09:00:00,16.0
2024-03-25,09:00:00,38.0
2024-03-25,17:00:00,12.0
2024-03-26,17:00:00,8.0
2024-03-27,17:00:00,14.0
2024-03-28,09:00:00,34.0
2024-03-28,17:00:00,33.0
2024-03-29,09:00:00,32.0
2024-03-29,17:00:00,4.0
2024-03-30,09:00:00,36.0
2024-03-30,17:00:00,12.0
2024-03-31,09:00:00,32.0
2024-03-31,18:00:00,9.0
2024-04-01,09:00:00,52.0
2024-04-01,17:00:00,15.0
2024-04-02,17:00:00,7.0
2024-04-03,17:00:00,20.0
2024-04-04,09:00:00,37.0
2024-04-04,17:00:00,25.0
2024-04-05,09:00:00,22.0
2024-04-05,18:00:00,12.0
2024-04-06,09:00:00,23.0
2024-04-07,09:00:00,20.0
2024-04-07,18:00:00,10.0
2024-04-08,09:00:00,23.0
2024-04-08,17:00:00,18.0
2024-04-09,17:00:00,11.0
2024-04-10,17:00:00,11.0
2024-04-11,09:00:00,37.0
2024-04-11,17:00:00,21.0
2024-04-12,09:00:00,44.0
2024-04-12,17:00:00,16.0
2024-04-13,09:00:00,27.0
2024-04-14,09:00:00,30.0
2024-04-14,17:00:00,14.0
2024-04-15,09:00:00,37.0
2024-04-15,17:00:00,13.0
2024-04-16,17:00:00,23.0
2024-04-17,17:00:00,37.0
2024-04-18,09:00:00,22.0
2024-04-18,17:00:00,21.0
2024-04-19,10:00:00,27.0
2024-04-19,17:00:00,16.0
2024-04-20,09:00:00,14.0
2024-04-20,18:00:00,6.0
2024-04-21,09:00:00,28.0
2024-04-21,17:00:00,10.0
2024-04-22,09:00:00,36.0
2024-04-22,17:00:00,9.0
2024-04-23,17:00:00,6.0
2024-04-24,17:00:00,14.0
2024-04-25,09:00:00,27.0
2024-04-25,18:00:00,13.0
2024-04-26,09:00:00,38.0
2024-04-26,17:00:00,11.0
2024-04-27,09:00:00,35.0
2024-04-27,18:00:00,3.0
2024-04-28,09:00:00,32.0
2024-04-28,17:00:00,12.0
2024-04-29,09:00:00,16.0
2024-04-29,17:00:00,8.0
2024-04-30,18:00:00,5.0
2024-05-01,17:00:00,21.0
2024-05-02,09:00:00,20.0
2024-05-02,17:00:00,9.0
2024-05-03,09:00:00,27.0
2024-05-03,17:00:00,8.0
2024-05-04,09:00:00,24.0
2024-05-04,17:00:00,5.0
2024-05-05,09:00:00,29.0
2024-05-05,17:00:00,19.0
2024-05-06,21:00:00,12.0
2024-05-07,17:00:00,20.0
2024-05-08,17:00:00,28.0
2024-05-09,09:00:00,39.0
2024-05-09,17:00:00,23.0
2024-05-10,09:00:00,23.0
2024-05-10,17:00:00,11.0
2024-05-11,09:00:00,35.0
2024-05-11,17:00:00,12.0
2024-05-12,09:00:00,26.0
2024-05-12,18:00:00,6.0
2024-05-13,09:00:00,33.0
2024-05-13,17:00:00,16.0
2024-05-14,17:00:00,9.0
2024-05-15,17:00:00,21.0
2024-05-16,09:00:00,31.0
2024-05-16,17:00:00,23.0
2024-05-17,09:00:00,21.0
2024-05-17,17:00:00,27.0
2024-05-18,09:00:00,38.0
2024-05-18,18:00:00,4.0
2024-05-19,09:00:00,35.0
2024-05-19,17:00:00,39.0
2024-05-20,09:00:00,34.0
2024-05-20,17:00:00,30.0
2024-05-21,17:00:00,17.0
2024-05-22,17:00:00,23.0
2024-05-23,09:00:00,44.0
2024-05-23,17:00:00,32.0
2024-05-24,09:00:00,38.0
2024-05-24,17:00:00,28.0
2024-05-25,09:00:00,36.0
2024-05-25,18:00:00,9.0
2024-05-26,09:00:00,31.0
2024-05-26,17:00:00,15.0
2024-05-27,09:00:00,28.0
2024-05-27,17:00:00,7.0
2024-05-28,17:00:00,12.0
2024-05-29,18:00:00,13.0
2024-05-30,09:00:00,28.0
2024-05-30,17:00:00,15.0
2024-05-31,09:00:00,28.0
2024-05-31,17:00:00,15.0
2024-06-01,09:00:00,21.0
2024-06-01,17:00:00,1.0
2024-06-02,09:00:00,23.0
2024-06-02,17:00:00,18.0
2024-06-03,09:00:00,27.0
2024-06-03,17:00:00,13.0
2024-06-04,17:00:00,18.0
2024-06-05,17:00:00,25.0
2024-06-06,09:00:00,35.0
2024-06-06,17:00:00,9.0
2024-06-07,09:00:00,30.0
2024-06-07,17:00:00,26.0
2024-06-08,09:00:00,38.0
2024-06-08,17:00:00,14.0
2024-06-09,09:00:00,47.0
2024-06-09,17:00:00,25.0
2024-06-10,09:00:00,30.0
2024-06-10,17:00:00,7.0
2024-06-11,17:00:00,27.0
2024-06-12,17:00:00,19.0
2024-06-13,09:00:00,24.0
2024-06-13,17:00:00,5.0
2024-06-14,09:00:00,20.0
2024-06-14,17:00:00,13.0
2024-06-15,09:00:00,28.0
2024-06-15,17:00:00,12.0
2024-06-16,09:00:00,25.0
2024-06-16,17:00:00,9.0
2024-06-17,10:00:00,29.0
2024-06-17,17:00:00,16.0
2024-06-18,17:00:00,17.0
2024-06-19,17:00:00,17.0
2024-06-20,09:00:00,34.0
2024-06-20,17:00:00,16.0
2024-06-21,09:00:00,38.0
2024-06-22,09:00:00,31.0
2024-06-22,17:00:00,14.0
2024-06-23,09:00:00,36.0
2024-06-23,17:00:00,17.0
2024-06-24,09:00:00,37.0
2024-06-24,17:00:00,20.0
2024-06-25,18:00:00,14.0
2024-06-26,17:00:00,19.0
2024-06-27,09:00:00,36.0
2024-06-27,17:00:00,15.0
2024-06-28,10:00:00,39.0
2024-06-28,17:00:00,13.0
2024-06-29,09:00:00,20.0
2024-06-29,17:00:00,5.0
2024-06-30,09:00:00,38.0
2024-06-30,17:00:00,10.0
2024-07-01,09:00:00,40.0
2024-07-01,17:00:00,25.0
2024-07-02,17:00:00,27.0
2024-07-03,17:00:00,23.0
2024-07-04,09:00:00,41.0
2024-07-04,17:00:00,5.0
2024-07-05,09:00:00,34.0
2024-07-05,17:00:00,7.0
2024-07-06,09:00:00,36.0
2024-07-06,17:00:00,16.0
2024-07-07,09:00:00,39.0
2024-07-07,19:00:00,13.0
2024-07-08,08:00:00,50.0
2024-07-08,17:00:00,34.0
2024-07-09,17:00:00,30.0
2024-07-10,17:00:00,26.0
2024-07-11,09:00:00,37.0
2024-07-11,17:00:00,22.0
2024-07-12,09:00:00,21.0
2024-07-12,17:00:00,13.0
2024-07-13,09:00:00,15.0
2024-07-13,17:00:00,16.0
2024-07-14,09:00:00,36.0
2024-07-14,17:00:00,27.0
2024-07-15,09:00:00,47.0
2024-07-15,17:00:00,25.0
2024-07-16,17:00:00,39.0
2024-07-17,17:00:00,22.0
2024-07-18,07:00:00,14.0
2024-07-18,09:00:00,34.0
2024-07-18,17:00:00,12.0
2024-07-19,09:00:00,29.0
2024-07-19,17:00:00,12.0
2024-07-20,09:00:00,40.0
2024-07-20,17:00:00,9.0
2024-07-21,09:00:00,32.0
2024-07-21,17:00:00,18.0
2024-07-22,09:00:00,35.0
2024-07-22,17:00:00,21.0
2024-07-23,17:00:00,29.0
2024-07-24,17:00:00,13.0
2024-07-25,09:00:00,30.0
2024-07-25,17:00:00,17.0
2024-07-26,09:00:00,34.0
2024-07-26,17:00:00,14.0
2024-07-27,09:00:00,19.0
2024-07-27,17:00:00,16.0
2024-07-28,09:00:00,23.0
2024-07-28,17:00:00,22.0
2024-07-29,09:00:00,52.0
2024-07-29,17:00:00,17.0
2024-07-30,17:00:00,19.0
2024-07-31,17:00:00,10.0
2024-08-01,09:00:00,37.0
2024-08-01,17:00:00,11.0
2024-08-02,09:00:00,19.0
2024-08-02,17:00:00,15.0
2024-08-03,09:00:00,36.0
2024-08-03,17:00:00,11.0
2024-08-04,09:00:00,36.0
2024-08-04,17:00:00,9.0
2024-08-05,09:00:00,43.0
2024-08-05,17:00:00,22.0
2024-08-06,17:00:00,24.0
2024-08-07,17:00:00,33.0
2024-08-08,09:00:00,34.0
2024-08-08,17:00:00,26.0
2024-08-09,06:00:00,48.0
2024-08-09,09:00:00,44.0
2024-08-09,17:00:00,7.0
2024-08-10,09:00:00,31.0
2024-08-10,17:00:00,6.0
2024-08-11,09:00:00,20.0
2024-08-11,17:00:00,11.0
2024-08-12,09:00:00,26.0
2024-08-12,17:00:00,15.0
2024-08-13,17:00:00,21.0
2024-08-14,18:00:00,5.0
2024-08-14,19:00:00,12.0
2024-08-15,09:00:00,37.0
2024-08-15,17:00:00,14.0
2024-08-16,09:00:00,28.0
2024-08-16,17:00:00,13.0
2024-08-17,09:00:00,31.0
2024-08-17,17:00:00,8.0
2024-08-18,09:00:00,33.0
2024-08-18,17:00:00,9.0
2024-08-19,08:00:00,38.0
2024-08-19,17:00:00,26.0
2024-08-20,20:00:00,8.0
2024-08-21,18:00:00,8.0
2024-08-22,08:00:00,43.0
2024-08-22,20:00:00,2.0
2024-08-23,08:00:00,24.0
2024-08-23,17:00:00,10.0
2024-08-24,08:00:00,43.0
2024-08-24,17:00:00,8.0
2024-08-25,08:00:00,36.0
2024-08-25,17:00:00,17.0
2024-08-26,08:00:00,46.0
2024-08-26,17:00:00,12.0
2024-08-27,17:00:00,16.0
2024-08-28,17:00:00,17.0
2024-08-29,08:00:00,44.0
2024-08-29,17:00:00,21.0
2024-08-30,08:00:00,30.0
2024-08-30,17:00:00,12.0
2024-08-31,08:00:00,36.0
2024-08-31,17:00:00,5.0
2024-09-01,08:00:00,14.0
2024-09-01,17:00:00,15.0
2024-09-02,08:00:00,29.0
2024-09-02,17:00:00,19.0
2024-09-03,17:00:00,15.0
2024-09-04,17:00:00,16.0
2024-09-05,08:00:00,35.0
2024-09-05,17:00:00,14.0
2024-09-06,08:00:00,31.0
2024-09-06,17:00:00,16.0
2024-09-07,08:00:00,24.0
2024-09-07,17:00:00,4.0
2024-09-08,08:00:00,26.0
2024-09-08,17:00:00,19.0
2024-09-09,08:00:00,48.0
2024-09-09,17:00:00,19.0
2024-09-10,17:00:00,29.0
2024-09-11,17:00:00,22.0
2024-09-12,08:00:00,33.0
2024-09-12,17:00:00,11.0
2024-09-13,08:00:00,17.0
2024-09-13,17:00:00,12.0
2024-09-14,08:00:00,20.0
2024-09-14,18:00:00,11.0
2024-09-15,08:00:00,31.0
2024-09-16,08:00:00,43.0
2024-09-16,17:00:00,15.0
2024-09-17,20:00:00,4.0
2024-09-18,17:00:00,30.0
2024-09-19,08:00:00,41.0
2024-09-19,17:00:00,21.0
2024-09-20,08:00:00,44.0
2024-09-20,17:00:00,17.0
2024-09-21,08:00:00,25.0
2024-09-21,17:00:00,9.0
2024-09-22,08:00:00,26.0
2024-09-22,17:00:00,12.0
2024-09-23,08:00:00,41.0
2024-09-23,17:00:00,23.0
2024-09-24,17:00:00,16.0
2024-09-25,17:00:00,16.0
2024-09-26,09:00:00,43.0
2024-09-26,17:00:00,14.0
2024-09-27,09:00:00,44.0
2024-09-27,17:00:00,11.0
2024-09-28,09:00:00,23.0
2024-09-28,17:00:00,14.0
2024-09-29,09:00:00,18.0
2024-09-29,17:00:00,22.0
2024-09-30,09:00:00,41.0
2024-09-30,17:00:00,22.0
2024-10-01,17:00:00,10.0
2024-10-02,17:00:00,22.0
2024-10-03,09:00:00,36.0
2024-10-03,17:00:00,9.0
2024-10-04,09:00:00,43.0
2024-10-04,17:00:00,9.0
2024-10-05,09:00:00,20.0
2024-10-05,17:00:00,2.0
2024-10-06,09:00:00,28.0
2024-10-06,17:00:00,17.0
2024-10-07,09:00:00,42.0
2024-10-07,17:00:00,17.0
2024-10-08,17:00:00,26.0
2024-10-09,17:00:00,27.0
2024-10-10,09:00:00,38.0
2024-10-10,17:00:00,27.0
2024-10-11,09:00:00,41.0
2024-10-11,17:00:00,16.0
2024-10-12,09:00:00,22.0
2024-10-12,17:00:00,12.0
2024-10-13,09:00:00,32.0
2024-10-13,19:00:00,6.0
2024-10-14,09:00:00,36.0
2024-10-14,17:00:00,13.0
2024-10-15,17:00:00,16.0
2024-10-16,17:00:00,21.0
2024-10-17,09:00:00,33.0
2024-10-17,18:00:00,18.0
2024-10-18,09:00:00,47.0
2024-10-18,17:00:00,18.0
2024-10-19,09:00:00,28.0
2024-10-19,18:00:00,3.0
2024-10-20,09:00:00,44.0
2024-10-20,17:00:00,18.0
2024-10-21,09:00:00,30.0
2024-10-23,10:00:00,15.0
2024-10-23,17:00:00,31.0
2024-10-24,09:00:00,46.0
2024-10-24,17:00:00,13.0
2024-10-25,09:00:00,32.0
2024-10-25,17:00:00,15.0
2024-10-26,09:00:00,20.0
2024-10-26,17:00:00,8.0
2024-10-27,08:00:00,26.0
2024-10-27,17:00:00,10.0
2024-10-28,08:00:00,35.0
2024-10-28,17:00:00,8.0
2024-10-29,17:00:00,11.0
2024-10-30,17:00:00,8.0
2024-10-31,08:00:00,29.0
2024-10-31,17:00:00,8.0
2024-11-01,09:00:00,28.0
2024-11-01,17:00:00,7.0
2024-11-02,09:00:00,30.0
2024-11-02,17:00:00,2.0
2024-11-03,08:00:00,41.0
2024-11-03,19:00:00,10.0
2024-11-04,08:00:00,32.0
2024-11-04,18:00:00,2.0
2024-11-05,17:00:00,22.0
2024-11-07,08:00:00,50.0
2024-11-07,17:00:00,33.0
2024-11-09,19:00:00,10.0
2024-11-10,08:00:00,51.0
2024-11-10,17:00:00,9.0
2024-11-11,08:00:00,38.0
2024-11-11,17:00:00,19.0
2024-11-12,17:00:00,13.0
2024-11-13,17:00:00,25.0
2024-11-14,08:00:00,38.0
2024-11-14,17:00:00,9.0
2024-11-15,08:00:00,33.0
2024-11-15,17:00:00,14.0
2024-11-16,08:00:00,19.0
2024-11-16,17:00:00,5.0
2024-11-24,08:00:00,37.0
2024-11-24,18:00:00,3.0
2024-11-25,08:00:00,48.0
2024-11-25,17:00:00,14.0
2024-11-26,08:00:00,42.0
2024-11-26,17:00:00,37.0
2024-11-27,08:00:00,44.0
2024-11-27,17:00:00,27.0
2024-11-28,08:00:00,25.0
2024-11-29,08:00:00,40.0
2024-11-29,17:00:00,21.0
2024-11-30,08:00:00,45.0
2024-11-30,17:00:00,38.0
2024-12-01,08:00:00,46.0
2024-12-01,17:00:00,40.0
2024-12-02,08:00:00,44.0
2024-12-02,17:00:00,42.0
2024-12-03,17:00:00,18.0
2024-12-04,17:00:00,15.0
2024-12-05,08:00:00,43.0
2024-12-05,17:00:00,12.0
2024-12-06,08:00:00,34.0
2024-12-06,17:00:00,6.0
2024-12-07,08:00:00,45.0
2024-12-07,18:00:00,5.0
2024-12-08,08:00:00,44.0
2024-12-08,17:00:00,5.0
2024-12-09,08:00:00,44.0
2024-12-09,17:00:00,9.0
2024-12-10,17:00:00,13.0
2024-12-11,17:00:00,24.0
2024-12-12,08:00:00,51.0
2024-12-12,17:00:00,16.0
2024-12-13,08:00:00,44.0
2024-12-13,17:00:00,11.0
2024-12-14,08:00:00,39.0
2024-12-14,17:00:00,6.0
2024-12-15,08:00:00,27.0
2024-12-15,17:00:00,9.0
2024-12-16,08:00:00,46.0
2024-12-16,17:00:00,7.0
2024-12-17,17:00:00,12.0
2024-12-18,17:00:00,11.0
2024-12-19,08:00:00,42.0
2024-12-19,17:00:00,16.0
2024-12-20,08:00:00,45.0
2024-12-20,17:00:00,12.0
2024-12-21,08:00:00,44.0
2024-12-21,17:00:00,24.0
2024-12-22,08:00:00,37.0
2024-12-22,17:00:00,25.0
2024-12-23,08:00:00,45.0
2024-12-23,17:00:00,23.0
2024-12-24,17:00:00,20.0
2024-12-25,17:00:00,22.0
2024-12-26,08:00:00,50.0
2024-12-26,18:00:00,35.0
2024-12-27,08:00:00,51.0
2024-12-27,17:00:00,47.0
2024-12-28,08:00:00,47.0
2024-12-28,17:00:00,42.0
2024-12-29,08:00:00,40.0
2024-12-29,17:00:00,41.0
2024-12-30,08:00:00,46.0
2024-12-30,17:00:00,22.0
2024-12-31,17:00:00,9.0
2025-01-01,17:00:00,17.0
2025-01-02,08:00:00,46.0
2025-01-02,17:00:00,20.0
2025-01-03,08:00:00,33.0
2025-01-03,17:00:00,14.0
2025-01-04,08:00:00,33.0
2025-01-05,08:00:00,48.0
2025-01-05,17:00:00,16.0
2025-01-06,08:00:00,40.0
2025-01-06,17:00:00,18.0
2025-01-07,17:00:00,12.0
2025-01-08,17:00:00,12.0
2025-01-09,08:00:00,48.0
2025-01-09,18:00:00,7.0
2025-01-10,09:00:00,23.0
2025-01-10,17:00:00,8.0
2025-01-11,09:00:00,35.0
2025-01-11,17:00:00,2.0
2025-01-12,09:00:00,29.0
2025-01-12,17:00:00,16.0
2025-01-13,09:00:00,41.0
2025-01-13,17:00:00,20.0
2025-01-14,17:00:00,8.0
2025-01-15,17:00:00,30.0
2025-01-16,08:00:00,38.0
2025-01-16,18:00:00,9.0
2025-01-17,09:00:00,14.0
2025-01-17,17:00:00,14.0
2025-01-18,09:00:00,27.0
2025-01-18,17:00:00,14.0
2025-01-19,09:00:00,18.0
2025-01-19,17:00:00,8.0
2025-01-20,09:00:00,27.0
2025-01-20,17:00:00,18.0
2025-01-21,17:00:00,8.0
2025-01-22,17:00:00,18.0
2025-01-23,08:00:00,49.0
2025-01-23,17:00:00,16.0
2025-01-24,08:00:00,45.0
2025-01-24,17:00:00,29.0
2025-01-25,09:00:00,43.0
2025-01-25,17:00:00,7.0
2025-01-26,09:00:00,25.0
2025-01-26,17:00:00,7.0
2025-01-27,09:00:00,27.0
2025-01-27,17:00:00,5.0
2025-01-28,17:00:00,8.0
2025-01-29,17:00:00,18.0
2025-01-30,08:00:00,44.0
2025-01-30,17:00:00,12.0
2025-01-31,08:00:00,46.0
2025-01-31,17:00:00,12.0
2025-02-01,09:00:00,18.0
2025-02-02,09:00:00,46.0
2025-02-02,17:00:00,5.0
2025-02-03,09:00:00,41.0
2025-02-03,17:00:00,5.0
2025-02-04,17:00:00,9.0
2025-02-05,17:00:00,15.0
2025-02-06,08:00:00,39.0
2025-02-06,17:00:00,6.0
2025-02-07,09:00:00,33.0
2025-02-07,17:00:00,9.0
2025-02-08,09:00:00,23.0
2025-02-08,17:00:00,2.0
2025-02-09,09:00:00,30.0
2025-02-09,17:00:00,7.0
2025-02-10,08:00:00,45.0
2025-02-10,17:00:00,9.0
2025-02-11,19:00:00,9.0
2025-02-12,17:00:00,19.0
2025-02-13,08:00:00,41.0
2025-02-13,17:00:00,27.0
2025-02-14,09:00:00,22.0
2025-02-14,17:00:00,17.0
2025-02-15,09:00:00,18.0
2025-02-16,09:00:00,33.0
2025-02-16,17:00:00,8.0
2025-02-17,08:00:00,40.0
2025-02-17,19:00:00,11.0
2025-02-18,18:00:00,13.0
2025-02-19,20:00:00,10.0
2025-02-20,09:00:00,37.0
2025-02-20,17:00:00,15.0
2025-02-21,08:00:00,29.0
2025-02-21,17:00:00,12.0
2025-02-22,09:00:00,41.0
2025-02-22,17:00:00,2.0
2025-02-23,09:00:00,39.0
2025-02-23,17:00:00,11.0
2025-02-24,09:00:00,41.0
2025-02-24,17:00:00,17.0
2025-02-25,17:00:00,6.0
2025-02-26,17:00:00,18.0
2025-02-27,09:00:00,30.0
2025-02-27,17:00:00,14.0
2025-02-28,09:00:00,37.0
2025-02-28,18:00:00,14.0
2025-03-01,09:00:00,37.0
2025-03-01,17:00:00,1.0
2025-03-02,09:00:00,25.0
2025-03-02,17:00:00,15.0
2025-03-03,09:00:00,28.0
2025-03-03,17:00:00,9.0
2025-03-04,17:00:00,11.0
2025-03-05,17:00:00,24.0
2025-03-06,09:00:00,32.0
2025-03-06,17:00:00,13.0
2025-03-07,12:00:00,23.0
2025-03-07,18:00:00,4.0
2025-03-08,09:00:00,51.0
2025-03-08,17:00:00,4.0
2025-03-09,10:00:00,30.0
2025-03-09,17:00:00,8.0
2025-03-10,09:00:00,42.0
2025-03-10,17:00:00,18.0
2025-03-11,17:00:00,18.0
2025-03-12,17:00:00,15.0
2025-03-13,08:00:00,41.0
2025-03-13,17:00:00,23.0
2025-03-14,09:00:00,23.0
2025-03-14,19:00:00,8.0
2025-03-15,09:00:00,27.0
2025-03-15,17:00:00,6.0
2025-03-16,10:00:00,21.0
2025-03-16,18:00:00,8.0
2025-03-17,09:00:00,21.0
2025-03-17,17:00:00,21.0
2025-03-18,17:00:00,19.0
2025-03-19,17:00:00,12.0
2025-03-20,08:00:00,44.0
2025-03-20,17:00:00,8.0
2025-03-21,09:00:00,30.0
2025-03-21,17:00:00,19.0
2025-03-22,09:00:00,18.0
2025-03-22,17:00:00,8.0
2025-03-23,09:00:00,23.0
2025-03-23,17:00:00,17.0
2025-03-24,09:00:00,33.0
2025-03-24,17:00:00,17.0
2025-03-25,17:00:00,12.0
2025-03-26,17:00:00,19.0
2025-03-27,09:00:00,24.0
2025-03-27,17:00:00,6.0
2025-03-28,09:00:00,35.0
2025-03-28,17:00:00,14.0
2025-03-29,09:00:00,21.0
2025-03-29,17:00:00,2.0
