Date,Hour,MCK Gate 1
2018-12-30,06:00:00,5.0
2018-12-30,07:00:00,3.0
2018-12-31,06:00:00,4.0
2018-12-31,07:00:00,2.0
2019-01-01,06:00:00,2.0
2019-01-01,07:00:00,2.0
2019-01-01,16:00:00,1.0
2019-01-01,17:00:00,4.0
2019-01-02,06:00:00,2.0
2019-01-02,07:00:00,3.0
2019-01-02,17:00:00,6.0
2019-01-03,06:00:00,2.0
2019-01-03,07:00:00,4.0
2019-01-04,06:00:00,2.0
2019-01-04,07:00:00,1.0
2019-01-05,06:00:00,3.0
2019-01-05,07:00:00,2.0
2019-01-06,06:00:00,2.0
2019-01-06,07:00:00,2.0
2019-01-07,06:00:00,2.0
2019-01-07,16:00:00,4.0
2019-01-07,17:00:00,2.0
2019-01-08,06:00:00,5.0
2019-01-08,17:00:00,1.0
2019-01-09,06:00:00,1.0
2019-01-09,17:00:00,1.0
2019-01-10,07:00:00,1.0
2019-01-10,17:00:00,4.0
2019-01-11,06:00:00,0.0
2019-01-11,17:00:00,1.0
2019-01-12,05:00:00,5.0
2019-01-12,06:00:00,1.0
2019-01-13,06:00:00,2.0
2019-01-14,18:00:00,2.0
2019-01-15,06:00:00,1.0
2019-01-15,07:00:00,3.0
2019-01-15,17:00:00,2.0
2019-01-16,07:00:00,6.0
2019-01-16,17:00:00,5.0
2019-01-17,06:00:00,2.0
2019-01-17,07:00:00,1.0
2019-01-17,17:00:00,4.0
2019-01-19,06:00:00,5.0
2019-01-19,07:00:00,1.0
2019-01-20,06:00:00,2.0
2019-01-20,07:00:00,2.0
2019-01-21,17:00:00,0.0
2019-01-22,17:00:00,1.0
2019-01-23,06:00:00,3.0
2019-01-23,17:00:00,4.0
2019-01-24,06:00:00,1.0
2019-01-24,07:00:00,1.0
2019-01-25,06:00:00,2.0
2019-01-25,17:00:00,3.0
2019-01-26,08:00:00,3.0
2019-01-27,07:00:00,1.0
2019-01-28,06:00:00,1.0
2019-01-28,17:00:00,4.0
2019-01-29,06:00:00,2.0
2019-01-29,17:00:00,4.0
2019-01-30,06:00:00,6.0
2019-01-31,17:00:00,1.0
2019-02-01,06:00:00,1.0
2019-02-01,17:00:00,2.0
2019-02-02,06:00:00,0.0
2019-02-03,06:00:00,4.0
2019-02-03,07:00:00,2.0
2019-02-04,07:00:00,1.0
2019-02-04,17:00:00,1.0
2019-02-05,06:00:00,1.0
2019-02-05,07:00:00,2.0
2019-02-05,17:00:00,3.0
2019-02-06,08:00:00,5.0
2019-02-06,09:00:00,0.0
2019-02-06,10:00:00,0.0
2019-02-06,17:00:00,5.0
2019-02-07,18:00:00,1.0
2019-02-08,06:00:00,4.0
2019-02-08,07:00:00,2.0
2019-02-08,17:00:00,4.0
2019-02-09,07:00:00,2.0
2019-02-10,06:00:00,4.0
2019-02-10,07:00:00,2.0
2019-02-11,19:00:00,3.0
2019-02-12,06:00:00,4.0
2019-02-12,17:00:00,1.0
2019-02-13,06:00:00,5.0
2019-02-13,17:00:00,3.0
2019-02-14,06:00:00,2.0
2019-02-14,07:00:00,0.0
2019-02-15,06:00:00,4.0
2019-02-15,17:00:00,5.0
2019-02-15,18:00:00,2.0
2019-02-16,07:00:00,4.0
2019-02-17,05:00:00,0.0
2019-02-18,06:00:00,2.0
2019-02-18,07:00:00,2.0
2019-02-18,17:00:00,2.0
2019-02-18,18:00:00,1.0
2019-02-19,06:00:00,0.0
2019-02-19,17:00:00,0.0
2019-02-20,06:00:00,1.0
2019-02-20,19:00:00,3.0
2019-02-21,06:00:00,3.0
2019-02-21,07:00:00,2.0
2019-02-21,17:00:00,3.0
2019-02-22,07:00:00,3.0
2019-02-23,06:00:00,0.0
2019-02-24,06:00:00,1.0
2019-02-24,07:00:00,2.0
2019-02-25,06:00:00,3.0
2019-02-26,16:00:00,2.0
2019-02-27,07:00:00,4.0
2019-02-28,07:00:00,3.0
2019-02-28,08:00:00,2.0
2019-02-28,17:00:00,4.0
2019-02-28,18:00:00,3.0
2019-03-01,06:00:00,2.0
2019-03-01,17:00:00,3.0
2019-03-02,06:00:00,0.0
2019-03-04,07:00:00,5.0
2019-03-04,17:00:00,2.0
2019-03-05,06:00:00,1.0
2019-03-05,07:00:00,1.0
2019-03-05,17:00:00,1.0
2019-03-06,06:00:00,4.0
2019-03-06,17:00:00,3.0
2019-03-07,06:00:00,1.0
2019-03-07,07:00:00,1.0
2019-03-07,17:00:00,5.0
2019-03-08,06:00:00,4.0
2019-03-08,17:00:00,1.0
2019-03-09,08:00:00,3.0
2019-03-10,06:00:00,2.0
2019-03-10,07:00:00,1.0
2019-03-11,06:00:00,3.0
2019-03-11,07:00:00,3.0
2019-03-11,16:00:00,3.0
2019-03-12,06:00:00,3.0
2019-03-12,17:00:00,2.0
2019-03-14,20:00:00,0.0
2019-03-15,08:00:00,8.0
2019-03-15,17:00:00,6.0
2019-03-16,06:00:00,1.0
2019-03-17,06:00:00,2.0
2019-03-17,07:00:00,2.0
2019-03-18,06:00:00,1.0
2019-03-18,07:00:00,3.0
2019-03-18,17:00:00,4.0
2019-03-18,18:00:00,2.0
2019-03-19,06:00:00,3.0
2019-03-19,07:00:00,2.0
2019-03-19,17:00:00,3.0
2019-03-20,06:00:00,2.0
2019-03-20,07:00:00,1.0
2019-03-20,17:00:00,2.0
2019-03-20,18:00:00,2.0
2019-03-21,06:00:00,3.0
2019-03-21,07:00:00,2.0
2019-03-21,17:00:00,3.0
2019-03-22,06:00:00,1.0
2019-03-22,17:00:00,1.0
2019-03-22,18:00:00,1.0
2019-03-23,08:00:00,3.0
2019-03-24,06:00:00,2.0
2019-03-25,06:00:00,2.0
2019-03-25,17:00:00,1.0
2019-03-26,06:00:00,3.0
2019-03-26,07:00:00,2.0
2019-03-26,17:00:00,4.0
2019-03-27,07:00:00,4.0
2019-03-27,17:00:00,1.0
2019-03-28,06:00:00,1.0
2019-03-28,17:00:00,1.0
2019-03-29,07:00:00,3.0
2019-03-29,18:00:00,4.0
2019-03-30,10:00:00,3.0
2019-03-31,07:00:00,3.0
2019-04-01,06:00:00,3.0
2019-04-02,06:00:00,3.0
2019-04-02,17:00:00,4.0
2019-04-03,06:00:00,5.0
2019-04-03,07:00:00,1.0
2019-04-03,18:00:00,2.0
2019-04-04,06:00:00,3.0
2019-04-04,07:00:00,2.0
2019-04-04,17:00:00,3.0
2019-04-05,07:00:00,3.0
2019-04-06,07:00:00,1.0
2019-04-07,06:00:00,3.0
2019-04-08,06:00:00,4.0
2019-04-08,07:00:00,2.0
2019-04-09,06:00:00,5.0
2019-04-09,07:00:00,2.0
2019-04-10,06:00:00,3.0
2019-04-10,07:00:00,1.0
2019-04-12,17:00:00,2.0
2019-04-13,07:00:00,4.0
2019-04-14,06:00:00,3.0
2019-04-15,06:00:00,1.0
2019-04-15,07:00:00,1.0
2019-04-15,17:00:00,2.0
2019-04-16,06:00:00,3.0
2019-04-16,07:00:00,1.0
2019-04-16,17:00:00,4.0
2019-04-17,06:00:00,2.0
2019-04-17,07:00:00,1.0
2019-04-17,17:00:00,2.0
2019-04-18,06:00:00,3.0
2019-04-18,07:00:00,1.0
2019-04-18,17:00:00,1.0
2019-04-18,18:00:00,1.0
2019-04-19,06:00:00,4.0
2019-04-19,17:00:00,3.0
2019-04-20,06:00:00,2.0
2019-04-21,06:00:00,6.0
2019-04-22,06:00:00,4.0
2019-04-22,07:00:00,1.0
2019-04-22,17:00:00,3.0
2019-04-23,06:00:00,2.0
2019-04-23,07:00:00,2.0
2019-04-23,17:00:00,2.0
2019-04-24,06:00:00,5.0
2019-04-24,07:00:00,2.0
2019-04-25,06:00:00,2.0
2019-04-25,07:00:00,1.0
2019-04-25,17:00:00,3.0
2019-04-26,06:00:00,2.0
2019-04-26,07:00:00,2.0
2019-04-26,17:00:00,6.0
2019-04-27,06:00:00,2.0
2019-04-28,06:00:00,3.0
2019-04-29,06:00:00,1.0
2019-04-29,07:00:00,7.0
2019-04-29,17:00:00,5.0
2019-04-29,18:00:00,1.0
2019-04-30,06:00:00,3.0
2019-04-30,17:00:00,3.0
2019-05-01,08:00:00,1.0
2019-05-01,09:00:00,1.0
2019-05-01,17:00:00,2.0
2019-05-02,06:00:00,3.0
2019-05-02,07:00:00,1.0
2019-05-02,17:00:00,2.0
2019-05-02,18:00:00,0.0
2019-05-03,06:00:00,1.0
2019-05-03,17:00:00,5.0
2019-05-03,18:00:00,2.0
2019-05-04,07:00:00,2.0
2019-05-05,06:00:00,4.0
2019-05-06,06:00:00,4.0
2019-05-06,17:00:00,4.0
2019-05-07,06:00:00,1.0
2019-05-07,07:00:00,3.0
2019-05-08,06:00:00,2.0
2019-05-08,07:00:00,4.0
2019-05-08,17:00:00,8.0
2019-05-09,06:00:00,3.0
2019-05-09,07:00:00,4.0
2019-05-09,17:00:00,4.0
2019-05-10,06:00:00,5.0
2019-05-10,07:00:00,1.0
2019-05-11,07:00:00,0.0
2019-05-12,06:00:00,3.0
2019-05-13,06:00:00,1.0
2019-05-13,07:00:00,7.0
2019-05-13,17:00:00,3.0
2019-05-13,18:00:00,2.0
2019-05-14,06:00:00,5.0
2019-05-14,07:00:00,4.0
2019-05-14,18:00:00,5.0
2019-05-15,06:00:00,3.0
2019-05-15,17:00:00,3.0
2019-05-16,06:00:00,3.0
2019-05-16,07:00:00,4.0
2019-05-16,17:00:00,0.0
2019-05-17,08:00:00,5.0
2019-05-17,17:00:00,1.0
2019-05-17,18:00:00,1.0
2019-05-18,06:00:00,4.0
2019-05-18,07:00:00,3.0
2019-05-19,06:00:00,4.0
2019-05-20,06:00:00,2.0
2019-05-20,07:00:00,2.0
2019-05-20,16:00:00,2.0
2019-05-20,17:00:00,2.0
2019-05-21,17:00:00,3.0
2019-05-22,06:00:00,2.0
2019-05-22,07:00:00,2.0
2019-05-22,17:00:00,4.0
2019-05-22,18:00:00,2.0
2019-05-23,06:00:00,3.0
2019-05-23,07:00:00,2.0
2019-05-23,19:00:00,2.0
2019-05-24,06:00:00,2.0
2019-05-24,07:00:00,1.0
2019-05-25,06:00:00,2.0
2019-05-25,07:00:00,2.0
2019-05-26,07:00:00,3.0
2019-05-27,20:00:00,1.0
2019-05-28,09:00:00,8.0
2019-05-29,06:00:00,3.0
2019-05-29,07:00:00,5.0
2019-05-29,17:00:00,3.0
2019-05-30,06:00:00,3.0
2019-05-30,07:00:00,4.0
2019-05-30,17:00:00,2.0
2019-05-31,06:00:00,3.0
2019-05-31,17:00:00,3.0
2019-06-01,06:00:00,2.0
2019-06-02,07:00:00,4.0
2019-06-03,06:00:00,4.0
2019-06-03,19:00:00,3.0
2019-06-04,10:00:00,1.0
2019-06-04,11:00:00,3.0
2019-06-04,18:00:00,1.0
2019-06-05,06:00:00,2.0
2019-06-05,07:00:00,5.0
2019-06-05,17:00:00,1.0
2019-06-06,07:00:00,1.0
2019-06-06,17:00:00,4.0
2019-06-06,18:00:00,3.0
2019-06-07,06:00:00,3.0
2019-06-07,17:00:00,2.0
2019-06-07,18:00:00,3.0
2019-06-08,08:00:00,7.0
2019-06-09,08:00:00,3.0
2019-06-09,09:00:00,5.0
2019-06-10,06:00:00,1.0
2019-06-10,07:00:00,2.0
2019-06-10,15:00:00,1.0
2019-06-10,16:00:00,2.0
2019-06-11,06:00:00,1.0
2019-06-11,07:00:00,2.0
2019-06-11,16:00:00,2.0
2019-06-11,17:00:00,1.0
2019-06-12,06:00:00,5.0
2019-06-12,07:00:00,3.0
2019-06-12,17:00:00,4.0
2019-06-13,06:00:00,6.0
2019-06-13,17:00:00,1.0
2019-06-14,07:00:00,4.0
2019-06-14,17:00:00,5.0
2019-06-15,06:00:00,2.0
2019-06-15,07:00:00,2.0
2019-06-16,06:00:00,4.0
2019-06-17,06:00:00,3.0
2019-06-17,07:00:00,4.0
2019-06-17,17:00:00,3.0
2019-06-17,18:00:00,3.0
2019-06-18,17:00:00,6.0
2019-06-19,06:00:00,3.0
2019-06-19,07:00:00,1.0
2019-06-19,17:00:00,1.0
2019-06-20,06:00:00,5.0
2019-06-20,07:00:00,2.0
2019-06-20,18:00:00,2.0
2019-06-21,17:00:00,0.0
2019-06-22,06:00:00,2.0
2019-06-22,07:00:00,2.0
2019-06-23,07:00:00,7.0
2019-06-24,06:00:00,4.0
2019-06-24,18:00:00,4.0
2019-06-25,06:00:00,3.0
2019-06-25,07:00:00,2.0
2019-06-25,17:00:00,2.0
2019-06-26,17:00:00,3.0
2019-06-27,06:00:00,5.0
2019-06-27,07:00:00,3.0
2019-06-27,17:00:00,3.0
2019-06-27,18:00:00,1.0
2019-06-28,06:00:00,4.0
2019-06-28,07:00:00,2.0
2019-06-28,17:00:00,3.0
2019-06-28,18:00:00,2.0
2019-06-29,06:00:00,2.0
2019-06-29,07:00:00,1.0
2019-06-30,06:00:00,3.0
2019-06-30,07:00:00,2.0
2019-07-01,06:00:00,4.0
2019-07-01,07:00:00,4.0
2019-07-01,17:00:00,1.0
2019-07-02,06:00:00,3.0
2019-07-02,07:00:00,1.0
2019-07-02,17:00:00,3.0
2019-07-03,09:00:00,2.0
2019-07-03,17:00:00,2.0
2019-07-04,06:00:00,4.0
2019-07-04,07:00:00,4.0
2019-07-04,17:00:00,0.0
2019-07-05,06:00:00,2.0
2019-07-05,17:00:00,0.0
2019-07-07,07:00:00,8.0
2019-07-08,06:00:00,5.0
2019-07-08,07:00:00,2.0
2019-07-08,18:00:00,5.0
2019-07-09,08:00:00,1.0
2019-07-09,17:00:00,6.0
2019-07-10,06:00:00,4.0
2019-07-10,07:00:00,4.0
2019-07-10,16:00:00,4.0
2019-07-10,17:00:00,1.0
2019-07-11,06:00:00,2.0
2019-07-11,07:00:00,1.0
2019-07-11,17:00:00,2.0
2019-07-11,18:00:00,1.0
2019-07-12,06:00:00,2.0
2019-07-12,07:00:00,2.0
2019-07-13,08:00:00,5.0
2019-07-14,06:00:00,3.0
2019-07-15,06:00:00,5.0
2019-07-15,07:00:00,2.0
2019-07-15,17:00:00,3.0
2019-07-16,06:00:00,1.0
2019-07-16,18:00:00,2.0
2019-07-17,08:00:00,1.0
2019-07-17,17:00:00,1.0
2019-07-18,06:00:00,2.0
2019-07-18,07:00:00,2.0
2019-07-18,17:00:00,3.0
2019-07-18,18:00:00,3.0
2019-07-19,06:00:00,0.0
2019-07-19,17:00:00,1.0
2019-07-20,05:00:00,3.0
2019-07-21,06:00:00,3.0
2019-07-21,07:00:00,2.0
2019-07-22,06:00:00,4.0
2019-07-22,07:00:00,1.0
2019-07-23,17:00:00,4.0
2019-07-23,18:00:00,2.0
2019-07-24,06:00:00,2.0
2019-07-24,07:00:00,3.0
2019-07-25,08:00:00,2.0
2019-07-26,09:00:00,3.0
2019-07-26,18:00:00,3.0
2019-07-27,07:00:00,2.0
2019-07-28,07:00:00,1.0
2019-07-29,06:00:00,6.0
2019-07-29,17:00:00,3.0
2019-07-30,06:00:00,3.0
2019-07-30,17:00:00,2.0
2019-07-31,08:00:00,2.0
2019-07-31,09:00:00,1.0
2019-07-31,17:00:00,1.0
2019-08-01,06:00:00,1.0
2019-08-01,07:00:00,2.0
2019-08-01,17:00:00,4.0
2019-08-01,18:00:00,1.0
2019-08-02,09:00:00,6.0
2019-08-02,17:00:00,5.0
2019-08-03,06:00:00,1.0
2019-08-03,16:00:00,3.0
2019-08-04,06:00:00,6.0
2019-08-04,17:00:00,5.0
2019-08-05,06:00:00,2.0
2019-08-05,07:00:00,1.0
2019-08-05,17:00:00,5.0
2019-08-06,18:00:00,5.0
2019-08-07,06:00:00,8.0
2019-08-07,17:00:00,0.0
2019-08-08,06:00:00,3.0
2019-08-08,07:00:00,5.0
2019-08-08,17:00:00,3.0
2019-08-08,18:00:00,4.0
2019-08-09,06:00:00,9.0
2019-08-09,17:00:00,5.0
2019-08-10,08:00:00,5.0
2019-08-10,17:00:00,4.0
2019-08-11,06:00:00,8.0
2019-08-11,16:00:00,7.0
2019-08-12,06:00:00,4.0
2019-08-12,07:00:00,5.0
2019-08-12,19:00:00,4.0
2019-08-13,07:00:00,7.0
2019-08-13,18:00:00,4.0
2019-08-13,19:00:00,2.0
2019-08-14,07:00:00,5.0
2019-08-14,08:00:00,2.0
2019-08-14,17:00:00,2.0
2019-08-15,07:00:00,4.0
2019-08-15,17:00:00,2.0
2019-08-16,06:00:00,5.0
2019-08-16,17:00:00,8.0
2019-08-17,06:00:00,4.0
2019-08-17,17:00:00,5.0
2019-08-18,06:00:00,4.0
2019-08-18,17:00:00,2.0
2019-08-19,06:00:00,5.0
2019-08-19,17:00:00,3.0
2019-08-20,06:00:00,4.0
2019-08-20,17:00:00,2.0
2019-08-21,07:00:00,3.0
2019-08-21,17:00:00,5.0
2019-08-22,06:00:00,3.0
2019-08-22,07:00:00,3.0
2019-08-22,19:00:00,2.0
2019-08-23,06:00:00,0.0
2019-08-23,17:00:00,4.0
2019-08-24,06:00:00,4.0
2019-08-24,17:00:00,0.0
2019-08-25,06:00:00,1.0
2019-08-26,06:00:00,3.0
2019-08-26,17:00:00,6.0
2019-08-27,06:00:00,4.0
2019-08-27,17:00:00,1.0
2019-08-28,17:00:00,4.0
2019-08-29,06:00:00,2.0
2019-08-29,17:00:00,5.0
2019-08-30,06:00:00,2.0
2019-08-30,17:00:00,6.0
2019-08-31,17:00:00,4.0
2019-09-01,06:00:00,4.0
2019-09-01,17:00:00,2.0
2019-09-02,06:00:00,4.0
2019-09-02,07:00:00,1.0
2019-09-02,17:00:00,8.0
2019-09-03,06:00:00,5.0
2019-09-03,07:00:00,2.0
2019-09-03,17:00:00,4.0
2019-09-04,06:00:00,1.0
2019-09-04,07:00:00,1.0
2019-09-04,17:00:00,5.0
2019-09-05,06:00:00,0.0
2019-09-05,17:00:00,5.0
2019-09-06,07:00:00,4.0
2019-09-08,17:00:00,3.0
2019-09-09,05:00:00,4.0
2019-09-09,08:00:00,7.0
2019-09-09,17:00:00,2.0
2019-09-10,07:00:00,7.0
2019-09-11,17:00:00,6.0
2019-09-12,17:00:00,7.0
2019-09-13,07:00:00,7.0
2019-09-13,17:00:00,1.0
2019-09-14,06:00:00,6.0
2019-09-15,06:00:00,3.0
2019-09-15,17:00:00,2.0
2019-09-16,08:00:00,2.0
2019-09-16,17:00:00,2.0
2019-09-17,06:00:00,7.0
2019-09-17,15:00:00,2.0
2019-09-17,16:00:00,2.0
2019-09-18,10:00:00,6.0
2019-09-18,18:00:00,5.0
2019-09-19,10:00:00,4.0
2019-09-19,17:00:00,2.0
2019-09-20,10:00:00,5.0
2019-09-20,18:00:00,4.0
2019-09-21,10:00:00,3.0
2019-09-21,11:00:00,2.0
2019-09-21,18:00:00,1.0
2019-09-22,10:00:00,4.0
2019-09-22,17:00:00,1.0
2019-09-23,10:00:00,1.0
2019-09-23,20:00:00,3.0
2019-09-24,10:00:00,1.0
2019-09-24,17:00:00,1.0
2019-09-25,11:00:00,3.0
2019-09-25,18:00:00,5.0
2019-09-26,17:00:00,3.0
2019-09-27,09:00:00,3.0
2019-09-27,17:00:00,3.0
2019-09-27,18:00:00,4.0
2019-09-28,10:00:00,0.0
2019-09-28,17:00:00,0.0
2019-09-29,10:00:00,5.0
2019-09-29,17:00:00,3.0
2019-09-30,09:00:00,7.0
2019-09-30,17:00:00,4.0
2019-10-01,17:00:00,3.0
2019-10-02,10:00:00,5.0
2019-10-02,17:00:00,3.0
2019-10-03,10:00:00,8.0
2019-10-03,17:00:00,6.0
2019-10-04,09:00:00,4.0
2019-10-04,17:00:00,4.0
2019-10-05,10:00:00,0.0
2019-10-05,17:00:00,1.0
2019-10-06,10:00:00,1.0
2019-10-06,17:00:00,2.0
2019-10-07,10:00:00,3.0
2019-10-07,17:00:00,4.0
2019-10-08,10:00:00,5.0
2019-10-08,17:00:00,2.0
2019-10-09,10:00:00,2.0
2019-10-10,13:00:00,2.0
2019-10-10,18:00:00,1.0
2019-10-11,13:00:00,6.0
2019-10-11,20:00:00,6.0
2019-10-12,10:00:00,2.0
2019-10-12,17:00:00,1.0
2019-10-13,10:00:00,5.0
2019-10-13,17:00:00,5.0
2019-10-14,10:00:00,5.0
2019-10-15,10:00:00,3.0
2019-10-15,17:00:00,1.0
2019-10-16,10:00:00,7.0
2019-10-16,17:00:00,7.0
2019-10-17,10:00:00,2.0
2019-10-17,17:00:00,4.0
2019-10-18,10:00:00,4.0
2019-10-18,17:00:00,7.0
2019-10-19,10:00:00,2.0
2019-10-19,17:00:00,3.0
2019-10-20,10:00:00,4.0
2019-10-20,17:00:00,3.0
2019-10-21,17:00:00,5.0
2019-10-21,18:00:00,1.0
2019-10-22,10:00:00,5.0
2019-10-23,10:00:00,0.0
2019-10-23,16:00:00,2.0
2019-10-24,10:00:00,3.0
2019-10-24,17:00:00,2.0
2019-10-25,10:00:00,1.0
2019-10-25,17:00:00,5.0
2019-10-26,10:00:00,5.0
2019-10-26,18:00:00,1.0
2019-10-27,10:00:00,5.0
2019-10-27,20:00:00,1.0
2019-10-28,20:00:00,1.0
2019-10-29,10:00:00,0.0
2019-10-29,17:00:00,0.0
2019-10-30,10:00:00,2.0
2019-10-30,19:00:00,1.0
2019-10-31,10:00:00,3.0
2019-10-31,17:00:00,1.0
2019-11-01,16:00:00,1.0
2019-11-01,17:00:00,2.0
2019-11-02,07:00:00,5.0
2019-11-02,17:00:00,3.0
2019-11-03,16:00:00,2.0
2019-11-03,17:00:00,1.0
2019-11-04,07:00:00,6.0
2019-11-04,17:00:00,2.0
2019-11-05,07:00:00,3.0
2019-11-05,17:00:00,1.0
2019-11-06,07:00:00,3.0
2019-11-07,07:00:00,2.0
2019-11-07,08:00:00,3.0
2019-11-07,17:00:00,5.0
2019-11-08,07:00:00,4.0
2019-11-08,16:00:00,4.0
2019-11-08,17:00:00,2.0
2019-11-09,07:00:00,7.0
2019-11-09,16:00:00,1.0
2019-11-10,07:00:00,2.0
2019-11-10,16:00:00,1.0
2019-11-11,17:00:00,7.0
2019-11-12,06:00:00,4.0
2019-11-12,17:00:00,4.0
2019-11-13,07:00:00,7.0
2019-11-13,16:00:00,4.0
2019-11-14,07:00:00,1.0
2019-11-14,16:00:00,2.0
2019-11-15,07:00:00,5.0
2019-11-15,16:00:00,3.0
2019-11-15,17:00:00,1.0
2019-11-16,07:00:00,2.0
2019-11-16,16:00:00,1.0
2019-11-17,07:00:00,3.0
2019-11-18,07:00:00,6.0
2019-11-18,17:00:00,4.0
2019-11-19,06:00:00,4.0
2019-11-19,16:00:00,3.0
2019-11-20,07:00:00,6.0
2019-11-20,17:00:00,2.0
2019-11-21,09:00:00,8.0
2019-11-21,17:00:00,5.0
2019-11-22,07:00:00,5.0
2019-11-22,17:00:00,6.0
2019-11-23,07:00:00,2.0
2019-11-23,17:00:00,2.0
2019-11-24,07:00:00,5.0
2019-11-24,16:00:00,3.0
2019-11-24,17:00:00,1.0
2019-11-25,07:00:00,4.0
2019-11-25,14:00:00,2.0
2019-11-25,15:00:00,3.0
2019-11-27,17:00:00,6.0
2019-11-27,18:00:00,2.0
2019-11-28,07:00:00,8.0
2019-11-28,16:00:00,4.0
2019-11-30,17:00:00,4.0
2019-12-01,09:00:00,3.0
2019-12-01,10:00:00,5.0
2019-12-01,16:00:00,7.0
2019-12-02,07:00:00,8.0
2019-12-02,16:00:00,3.0
2019-12-02,17:00:00,1.0
2019-12-03,07:00:00,5.0
2019-12-03,15:00:00,8.0
2019-12-04,07:00:00,8.0
2019-12-04,17:00:00,3.0
2019-12-04,18:00:00,2.0
2019-12-05,10:00:00,2.0
2019-12-05,11:00:00,4.0
2019-12-05,16:00:00,2.0
2019-12-05,17:00:00,2.0
2019-12-06,07:00:00,3.0
2019-12-06,16:00:00,1.0
2019-12-07,07:00:00,3.0
2019-12-07,16:00:00,2.0
2019-12-08,07:00:00,5.0
2019-12-08,16:00:00,0.0
2019-12-08,17:00:00,3.0
2019-12-09,07:00:00,3.0
2019-12-09,16:00:00,1.0
2019-12-10,07:00:00,6.0
2019-12-10,16:00:00,4.0
2019-12-11,16:00:00,8.0
2019-12-12,07:00:00,5.0
2019-12-12,08:00:00,2.0
2019-12-12,16:00:00,3.0
2019-12-12,17:00:00,1.0
2019-12-13,07:00:00,4.0
2019-12-13,14:00:00,5.0
2019-12-13,15:00:00,1.0
2019-12-14,08:00:00,4.0
2019-12-15,16:00:00,3.0
2019-12-16,07:00:00,3.0
2019-12-16,08:00:00,5.0
2019-12-16,16:00:00,2.0
2019-12-16,17:00:00,2.0
2019-12-17,07:00:00,7.0
2019-12-17,16:00:00,3.0
2019-12-18,18:00:00,0.0
2019-12-19,07:00:00,5.0
2019-12-19,16:00:00,2.0
2019-12-21,07:00:00,5.0
2019-12-21,16:00:00,1.0
2019-12-22,07:00:00,2.0
2019-12-22,16:00:00,2.0
2019-12-22,17:00:00,2.0
2019-12-23,06:00:00,1.0
2019-12-23,16:00:00,6.0
2019-12-23,17:00:00,1.0
2019-12-24,06:00:00,5.0
2019-12-24,07:00:00,2.0
2019-12-24,17:00:00,1.0
2019-12-25,06:00:00,1.0
2019-12-26,07:00:00,2.0
2019-12-26,19:00:00,2.0
2019-12-27,17:00:00,4.0
2019-12-28,19:00:00,4.0
2019-12-29,07:00:00,5.0
2019-12-29,16:00:00,2.0
2019-12-29,17:00:00,6.0
2019-12-30,07:00:00,7.0
2019-12-30,20:00:00,2.0
2019-12-31,09:00:00,7.0
2019-12-31,16:00:00,9.0
2020-01-01,07:00:00,3.0
2020-01-01,17:00:00,6.0
2020-01-02,17:00:00,4.0
2020-01-02,18:00:00,3.0
2020-01-03,07:00:00,2.0
2020-01-03,16:00:00,2.0
2020-01-03,17:00:00,2.0
2020-01-04,07:00:00,4.0
2020-01-04,08:00:00,0.0
2020-01-04,17:00:00,0.0
2020-01-05,08:00:00,5.0
2020-01-05,09:00:00,2.0
2020-01-05,17:00:00,2.0
2020-01-06,07:00:00,2.0
2020-01-06,17:00:00,0.0
2020-01-07,07:00:00,5.0
2020-01-08,11:00:00,5.0
2020-01-09,08:00:00,7.0
2020-01-10,11:00:00,1.0
2020-01-10,18:00:00,3.0
2020-01-10,19:00:00,1.0
2020-01-11,07:00:00,4.0
2020-01-11,19:00:00,1.0
2020-01-12,17:00:00,1.0
2020-01-13,07:00:00,4.0
2020-01-13,17:00:00,3.0
2020-01-14,10:00:00,1.0
2020-01-14,17:00:00,1.0
2020-01-15,08:00:00,2.0
2020-01-15,09:00:00,2.0
2020-01-15,16:00:00,2.0
2020-01-16,07:00:00,3.0
2020-01-16,17:00:00,3.0
2020-01-16,18:00:00,1.0
2020-01-17,08:00:00,2.0
2020-01-17,09:00:00,0.0
2020-01-18,17:00:00,6.0
2020-01-19,07:00:00,3.0
2020-01-19,08:00:00,1.0
2020-01-19,17:00:00,2.0
2020-01-20,07:00:00,4.0
2020-01-20,17:00:00,1.0
2020-01-21,07:00:00,2.0
2020-01-21,17:00:00,4.0
2020-01-22,19:00:00,1.0
2020-01-22,20:00:00,2.0
2020-01-23,07:00:00,3.0
2020-01-23,16:00:00,2.0
2020-01-23,17:00:00,3.0
2020-01-24,07:00:00,5.0
2020-01-24,17:00:00,3.0
2020-01-25,07:00:00,0.0
2020-01-25,17:00:00,2.0
2020-01-26,07:00:00,0.0
2020-01-26,17:00:00,2.0
2020-01-26,18:00:00,3.0
2020-01-27,07:00:00,2.0
2020-01-27,17:00:00,1.0
2020-01-28,07:00:00,2.0
2020-01-28,16:00:00,2.0
2020-01-29,07:00:00,3.0
2020-01-29,20:00:00,2.0
2020-01-29,21:00:00,2.0
2020-01-30,11:00:00,2.0
2020-01-30,16:00:00,1.0
2020-01-30,17:00:00,2.0
2020-01-31,18:00:00,6.0
2020-02-01,17:00:00,3.0
2020-02-02,07:00:00,4.0
2020-02-03,07:00:00,1.0
2020-02-04,16:00:00,2.0
2020-02-05,09:00:00,2.0
2020-02-05,10:00:00,4.0
2020-02-05,17:00:00,1.0
2020-02-06,06:00:00,3.0
2020-02-06,17:00:00,1.0
2020-02-07,17:00:00,3.0
2020-02-08,08:00:00,1.0
2020-02-09,07:00:00,3.0
2020-02-09,17:00:00,0.0
2020-02-10,09:00:00,3.0
2020-02-10,17:00:00,4.0
2020-02-11,16:00:00,3.0
2020-02-12,07:00:00,6.0
2020-02-12,17:00:00,3.0
2020-02-13,10:00:00,3.0
2020-02-13,17:00:00,5.0
2020-02-14,08:00:00,0.0
2020-02-14,17:00:00,2.0
2020-02-15,08:00:00,0.0
2020-02-15,17:00:00,0.0
2020-02-16,07:00:00,2.0
2020-02-16,17:00:00,3.0
2020-02-17,07:00:00,3.0
2020-02-17,17:00:00,3.0
2020-02-18,06:00:00,2.0
2020-02-18,16:00:00,5.0
2020-02-19,07:00:00,5.0
2020-02-19,17:00:00,2.0
2020-02-20,07:00:00,4.0
2020-02-20,17:00:00,2.0
2020-02-21,07:00:00,0.0
2020-02-21,16:00:00,2.0
2020-02-22,06:00:00,1.0
2020-02-22,07:00:00,1.0
2020-02-22,17:00:00,3.0
2020-02-22,18:00:00,1.0
2020-02-23,07:00:00,3.0
2020-02-23,17:00:00,1.0
2020-02-24,07:00:00,3.0
2020-02-24,17:00:00,1.0
2020-02-25,07:00:00,2.0
2020-02-25,08:00:00,1.0
2020-02-26,17:00:00,5.0
2020-02-27,07:00:00,3.0
2020-02-27,17:00:00,2.0
2020-02-28,07:00:00,8.0
2020-02-28,17:00:00,4.0
2020-02-29,06:00:00,2.0
2020-02-29,17:00:00,0.0
2020-03-01,07:00:00,3.0
2020-03-01,17:00:00,4.0
2020-03-02,07:00:00,2.0
2020-03-02,17:00:00,1.0
2020-03-03,07:00:00,2.0
2020-03-03,16:00:00,7.0
2020-03-04,07:00:00,2.0
2020-03-04,17:00:00,1.0
2020-03-05,07:00:00,2.0
2020-03-05,17:00:00,2.0
2020-03-06,07:00:00,6.0
2020-03-06,16:00:00,3.0
2020-03-07,06:00:00,3.0
2020-03-07,16:00:00,0.0
2020-03-08,07:00:00,4.0
2020-03-08,17:00:00,9.0
2020-03-09,17:00:00,2.0
2020-03-10,07:00:00,3.0
2020-03-10,17:00:00,6.0
2020-03-11,07:00:00,2.0
2020-03-12,07:00:00,1.0
2020-03-13,06:00:00,4.0
2020-03-14,09:00:00,1.0
2020-03-14,17:00:00,4.0
2020-03-15,07:00:00,3.0
2020-03-15,17:00:00,7.0
2020-03-16,17:00:00,2.0
2020-03-17,07:00:00,5.0
2020-03-17,17:00:00,2.0
2020-03-18,17:00:00,2.0
2020-03-19,06:00:00,0.0
2020-03-20,06:00:00,0.0
2020-03-20,17:00:00,1.0
2020-03-21,08:00:00,1.0
2020-03-21,17:00:00,4.0
2020-03-22,07:00:00,1.0
2020-03-23,07:00:00,0.0
2020-03-23,15:00:00,0.0
2020-03-24,07:00:00,1.0
2020-03-24,17:00:00,1.0
2020-03-25,07:00:00,1.0
2020-03-26,07:00:00,1.0
2020-03-27,17:00:00,1.0
2020-03-28,17:00:00,2.0
2020-03-29,17:00:00,1.0
2020-03-30,07:00:00,1.0
2020-03-31,18:00:00,0.0
2020-04-01,07:00:00,0.0
2020-04-01,17:00:00,0.0
2020-04-02,07:00:00,1.0
2020-04-03,07:00:00,1.0
2020-04-04,07:00:00,0.0
2020-04-04,17:00:00,0.0
2020-04-05,07:00:00,0.0
2020-04-05,17:00:00,0.0
2020-04-06,07:00:00,0.0
2020-04-06,17:00:00,0.0
2020-04-07,07:00:00,0.0
2020-04-07,17:00:00,0.0
2020-04-08,07:00:00,1.0
2020-04-08,17:00:00,0.0
2020-04-09,07:00:00,0.0
2020-04-09,17:00:00,0.0
2020-04-10,07:00:00,1.0
2020-04-10,17:00:00,0.0
2020-04-11,07:00:00,0.0
2020-04-11,17:00:00,0.0
2020-04-12,07:00:00,0.0
2020-04-12,17:00:00,0.0
2020-04-13,07:00:00,0.0
2020-04-13,17:00:00,0.0
2020-04-14,07:00:00,1.0
2020-04-14,18:00:00,1.0
2020-04-15,07:00:00,0.0
2020-04-15,17:00:00,0.0
2020-04-16,07:00:00,0.0
2020-04-16,17:00:00,0.0
2020-04-17,07:00:00,0.0
2020-04-17,17:00:00,0.0
2020-04-18,07:00:00,2.0
2020-04-18,17:00:00,0.0
2020-04-19,07:00:00,1.0
2020-04-19,18:00:00,0.0
2020-04-20,07:00:00,0.0
2020-04-20,17:00:00,0.0
2020-04-21,08:00:00,1.0
2020-04-21,17:00:00,0.0
2020-04-22,17:00:00,0.0
2020-04-23,07:00:00,0.0
2020-04-23,17:00:00,0.0
2020-04-24,06:00:00,1.0
2020-04-24,16:00:00,0.0
2020-04-25,16:00:00,0.0
2020-04-26,07:00:00,0.0
2020-04-26,17:00:00,0.0
2020-04-27,07:00:00,0.0
2020-04-27,17:00:00,4.0
2020-04-28,07:00:00,0.0
2020-04-28,17:00:00,1.0
2020-04-29,06:00:00,1.0
2020-04-30,07:00:00,0.0
2020-04-30,17:00:00,0.0
2020-05-01,07:00:00,0.0
2020-05-01,17:00:00,1.0
2020-05-02,07:00:00,0.0
2020-05-03,08:00:00,0.0
2020-05-03,17:00:00,0.0
2020-05-04,07:00:00,2.0
2020-05-04,17:00:00,0.0
2020-05-05,07:00:00,1.0
2020-05-05,17:00:00,0.0
2020-05-06,06:00:00,0.0
2020-05-06,16:00:00,0.0
2020-05-07,07:00:00,1.0
2020-05-07,17:00:00,0.0
2020-05-08,06:00:00,0.0
2020-05-08,16:00:00,0.0
2020-05-09,07:00:00,0.0
2020-05-10,17:00:00,1.0
2020-05-11,07:00:00,1.0
2020-05-11,17:00:00,0.0
2020-05-12,07:00:00,1.0
2020-05-13,07:00:00,0.0
2020-05-13,16:00:00,0.0
2020-05-14,07:00:00,0.0
2020-05-14,17:00:00,0.0
2020-05-15,07:00:00,2.0
2020-05-15,17:00:00,1.0
2020-05-16,07:00:00,2.0
2020-05-16,17:00:00,0.0
2020-05-17,07:00:00,1.0
2020-05-18,17:00:00,0.0
2020-05-19,07:00:00,0.0
2020-05-19,17:00:00,0.0
2020-05-21,07:00:00,2.0
2020-05-21,17:00:00,0.0
2020-05-22,07:00:00,0.0
2020-05-22,17:00:00,0.0
2020-05-23,07:00:00,0.0
2020-05-23,17:00:00,0.0
2020-05-24,07:00:00,1.0
2020-05-25,17:00:00,1.0
2020-05-26,07:00:00,2.0
2020-05-27,07:00:00,2.0
2020-05-27,17:00:00,0.0
2020-05-28,07:00:00,2.0
2020-05-28,17:00:00,0.0
2020-05-29,07:00:00,1.0
2020-05-29,17:00:00,0.0
2020-05-31,07:00:00,1.0
2020-05-31,17:00:00,3.0
2020-06-01,07:00:00,2.0
2020-06-01,17:00:00,1.0
2020-06-02,07:00:00,2.0
2020-06-03,17:00:00,2.0
2020-06-04,07:00:00,2.0
2020-06-04,17:00:00,0.0
2020-06-05,16:00:00,1.0
2020-06-06,07:00:00,0.0
2020-06-07,17:00:00,2.0
2020-06-08,07:00:00,2.0
2020-06-09,07:00:00,2.0
2020-06-10,07:00:00,1.0
2020-06-10,16:00:00,0.0
2020-06-11,07:00:00,3.0
2020-06-11,17:00:00,0.0
2020-06-12,07:00:00,1.0
2020-06-12,17:00:00,2.0
2020-06-13,07:00:00,2.0
2020-06-14,18:00:00,2.0
2020-06-15,17:00:00,0.0
2020-06-16,07:00:00,1.0
2020-06-16,17:00:00,2.0
2020-06-17,07:00:00,1.0
2020-06-17,17:00:00,2.0
2020-06-18,07:00:00,0.0
2020-06-18,17:00:00,1.0
2020-06-19,07:00:00,1.0
2020-06-19,17:00:00,1.0
2020-06-20,07:00:00,0.0
2020-06-20,17:00:00,0.0
2020-06-21,07:00:00,2.0
2020-06-21,17:00:00,1.0
2020-06-22,07:00:00,3.0
2020-06-23,07:00:00,1.0
2020-06-24,07:00:00,2.0
2020-06-24,17:00:00,1.0
2020-06-25,07:00:00,0.0
2020-06-25,17:00:00,0.0
2020-06-26,07:00:00,5.0
2020-06-26,17:00:00,2.0
2020-06-27,07:00:00,5.0
2020-06-27,17:00:00,0.0
2020-06-28,07:00:00,2.0
2020-06-28,17:00:00,2.0
2020-06-29,07:00:00,1.0
2020-06-29,17:00:00,1.0
2020-06-30,07:00:00,0.0
2020-06-30,17:00:00,0.0
2020-07-01,07:00:00,0.0
2020-07-01,18:00:00,1.0
2020-07-02,07:00:00,3.0
2020-07-02,17:00:00,5.0
2020-07-03,11:00:00,4.0
2020-07-04,07:00:00,6.0
2020-07-05,07:00:00,3.0
2020-07-06,07:00:00,4.0
2020-07-06,18:00:00,3.0
2020-07-07,07:00:00,8.0
2020-07-08,07:00:00,5.0
2020-07-08,17:00:00,10.0
2020-07-09,08:00:00,0.0
2020-07-09,17:00:00,1.0
2020-07-10,07:00:00,2.0
2020-07-10,17:00:00,4.0
2020-07-11,07:00:00,2.0
2020-07-12,07:00:00,5.0
2020-07-12,18:00:00,0.0
2020-07-13,07:00:00,2.0
2020-07-13,18:00:00,2.0
2020-07-14,08:00:00,1.0
2020-07-15,07:00:00,0.0
2020-07-15,17:00:00,2.0
2020-07-16,07:00:00,2.0
2020-07-16,17:00:00,1.0
2020-07-17,07:00:00,3.0
2020-07-17,17:00:00,3.0
2020-07-18,07:00:00,1.0
2020-07-19,08:00:00,3.0
2020-07-19,18:00:00,4.0
2020-07-20,17:00:00,6.0
2020-07-21,07:00:00,7.0
2020-07-22,07:00:00,1.0
2020-07-22,17:00:00,1.0
2020-07-23,07:00:00,4.0
2020-07-23,17:00:00,1.0
2020-07-24,07:00:00,4.0
2020-07-25,07:00:00,1.0
2020-07-26,07:00:00,4.0
2020-07-26,15:00:00,3.0
2020-07-27,07:00:00,1.0
2020-07-27,17:00:00,3.0
2020-07-28,07:00:00,4.0
2020-07-29,17:00:00,1.0
2020-07-30,11:00:00,1.0
2020-07-30,17:00:00,4.0
2020-07-31,07:00:00,2.0
2020-07-31,17:00:00,3.0
2020-08-01,07:00:00,3.0
2020-08-02,07:00:00,3.0
2020-08-02,19:00:00,3.0
2020-08-03,07:00:00,6.0
2020-08-03,17:00:00,2.0
2020-08-04,07:00:00,1.0
2020-08-05,07:00:00,4.0
2020-08-05,17:00:00,4.0
2020-08-06,07:00:00,3.0
2020-08-06,17:00:00,0.0
2020-08-07,07:00:00,2.0
2020-08-07,17:00:00,0.0
2020-08-08,07:00:00,2.0
2020-08-09,07:00:00,4.0
2020-08-09,17:00:00,3.0
2020-08-10,07:00:00,2.0
2020-08-10,17:00:00,2.0
2020-08-11,07:00:00,3.0
2020-08-12,07:00:00,1.0
2020-08-12,17:00:00,2.0
2020-08-13,17:00:00,3.0
2020-08-14,07:00:00,2.0
2020-08-14,17:00:00,2.0
2020-08-15,07:00:00,4.0
2020-08-16,07:00:00,5.0
2020-08-17,07:00:00,1.0
2020-08-17,17:00:00,1.0
2020-08-18,07:00:00,6.0
2020-08-19,07:00:00,1.0
2020-08-19,17:00:00,1.0
2020-08-20,07:00:00,3.0
2020-08-20,17:00:00,1.0
2020-08-21,07:00:00,3.0
2020-08-21,17:00:00,1.0
2020-08-22,07:00:00,3.0
2020-08-23,17:00:00,4.0
2020-08-24,07:00:00,2.0
2020-08-24,18:00:00,2.0
2020-08-25,07:00:00,0.0
2020-08-26,07:00:00,2.0
2020-08-26,17:00:00,3.0
2020-08-27,17:00:00,3.0
2020-08-28,07:00:00,1.0
2020-08-29,07:00:00,2.0
2020-08-30,07:00:00,1.0
2020-08-31,07:00:00,3.0
2020-08-31,18:00:00,1.0
2020-09-01,09:00:00,1.0
2020-09-02,07:00:00,1.0
2020-09-02,17:00:00,3.0
2020-09-03,17:00:00,3.0
2020-09-04,09:00:00,1.0
2020-09-04,17:00:00,4.0
2020-09-05,07:00:00,1.0
2020-09-06,07:00:00,3.0
2020-09-06,17:00:00,2.0
2020-09-07,07:00:00,3.0
2020-09-07,17:00:00,1.0
2020-09-08,07:00:00,2.0
2020-09-09,07:00:00,1.0
2020-09-09,17:00:00,2.0
2020-09-10,07:00:00,1.0
2020-09-10,17:00:00,2.0
2020-09-11,07:00:00,2.0
2020-09-11,17:00:00,1.0
2020-09-12,07:00:00,3.0
2020-09-13,07:00:00,3.0
2020-09-13,17:00:00,3.0
2020-09-14,07:00:00,3.0
2020-09-14,17:00:00,2.0
2020-09-15,07:00:00,3.0
2020-09-16,07:00:00,0.0
2020-09-16,17:00:00,0.0
2020-09-17,17:00:00,0.0
2020-09-18,07:00:00,6.0
2020-09-18,17:00:00,4.0
2020-09-19,07:00:00,3.0
2020-09-20,07:00:00,7.0
2020-09-21,07:00:00,3.0
2020-09-21,17:00:00,2.0
2020-09-22,07:00:00,2.0
2020-09-23,07:00:00,4.0
2020-09-23,17:00:00,2.0
2020-09-24,07:00:00,4.0
2020-09-24,17:00:00,2.0
2020-09-25,07:00:00,2.0
2020-09-25,17:00:00,3.0
2020-09-26,07:00:00,0.0
2020-09-27,07:00:00,3.0
2020-09-27,17:00:00,4.0
2020-09-28,17:00:00,2.0
2020-09-29,07:00:00,2.0
2020-09-30,07:00:00,5.0
2020-09-30,17:00:00,4.0
2020-10-01,07:00:00,2.0
2020-10-02,07:00:00,2.0
2020-10-02,17:00:00,5.0
2020-10-03,07:00:00,2.0
2020-10-04,07:00:00,3.0
2020-10-05,07:00:00,1.0
2020-10-06,08:00:00,3.0
2020-10-07,07:00:00,5.0
2020-10-07,17:00:00,3.0
2020-10-08,07:00:00,2.0
2020-10-08,17:00:00,4.0
2020-10-09,07:00:00,1.0
2020-10-09,18:00:00,3.0
2020-10-10,07:00:00,0.0
2020-10-11,07:00:00,3.0
2020-10-12,07:00:00,3.0
2020-10-13,07:00:00,2.0
2020-10-14,07:00:00,2.0
2020-10-14,17:00:00,4.0
2020-10-15,07:00:00,0.0
2020-10-15,17:00:00,0.0
2020-10-16,07:00:00,2.0
2020-10-16,17:00:00,3.0
2020-10-17,07:00:00,5.0
2020-10-17,16:00:00,1.0
2020-10-18,07:00:00,2.0
2020-10-18,17:00:00,1.0
2020-10-19,07:00:00,5.0
2020-10-19,17:00:00,2.0
2020-10-20,07:00:00,3.0
2020-10-21,07:00:00,2.0
2020-10-21,17:00:00,0.0
2020-10-22,08:00:00,1.0
2020-10-22,17:00:00,1.0
2020-10-23,17:00:00,0.0
2020-10-24,11:00:00,1.0
2020-10-26,18:00:00,5.0
2020-10-27,07:00:00,2.0
2020-10-28,07:00:00,1.0
2020-10-28,17:00:00,3.0
2020-10-29,07:00:00,5.0
2020-10-29,16:00:00,2.0
2020-10-30,07:00:00,8.0
2020-10-30,17:00:00,3.0
2020-10-31,07:00:00,7.0
2020-11-01,07:00:00,0.0
2020-11-01,17:00:00,0.0
2020-11-02,07:00:00,1.0
2020-11-02,17:00:00,1.0
2020-11-03,07:00:00,3.0
2020-11-04,07:00:00,4.0
2020-11-05,17:00:00,6.0
2020-11-06,07:00:00,2.0
2020-11-07,08:00:00,2.0
2020-11-08,08:00:00,5.0
2020-11-08,16:00:00,1.0
2020-11-09,07:00:00,6.0
2020-11-09,17:00:00,2.0
2020-11-10,07:00:00,1.0
2020-11-11,07:00:00,1.0
2020-11-11,17:00:00,2.0
2020-11-12,07:00:00,6.0
2020-11-12,17:00:00,1.0
2020-11-13,07:00:00,6.0
2020-11-13,17:00:00,3.0
2020-11-14,07:00:00,3.0
2020-11-15,15:00:00,4.0
2020-11-16,09:00:00,3.0
2020-11-16,10:00:00,2.0
2020-11-16,17:00:00,6.0
2020-11-17,07:00:00,5.0
2020-11-18,11:00:00,1.0
2020-11-18,17:00:00,5.0
2020-11-19,07:00:00,3.0
2020-11-20,07:00:00,8.0
2020-11-20,17:00:00,1.0
2020-11-21,07:00:00,3.0
2020-11-22,17:00:00,5.0
2020-11-23,07:00:00,5.0
2020-11-23,17:00:00,4.0
2020-11-24,07:00:00,2.0
2020-11-24,17:00:00,3.0
2020-11-25,07:00:00,5.0
2020-11-25,17:00:00,2.0
2020-11-25,20:00:00,1.0
2020-11-28,15:00:00,5.0
2020-11-29,08:00:00,4.0
2020-11-29,09:00:00,2.0
2020-11-30,10:00:00,3.0
2020-11-30,17:00:00,1.0
2020-12-01,07:00:00,4.0
2020-12-02,11:00:00,6.0
2020-12-03,18:00:00,5.0
2020-12-04,10:00:00,4.0
2020-12-04,17:00:00,1.0
2020-12-05,07:00:00,7.0
2020-12-06,11:00:00,2.0
2020-12-06,17:00:00,1.0
2020-12-07,09:00:00,2.0
2020-12-07,16:00:00,1.0
2020-12-07,19:00:00,3.0
2020-12-08,08:00:00,1.0
2020-12-09,07:00:00,1.0
2020-12-10,07:00:00,0.0
2020-12-10,17:00:00,0.0
2020-12-13,17:00:00,1.0
2020-12-14,07:00:00,2.0
2020-12-14,17:00:00,4.0
2020-12-15,07:00:00,0.0
2020-12-16,07:00:00,5.0
2020-12-16,17:00:00,0.0
2020-12-17,07:00:00,7.0
2020-12-17,17:00:00,1.0
2020-12-18,07:00:00,8.0
2020-12-18,17:00:00,5.0
2020-12-19,07:00:00,7.0
2020-12-20,07:00:00,2.0
2020-12-20,17:00:00,5.0
2020-12-21,07:00:00,4.0
2020-12-21,17:00:00,1.0
2020-12-22,07:00:00,4.0
2020-12-22,17:00:00,1.0
2020-12-23,07:00:00,6.0
2020-12-23,15:00:00,0.0
2020-12-24,07:00:00,5.0
2020-12-24,16:00:00,5.0
2020-12-24,20:00:00,0.0
2020-12-26,17:00:00,8.0
2020-12-27,17:00:00,5.0
2020-12-28,07:00:00,6.0
2020-12-28,17:00:00,3.0
2020-12-29,07:00:00,4.0
2020-12-30,07:00:00,4.0
2020-12-30,17:00:00,2.0
2020-12-31,07:00:00,7.0
2020-12-31,17:00:00,2.0
2021-01-02,17:00:00,3.0
2021-01-03,07:00:00,3.0
2021-01-03,16:00:00,3.0
2021-01-04,07:00:00,3.0
2021-01-04,17:00:00,4.0
2021-01-05,07:00:00,7.0
2021-01-06,07:00:00,1.0
2021-01-06,17:00:00,1.0
2021-01-07,07:00:00,5.0
2021-01-07,17:00:00,0.0
2021-01-08,07:00:00,4.0
2021-01-08,17:00:00,0.0
2021-01-09,07:00:00,5.0
2021-01-10,07:00:00,6.0
2021-01-10,17:00:00,1.0
2021-01-11,07:00:00,8.0
2021-01-11,17:00:00,1.0
2021-01-12,07:00:00,5.0
2021-01-13,07:00:00,1.0
2021-01-13,17:00:00,1.0
2021-01-14,07:00:00,1.0
2021-01-14,17:00:00,4.0
2021-01-15,07:00:00,3.0
2021-01-15,17:00:00,4.0
2021-01-16,07:00:00,5.0
2021-01-17,07:00:00,2.0
2021-01-18,07:00:00,4.0
2021-01-18,17:00:00,1.0
2021-01-19,07:00:00,3.0
2021-01-20,07:00:00,1.0
2021-01-21,07:00:00,2.0
2021-01-22,07:00:00,3.0
2021-01-22,17:00:00,5.0
2021-01-23,07:00:00,6.0
2021-01-24,07:00:00,2.0
2021-01-24,17:00:00,1.0
2021-01-25,07:00:00,2.0
2021-01-27,12:00:00,2.0
2021-01-27,18:00:00,0.0
2021-01-28,10:00:00,1.0
2021-01-29,07:00:00,0.0
2021-01-29,17:00:00,2.0
2021-01-31,07:00:00,4.0
2021-02-01,07:00:00,8.0
2021-02-02,07:00:00,5.0
2021-02-03,07:00:00,0.0
2021-02-03,16:00:00,0.0
2021-02-04,07:00:00,0.0
2021-02-04,17:00:00,0.0
2021-02-05,07:00:00,5.0
2021-02-05,17:00:00,5.0
2021-02-06,07:00:00,1.0
2021-02-08,08:00:00,5.0
2021-02-08,17:00:00,2.0
2021-02-09,17:00:00,1.0
2021-02-10,07:00:00,2.0
2021-02-10,16:00:00,2.0
2021-02-11,07:00:00,1.0
2021-02-11,17:00:00,2.0
2021-02-12,17:00:00,5.0
2021-02-13,07:00:00,3.0
2021-02-16,08:00:00,3.0
2021-02-17,07:00:00,4.0
2021-02-17,17:00:00,3.0
2021-02-18,07:00:00,7.0
2021-02-18,17:00:00,3.0
2021-02-19,07:00:00,4.0
2021-02-19,17:00:00,2.0
2021-02-20,07:00:00,5.0
2021-02-21,07:00:00,4.0
2021-02-21,19:00:00,1.0
2021-02-22,18:00:00,1.0
2021-02-23,17:00:00,0.0
2021-02-24,07:00:00,5.0
2021-02-24,17:00:00,5.0
2021-02-25,17:00:00,1.0
2021-02-26,07:00:00,6.0
2021-02-26,18:00:00,1.0
2021-02-27,11:00:00,3.0
2021-02-28,08:00:00,1.0
2021-02-28,17:00:00,2.0
2021-03-01,13:00:00,1.0
2021-03-02,10:00:00,2.0
2021-03-03,07:00:00,8.0
2021-03-04,07:00:00,4.0
2021-03-04,17:00:00,4.0
2021-03-05,07:00:00,5.0
2021-03-05,17:00:00,3.0
2021-03-06,07:00:00,5.0
2021-03-07,07:00:00,5.0
2021-03-07,17:00:00,2.0
2021-03-08,07:00:00,2.0
2021-03-08,17:00:00,1.0
2021-03-09,07:00:00,3.0
2021-03-10,07:00:00,6.0
2021-03-10,17:00:00,8.0
2021-03-11,07:00:00,4.0
2021-03-11,17:00:00,2.0
2021-03-12,07:00:00,2.0
2021-03-12,16:00:00,2.0
2021-03-15,09:00:00,7.0
2021-03-16,07:00:00,7.0
2021-03-17,07:00:00,4.0
2021-03-17,17:00:00,2.0
2021-03-18,07:00:00,4.0
2021-03-18,17:00:00,5.0
2021-03-19,07:00:00,2.0
2021-03-19,17:00:00,2.0
2021-03-20,07:00:00,5.0
2021-03-21,07:00:00,6.0
2021-03-21,17:00:00,4.0
2021-03-22,07:00:00,1.0
2021-03-22,17:00:00,4.0
2021-03-23,07:00:00,5.0
2021-03-24,07:00:00,4.0
2021-03-24,17:00:00,2.0
2021-03-25,07:00:00,4.0
2021-03-25,17:00:00,3.0
2021-03-26,07:00:00,3.0
2021-03-26,17:00:00,4.0
2021-03-27,07:00:00,6.0
2021-03-28,07:00:00,4.0
2021-03-28,17:00:00,4.0
2021-03-29,07:00:00,3.0
2021-03-29,17:00:00,2.0
2021-03-31,07:00:00,3.0
2021-03-31,17:00:00,1.0
2021-04-01,09:00:00,2.0
2021-04-01,17:00:00,3.0
2021-04-02,07:00:00,7.0
2021-04-02,17:00:00,4.0
2021-04-03,07:00:00,2.0
2021-04-04,07:00:00,4.0
2021-04-04,17:00:00,2.0
2021-04-05,07:00:00,9.0
2021-04-05,17:00:00,4.0
2021-04-06,07:00:00,5.0
2021-04-07,07:00:00,5.0
2021-04-07,17:00:00,3.0
2021-04-08,07:00:00,4.0
2021-04-08,17:00:00,6.0
2021-04-09,07:00:00,6.0
2021-04-10,07:00:00,2.0
2021-04-11,07:00:00,4.0
2021-04-11,17:00:00,3.0
2021-04-12,07:00:00,1.0
2021-04-13,07:00:00,5.0
2021-04-14,18:00:00,4.0
2021-04-15,07:00:00,0.0
2021-04-16,18:00:00,3.0
2021-04-17,07:00:00,7.0
2021-04-18,07:00:00,4.0
2021-04-18,17:00:00,2.0
2021-04-19,07:00:00,0.0
2021-04-19,17:00:00,0.0
2021-04-20,07:00:00,0.0
2021-04-21,07:00:00,5.0
2021-04-22,17:00:00,1.0
2021-04-23,07:00:00,2.0
2021-04-23,17:00:00,4.0
2021-04-24,10:00:00,7.0
2021-04-25,07:00:00,4.0
2021-04-26,07:00:00,5.0
2021-04-26,17:00:00,3.0
2021-04-27,07:00:00,7.0
2021-04-28,17:00:00,0.0
2021-04-29,07:00:00,4.0
2021-04-30,07:00:00,0.0
2021-04-30,17:00:00,0.0
2021-05-01,07:00:00,3.0
2021-05-02,07:00:00,4.0
2021-05-02,17:00:00,4.0
2021-05-03,17:00:00,2.0
2021-05-04,08:00:00,6.0
2021-05-05,17:00:00,5.0
2021-05-06,07:00:00,6.0
2021-05-06,17:00:00,1.0
2021-05-07,07:00:00,0.0
2021-05-07,17:00:00,2.0
2021-05-08,07:00:00,8.0
2021-05-09,07:00:00,2.0
2021-05-09,17:00:00,6.0
2021-05-10,07:00:00,6.0
2021-05-10,18:00:00,2.0
2021-05-10,20:00:00,1.0
2021-05-11,11:00:00,3.0
2021-05-12,07:00:00,8.0
2021-05-12,17:00:00,1.0
2021-05-13,07:00:00,1.0
2021-05-13,17:00:00,10.0
2021-05-14,07:00:00,2.0
2021-05-14,17:00:00,0.0
2021-05-15,07:00:00,2.0
2021-05-16,07:00:00,7.0
2021-05-16,18:00:00,7.0
2021-05-17,07:00:00,7.0
2021-05-17,17:00:00,4.0
2021-05-17,18:00:00,4.0
2021-05-18,07:00:00,7.0
2021-05-19,07:00:00,5.0
2021-05-19,17:00:00,2.0
2021-05-20,12:00:00,1.0
2021-05-20,17:00:00,2.0
2021-05-21,07:00:00,8.0
2021-05-21,17:00:00,1.0
2021-05-22,07:00:00,8.0
2021-05-23,07:00:00,4.0
2021-05-23,18:00:00,1.0
2021-05-24,07:00:00,8.0
2021-05-24,17:00:00,4.0
2021-05-25,07:00:00,2.0
2021-05-26,07:00:00,7.0
2021-05-26,17:00:00,4.0
2021-05-27,07:00:00,1.0
2021-05-27,17:00:00,4.0
2021-05-28,07:00:00,4.0
2021-05-28,17:00:00,2.0
2021-05-29,07:00:00,5.0
2021-05-30,07:00:00,5.0
2021-05-31,07:00:00,8.0
2021-05-31,17:00:00,8.0
2021-06-01,07:00:00,8.0
2021-06-02,07:00:00,8.0
2021-06-02,16:00:00,6.0
2021-06-03,07:00:00,5.0
2021-06-03,17:00:00,3.0
2021-06-04,07:00:00,5.0
2021-06-04,17:00:00,7.0
2021-06-05,07:00:00,0.0
2021-06-06,07:00:00,3.0
2021-06-07,07:00:00,0.0
2021-06-07,17:00:00,0.0
2021-06-08,10:00:00,8.0
2021-06-09,07:00:00,0.0
2021-06-09,17:00:00,0.0
2021-06-10,09:00:00,5.0
2021-06-10,17:00:00,3.0
2021-06-11,17:00:00,7.0
2021-06-12,08:00:00,6.0
2021-06-13,07:00:00,7.0
2021-06-13,17:00:00,4.0
2021-06-14,07:00:00,7.0
2021-06-15,07:00:00,0.0
2021-06-16,07:00:00,5.0
2021-06-16,17:00:00,5.0
2021-06-17,07:00:00,4.0
2021-06-17,17:00:00,8.0
2021-06-18,17:00:00,4.0
2021-06-19,17:00:00,0.0
2021-06-20,17:00:00,2.0
2021-06-21,08:00:00,2.0
2021-06-21,17:00:00,1.0
2021-06-22,07:00:00,7.0
2021-06-23,07:00:00,9.0
2021-06-23,17:00:00,1.0
2021-06-24,08:00:00,8.0
2021-06-24,17:00:00,4.0
2021-06-25,07:00:00,5.0
2021-06-26,09:00:00,6.0
2021-06-27,18:00:00,2.0
2021-06-28,08:00:00,2.0
2021-06-28,18:00:00,2.0
2021-06-29,07:00:00,0.0
2021-06-30,09:00:00,4.0
2021-06-30,19:00:00,1.0
2021-07-01,10:00:00,1.0
2021-07-02,07:00:00,8.0
2021-07-02,17:00:00,7.0
2021-07-03,09:00:00,3.0
2021-07-04,07:00:00,6.0
2021-07-04,17:00:00,3.0
2021-07-05,07:00:00,3.0
2021-07-05,17:00:00,2.0
2021-07-06,07:00:00,6.0
2021-07-07,07:00:00,4.0
2021-07-08,07:00:00,6.0
2021-07-09,08:00:00,6.0
2021-07-10,07:00:00,0.0
2021-07-11,17:00:00,5.0
2021-07-12,07:00:00,4.0
2021-07-12,17:00:00,2.0
2021-07-13,10:00:00,4.0
2021-07-14,07:00:00,2.0
2021-07-14,17:00:00,4.0
2021-07-15,07:00:00,6.0
2021-07-15,17:00:00,3.0
2021-07-16,07:00:00,4.0
2021-07-16,17:00:00,2.0
2021-07-17,07:00:00,2.0
2021-07-18,07:00:00,4.0
2021-07-18,17:00:00,8.0
2021-07-19,07:00:00,6.0
2021-07-19,17:00:00,3.0
2021-07-20,08:00:00,8.0
2021-07-21,17:00:00,5.0
2021-07-22,07:00:00,6.0
2021-07-22,17:00:00,3.0
2021-07-23,17:00:00,6.0
2021-07-24,09:00:00,6.0
2021-07-25,07:00:00,3.0
2021-07-25,17:00:00,9.0
2021-07-26,07:00:00,4.0
2021-07-26,19:00:00,4.0
2021-07-27,08:00:00,4.0
2021-07-28,07:00:00,2.0
2021-07-28,17:00:00,6.0
2021-07-29,07:00:00,5.0
2021-07-29,17:00:00,2.0
2021-07-30,17:00:00,6.0
2021-07-30,19:00:00,2.0
2021-07-31,07:00:00,6.0
2021-07-31,08:00:00,1.0
2021-08-01,07:00:00,4.0
2021-08-01,08:00:00,1.0
2021-08-02,17:00:00,4.0
2021-08-03,07:00:00,3.0
2021-08-04,07:00:00,6.0
2021-08-04,16:00:00,1.0
2021-08-05,07:00:00,5.0
2021-08-05,17:00:00,4.0
2021-08-06,07:00:00,3.0
2021-08-06,16:00:00,5.0
2021-08-08,07:00:00,0.0
2021-08-09,07:00:00,7.0
2021-08-10,07:00:00,0.0
2021-08-11,08:00:00,8.0
2021-08-11,17:00:00,5.0
2021-08-12,07:00:00,5.0
2021-08-12,17:00:00,2.0
2021-08-13,07:00:00,5.0
2021-08-13,17:00:00,4.0
2021-08-14,07:00:00,8.0
2021-08-15,07:00:00,6.0
2021-08-15,17:00:00,3.0
2021-08-16,07:00:00,8.0
2021-08-16,16:00:00,7.0
2021-08-17,07:00:00,7.0
2021-08-18,08:00:00,5.0
2021-08-18,17:00:00,2.0
2021-08-19,07:00:00,5.0
2021-08-20,21:00:00,2.0
2021-08-21,09:00:00,2.0
2021-08-21,12:00:00,1.0
2021-08-22,07:00:00,3.0
2021-08-22,17:00:00,3.0
2021-08-23,07:00:00,4.0
2021-08-23,16:00:00,2.0
2021-08-24,07:00:00,2.0
2021-08-25,07:00:00,4.0
2021-08-25,17:00:00,1.0
2021-08-26,07:00:00,5.0
2021-08-26,17:00:00,3.0
2021-08-27,08:00:00,7.0
2021-08-27,17:00:00,4.0
2021-08-28,07:00:00,8.0
2021-08-29,07:00:00,5.0
2021-08-29,17:00:00,7.0
2021-08-30,07:00:00,4.0
2021-08-30,17:00:00,3.0
2021-08-31,07:00:00,6.0
2021-09-01,07:00:00,6.0
2021-09-01,17:00:00,5.0
2021-09-02,07:00:00,3.0
2021-09-02,17:00:00,4.0
2021-09-03,07:00:00,4.0
2021-09-03,17:00:00,4.0
2021-09-04,07:00:00,2.0
2021-09-05,07:00:00,5.0
2021-09-05,17:00:00,5.0
2021-09-06,07:00:00,6.0
2021-09-06,17:00:00,3.0
2021-09-07,07:00:00,6.0
2021-09-08,07:00:00,6.0
2021-09-08,17:00:00,2.0
2021-09-09,07:00:00,5.0
2021-09-09,17:00:00,2.0
2021-09-10,07:00:00,7.0
2021-09-11,07:00:00,5.0
2021-09-12,07:00:00,1.0
2021-09-12,17:00:00,2.0
2021-09-13,07:00:00,3.0
2021-09-13,17:00:00,6.0
2021-09-14,07:00:00,4.0
2021-09-15,07:00:00,3.0
2021-09-15,17:00:00,4.0
2021-09-16,17:00:00,0.0
2021-09-18,07:00:00,3.0
2021-09-19,07:00:00,3.0
2021-09-20,17:00:00,5.0
2021-09-21,07:00:00,4.0
2021-09-22,07:00:00,4.0
2021-09-23,07:00:00,6.0
2021-09-23,17:00:00,3.0
2021-09-24,07:00:00,4.0
2021-09-24,17:00:00,3.0
2021-09-25,07:00:00,4.0
2021-09-26,07:00:00,8.0
2021-09-26,17:00:00,3.0
2021-09-27,07:00:00,6.0
2021-09-27,17:00:00,2.0
2021-09-28,09:00:00,2.0
2021-09-29,07:00:00,0.0
2021-09-29,17:00:00,0.0
2021-09-30,07:00:00,0.0
2021-09-30,17:00:00,4.0
2021-10-01,07:00:00,8.0
2021-10-01,17:00:00,3.0
2021-10-02,07:00:00,4.0
2021-10-03,17:00:00,2.0
2021-10-04,07:00:00,3.0
2021-10-05,07:00:00,0.0
2021-10-06,10:00:00,2.0
2021-10-06,17:00:00,3.0
2021-10-07,07:00:00,3.0
2021-10-07,17:00:00,4.0
2021-10-08,07:00:00,3.0
2021-10-08,17:00:00,3.0
2021-10-09,07:00:00,1.0
2021-10-10,07:00:00,8.0
2021-10-10,17:00:00,2.0
2021-10-11,07:00:00,5.0
2021-10-11,17:00:00,4.0
2021-10-12,07:00:00,3.0
2021-10-13,08:00:00,4.0
2021-10-13,17:00:00,3.0
2021-10-14,08:00:00,1.0
2021-10-14,19:00:00,6.0
2021-10-15,07:00:00,0.0
2021-10-15,17:00:00,2.0
2021-10-16,07:00:00,3.0
2021-10-17,07:00:00,5.0
2021-10-17,17:00:00,2.0
2021-10-18,07:00:00,4.0
2021-10-18,17:00:00,2.0
2021-10-19,07:00:00,0.0
2021-10-20,17:00:00,6.0
2021-10-21,07:00:00,4.0
2021-10-21,17:00:00,1.0
2021-10-22,07:00:00,4.0
2021-10-22,17:00:00,2.0
2021-10-23,07:00:00,3.0
2021-10-24,07:00:00,5.0
2021-10-25,07:00:00,0.0
2021-10-25,17:00:00,0.0
2021-10-26,07:00:00,0.0
2021-10-27,09:00:00,6.0
2021-10-28,11:00:00,2.0
2021-10-28,18:00:00,3.0
2021-10-29,07:00:00,4.0
2021-10-29,17:00:00,0.0
2021-10-30,07:00:00,3.0
2021-10-31,07:00:00,8.0
2021-10-31,17:00:00,1.0
2021-11-01,07:00:00,3.0
2021-11-01,16:00:00,1.0
2021-11-02,07:00:00,4.0
2021-11-03,07:00:00,4.0
2021-11-03,17:00:00,1.0
2021-11-04,07:00:00,5.0
2021-11-04,17:00:00,3.0
2021-11-05,07:00:00,4.0
2021-11-05,17:00:00,2.0
2021-11-06,07:00:00,4.0
2021-11-07,17:00:00,3.0
2021-11-08,18:00:00,3.0
2021-11-09,08:00:00,0.0
2021-11-10,18:00:00,3.0
2021-11-11,07:00:00,6.0
2021-11-11,17:00:00,3.0
2021-11-12,07:00:00,7.0
2021-11-12,17:00:00,2.0
2021-11-13,07:00:00,8.0
2021-11-14,07:00:00,0.0
2021-11-14,16:00:00,2.0
2021-11-15,07:00:00,5.0
2021-11-15,17:00:00,1.0
2021-11-16,07:00:00,1.0
2021-11-17,07:00:00,7.0
2021-11-17,18:00:00,1.0
2021-11-18,17:00:00,2.0
2021-11-19,07:00:00,8.0
2021-11-19,17:00:00,5.0
2021-11-20,07:00:00,8.0
2021-11-21,18:00:00,5.0
2021-11-22,07:00:00,6.0
2021-11-22,17:00:00,2.0
2021-11-23,07:00:00,5.0
2021-11-23,17:00:00,6.0
2021-11-24,14:00:00,0.0
2021-11-26,17:00:00,5.0
2021-11-27,07:00:00,6.0
2021-11-27,17:00:00,6.0
2021-11-28,07:00:00,4.0
2021-11-28,17:00:00,7.0
2021-11-29,07:00:00,4.0
2021-11-29,17:00:00,3.0
2021-11-30,07:00:00,0.0
2021-12-01,07:00:00,5.0
2021-12-01,19:00:00,3.0
2021-12-02,07:00:00,3.0
2021-12-02,18:00:00,6.0
2021-12-03,07:00:00,6.0
2021-12-03,17:00:00,0.0
2021-12-04,07:00:00,7.0
2021-12-05,07:00:00,2.0
2021-12-06,07:00:00,7.0
2021-12-06,17:00:00,2.0
2021-12-07,07:00:00,3.0
2021-12-08,08:00:00,4.0
2021-12-09,07:00:00,7.0
2021-12-10,07:00:00,0.0
2021-12-10,17:00:00,0.0
2021-12-11,11:00:00,2.0
2021-12-12,07:00:00,3.0
2021-12-12,20:00:00,2.0
2021-12-13,18:00:00,2.0
2021-12-14,07:00:00,6.0
2021-12-15,07:00:00,0.0
2021-12-16,17:00:00,7.0
2021-12-17,07:00:00,3.0
2021-12-17,17:00:00,4.0
2021-12-18,07:00:00,7.0
2021-12-19,07:00:00,5.0
2021-12-19,17:00:00,7.0
2021-12-20,07:00:00,1.0
2021-12-20,17:00:00,3.0
2021-12-21,07:00:00,2.0
2021-12-21,17:00:00,2.0
2021-12-22,07:00:00,5.0
2021-12-22,17:00:00,3.0
2021-12-23,07:00:00,7.0
2021-12-23,16:00:00,2.0
2021-12-24,07:00:00,1.0
2021-12-24,11:00:00,4.0
2021-12-24,15:00:00,1.0
2021-12-25,15:00:00,0.0
2021-12-26,17:00:00,10.0
2021-12-27,07:00:00,8.0
2021-12-27,17:00:00,7.0
2021-12-28,07:00:00,4.0
2021-12-29,07:00:00,2.0
2021-12-29,18:00:00,1.0
2021-12-30,07:00:00,4.0
2021-12-30,18:00:00,2.0
2021-12-31,07:00:00,4.0
2021-12-31,11:00:00,2.0
2021-12-31,15:00:00,1.0
2022-01-01,07:00:00,0.0
2022-01-02,17:00:00,3.0
2022-01-03,07:00:00,3.0
2022-01-03,17:00:00,4.0
2022-01-04,07:00:00,3.0
2022-01-05,07:00:00,2.0
2022-01-06,18:00:00,4.0
2022-01-07,08:00:00,8.0
2022-01-08,07:00:00,3.0
2022-01-09,17:00:00,3.0
2022-01-10,17:00:00,5.0
2022-01-11,06:00:00,2.0
2022-01-12,07:00:00,4.0
2022-01-12,17:00:00,1.0
2022-01-13,07:00:00,3.0
2022-01-13,17:00:00,3.0
2022-01-14,17:00:00,1.0
2022-01-15,07:00:00,2.0
2022-01-16,07:00:00,3.0
2022-01-16,17:00:00,2.0
2022-01-17,07:00:00,2.0
2022-01-17,17:00:00,3.0
2022-01-18,07:00:00,5.0
2022-01-19,18:00:00,2.0
2022-01-20,16:00:00,1.0
2022-01-21,19:00:00,3.0
2022-01-22,07:00:00,1.0
2022-01-23,18:00:00,2.0
2022-01-24,07:00:00,6.0
2022-01-25,07:00:00,2.0
2022-01-26,16:00:00,0.0
2022-01-27,08:00:00,2.0
2022-01-28,17:00:00,2.0
2022-01-29,07:00:00,1.0
2022-01-30,07:00:00,1.0
2022-01-31,07:00:00,1.0
2022-02-01,07:00:00,0.0
2022-02-02,10:00:00,1.0
2022-02-02,17:00:00,2.0
2022-02-03,17:00:00,1.0
2022-02-04,07:00:00,4.0
2022-02-04,17:00:00,2.0
2022-02-05,07:00:00,6.0
2022-02-06,07:00:00,5.0
2022-02-06,17:00:00,2.0
2022-02-07,07:00:00,1.0
2022-02-07,18:00:00,2.0
2022-02-08,07:00:00,4.0
2022-02-09,05:00:00,1.0
2022-02-10,17:00:00,3.0
2022-02-11,07:00:00,3.0
2022-02-11,18:00:00,1.0
2022-02-12,07:00:00,6.0
2022-02-13,07:00:00,3.0
2022-02-13,17:00:00,3.0
2022-02-14,17:00:00,3.0
2022-02-15,07:00:00,3.0
2022-02-16,07:00:00,5.0
2022-02-17,07:00:00,5.0
2022-02-18,07:00:00,3.0
2022-02-18,17:00:00,1.0
2022-02-19,07:00:00,3.0
2022-02-20,07:00:00,1.0
2022-02-20,17:00:00,2.0
2022-02-21,07:00:00,4.0
2022-02-21,17:00:00,2.0
2022-02-22,07:00:00,2.0
2022-02-23,17:00:00,3.0
2022-02-24,17:00:00,1.0
2022-02-25,07:00:00,2.0
2022-02-25,17:00:00,1.0
2022-02-26,07:00:00,0.0
2022-02-27,07:00:00,1.0
2022-02-28,17:00:00,2.0
2022-03-01,07:00:00,0.0
2022-03-02,07:00:00,5.0
2022-03-02,17:00:00,2.0
2022-03-03,07:00:00,1.0
2022-03-03,17:00:00,2.0
2022-03-04,07:00:00,1.0
2022-03-04,17:00:00,1.0
2022-03-05,07:00:00,3.0
2022-03-06,17:00:00,2.0
2022-03-07,17:00:00,2.0
2022-03-08,07:00:00,5.0
2022-03-09,07:00:00,0.0
2022-03-10,17:00:00,5.0
2022-03-11,07:00:00,4.0
2022-03-11,16:00:00,2.0
2022-03-12,07:00:00,4.0
2022-03-13,09:00:00,3.0
2022-03-14,07:00:00,3.0
2022-03-14,18:00:00,1.0
2022-03-15,07:00:00,3.0
2022-03-16,07:00:00,1.0
2022-03-16,17:00:00,2.0
2022-03-17,17:00:00,2.0
2022-03-18,07:00:00,3.0
2022-03-18,17:00:00,2.0
2022-03-19,10:00:00,2.0
2022-03-20,07:00:00,3.0
2022-03-21,17:00:00,0.0
2022-03-22,07:00:00,3.0
2022-03-23,17:00:00,2.0
2022-03-24,17:00:00,2.0
2022-03-25,17:00:00,2.0
2022-03-26,07:00:00,3.0
2022-03-27,07:00:00,1.0
2022-03-28,17:00:00,2.0
2022-03-29,07:00:00,6.0
2022-03-30,17:00:00,1.0
2022-03-31,17:00:00,2.0
2022-04-01,18:00:00,4.0
2022-04-02,07:00:00,2.0
2022-04-03,07:00:00,1.0
2022-04-04,07:00:00,0.0
2022-04-04,17:00:00,2.0
2022-04-05,07:00:00,1.0
2022-04-05,12:00:00,8.0
2022-04-06,17:00:00,3.0
2022-04-07,07:00:00,3.0
2022-04-08,07:00:00,2.0
2022-04-08,17:00:00,4.0
2022-04-09,07:00:00,2.0
2022-04-10,07:00:00,0.0
2022-04-11,07:00:00,1.0
2022-04-12,07:00:00,2.0
2022-04-13,07:00:00,2.0
2022-04-13,17:00:00,2.0
2022-04-14,08:00:00,4.0
2022-04-14,15:00:00,1.0
2022-04-15,07:00:00,4.0
2022-04-15,17:00:00,4.0
2022-04-16,07:00:00,2.0
2022-04-17,17:00:00,2.0
2022-04-18,17:00:00,1.0
2022-04-19,07:00:00,5.0
2022-04-20,07:00:00,5.0
2022-04-20,17:00:00,4.0
2022-04-21,07:00:00,2.0
2022-04-21,17:00:00,1.0
2022-04-22,07:00:00,2.0
2022-04-24,07:00:00,4.0
2022-04-24,16:00:00,0.0
2022-04-25,07:00:00,2.0
2022-04-26,07:00:00,5.0
2022-04-27,07:00:00,6.0
2022-04-28,18:00:00,4.0
2022-04-29,07:00:00,1.0
2022-04-29,17:00:00,5.0
2022-04-30,07:00:00,2.0
2022-05-01,07:00:00,4.0
2022-05-01,17:00:00,2.0
2022-05-02,07:00:00,1.0
2022-05-02,17:00:00,3.0
2022-05-03,07:00:00,5.0
2022-05-04,07:00:00,4.0
2022-05-04,17:00:00,3.0
2022-05-05,07:00:00,2.0
2022-05-05,17:00:00,2.0
2022-05-06,07:00:00,3.0
2022-05-06,17:00:00,1.0
2022-05-07,07:00:00,1.0
2022-05-08,07:00:00,3.0
2022-05-08,17:00:00,4.0
2022-05-09,07:00:00,4.0
2022-05-09,17:00:00,1.0
2022-05-10,07:00:00,3.0
2022-05-11,07:00:00,4.0
2022-05-11,17:00:00,5.0
2022-05-12,07:00:00,4.0
2022-05-12,16:00:00,1.0
2022-05-13,07:00:00,7.0
2022-05-13,17:00:00,0.0
2022-05-14,07:00:00,8.0
2022-05-15,07:00:00,6.0
2022-05-16,07:00:00,5.0
2022-05-16,17:00:00,1.0
2022-05-17,07:00:00,12.0
2022-05-18,07:00:00,1.0
2022-05-18,17:00:00,1.0
2022-05-19,07:00:00,3.0
2022-05-19,17:00:00,1.0
2022-05-20,07:00:00,4.0
2022-05-22,07:00:00,4.0
2022-05-22,17:00:00,2.0
2022-05-23,07:00:00,5.0
2022-05-23,17:00:00,4.0
2022-05-24,07:00:00,4.0
2022-05-25,07:00:00,4.0
2022-05-25,17:00:00,4.0
2022-05-27,07:00:00,4.0
2022-05-27,17:00:00,1.0
2022-05-28,07:00:00,2.0
2022-05-29,07:00:00,1.0
2022-05-30,07:00:00,4.0
2022-05-30,17:00:00,2.0
2022-05-31,07:00:00,8.0
2022-06-01,10:00:00,4.0
2022-06-01,17:00:00,4.0
2022-06-02,10:00:00,6.0
2022-06-02,17:00:00,1.0
2022-06-03,09:00:00,5.0
2022-06-04,10:00:00,0.0
2022-06-05,07:00:00,2.0
2022-06-05,18:00:00,3.0
2022-06-06,10:00:00,7.0
2022-06-07,12:00:00,4.0
2022-06-08,11:00:00,5.0
2022-06-09,10:00:00,1.0
2022-06-10,07:00:00,0.0
2022-06-10,17:00:00,2.0
2022-06-11,10:00:00,6.0
2022-06-12,10:00:00,5.0
2022-06-12,18:00:00,1.0
2022-06-13,10:00:00,5.0
2022-06-13,17:00:00,2.0
2022-06-14,10:00:00,4.0
2022-06-15,10:00:00,5.0
2022-06-15,17:00:00,3.0
2022-06-16,10:00:00,4.0
2022-06-16,18:00:00,2.0
2022-06-17,10:00:00,5.0
2022-06-17,17:00:00,1.0
2022-06-19,11:00:00,5.0
2022-06-20,10:00:00,4.0
2022-06-20,17:00:00,2.0
2022-06-21,12:00:00,5.0
2022-06-22,10:00:00,4.0
2022-06-22,17:00:00,4.0
2022-06-23,10:00:00,6.0
2022-06-23,17:00:00,1.0
2022-06-24,10:00:00,7.0
2022-06-24,17:00:00,2.0
2022-06-25,10:00:00,1.0
2022-06-26,10:00:00,1.0
2022-06-26,17:00:00,2.0
2022-06-27,10:00:00,4.0
2022-06-27,17:00:00,1.0
2022-06-28,10:00:00,9.0
2022-06-29,10:00:00,2.0
2022-06-30,10:00:00,3.0
2022-06-30,17:00:00,5.0
2022-07-01,10:00:00,3.0
2022-07-01,17:00:00,1.0
2022-07-03,10:00:00,0.0
2022-07-03,17:00:00,0.0
2022-07-04,10:00:00,3.0
2022-07-04,17:00:00,1.0
2022-07-05,10:00:00,8.0
2022-07-06,10:00:00,6.0
2022-07-07,10:00:00,6.0
2022-07-07,17:00:00,2.0
2022-07-08,17:00:00,4.0
2022-07-09,10:00:00,3.0
2022-07-10,10:00:00,0.0
2022-07-10,17:00:00,7.0
2022-07-11,17:00:00,4.0
2022-07-12,10:00:00,6.0
2022-07-13,10:00:00,4.0
2022-07-13,17:00:00,4.0
2022-07-14,10:00:00,2.0
2022-07-14,18:00:00,3.0
2022-07-15,10:00:00,2.0
2022-07-15,17:00:00,2.0
2022-07-16,10:00:00,5.0
2022-07-17,10:00:00,1.0
2022-07-17,17:00:00,2.0
2022-07-18,10:00:00,9.0
2022-07-19,10:00:00,2.0
2022-07-20,09:00:00,2.0
2022-07-20,17:00:00,5.0
2022-07-21,10:00:00,5.0
2022-07-21,18:00:00,1.0
2022-07-22,10:00:00,2.0
2022-07-22,17:00:00,2.0
2022-07-23,10:00:00,3.0
2022-07-24,10:00:00,1.0
2022-07-24,17:00:00,1.0
2022-07-25,10:00:00,4.0
2022-07-25,17:00:00,3.0
2022-07-26,10:00:00,5.0
2022-07-27,10:00:00,7.0
2022-07-27,17:00:00,1.0
2022-07-28,09:00:00,2.0
2022-07-28,18:00:00,2.0
2022-07-29,10:00:00,1.0
2022-07-30,11:00:00,0.0
2022-07-31,10:00:00,6.0
2022-07-31,17:00:00,2.0
2022-08-01,10:00:00,2.0
2022-08-01,17:00:00,3.0
2022-08-02,10:00:00,5.0
2022-08-03,09:00:00,3.0
2022-08-04,10:00:00,3.0
2022-08-05,10:00:00,3.0
2022-08-05,16:00:00,0.0
2022-08-06,10:00:00,0.0
2022-08-07,09:00:00,7.0
2022-08-07,17:00:00,5.0
2022-08-08,09:00:00,4.0
2022-08-08,17:00:00,3.0
2022-08-09,10:00:00,3.0
2022-08-10,10:00:00,1.0
2022-08-10,18:00:00,1.0
2022-08-11,10:00:00,5.0
2022-08-12,10:00:00,2.0
2022-08-12,17:00:00,4.0
2022-08-13,10:00:00,3.0
2022-08-14,10:00:00,5.0
2022-08-14,17:00:00,2.0
2022-08-15,10:00:00,7.0
2022-08-15,18:00:00,5.0
2022-08-16,12:00:00,1.0
2022-08-17,10:00:00,8.0
2022-08-17,19:00:00,2.0
2022-08-18,12:00:00,4.0
2022-08-18,18:00:00,1.0
2022-08-19,10:00:00,3.0
2022-08-19,17:00:00,2.0
2022-08-20,10:00:00,1.0
2022-08-21,10:00:00,4.0
2022-08-21,17:00:00,2.0
2022-08-22,10:00:00,5.0
2022-08-23,10:00:00,5.0
2022-08-24,09:00:00,0.0
2022-08-24,17:00:00,3.0
2022-08-25,10:00:00,0.0
2022-08-25,17:00:00,1.0
2022-08-26,11:00:00,1.0
2022-08-26,18:00:00,0.0
2022-08-27,10:00:00,3.0
2022-08-28,10:00:00,2.0
2022-08-28,17:00:00,1.0
2022-08-29,10:00:00,0.0
2022-08-29,17:00:00,3.0
2022-08-30,10:00:00,2.0
2022-08-31,10:00:00,1.0
2022-08-31,20:00:00,1.0
2022-09-01,19:00:00,2.0
2022-09-02,10:00:00,2.0
2022-09-02,17:00:00,1.0
2022-09-03,10:00:00,5.0
2022-09-04,10:00:00,6.0
2022-09-04,17:00:00,2.0
2022-09-05,10:00:00,4.0
2022-09-05,17:00:00,4.0
2022-09-06,10:00:00,3.0
2022-09-07,10:00:00,7.0
2022-09-07,17:00:00,0.0
2022-09-08,10:00:00,3.0
2022-09-08,18:00:00,1.0
2022-09-09,10:00:00,1.0
2022-09-09,17:00:00,1.0
2022-09-10,10:00:00,1.0
2022-09-11,10:00:00,4.0
2022-09-11,17:00:00,1.0
2022-09-12,10:00:00,3.0
2022-09-12,17:00:00,1.0
2022-09-13,10:00:00,4.0
2022-09-14,10:00:00,7.0
2022-09-15,10:00:00,1.0
2022-09-15,17:00:00,3.0
2022-09-16,10:00:00,4.0
2022-09-17,10:00:00,0.0
2022-09-18,10:00:00,1.0
2022-09-18,17:00:00,1.0
2022-09-19,10:00:00,5.0
2022-09-19,17:00:00,2.0
2022-09-20,10:00:00,3.0
2022-09-21,10:00:00,4.0
2022-09-21,17:00:00,0.0
2022-09-22,10:00:00,3.0
2022-09-22,17:00:00,0.0
2022-09-23,09:00:00,2.0
2022-09-23,17:00:00,0.0
2022-09-24,10:00:00,4.0
2022-09-25,10:00:00,3.0
2022-09-25,17:00:00,1.0
2022-09-26,10:00:00,7.0
2022-09-26,17:00:00,2.0
2022-09-27,10:00:00,6.0
2022-09-28,10:00:00,3.0
2022-09-28,18:00:00,0.0
2022-09-29,10:00:00,3.0
2022-09-29,17:00:00,0.0
2022-09-30,11:00:00,5.0
2022-09-30,17:00:00,2.0
2022-10-01,11:00:00,1.0
2022-10-02,11:00:00,3.0
2022-10-03,10:00:00,9.0
2022-10-03,17:00:00,4.0
2022-10-04,15:00:00,0.0
2022-10-05,10:00:00,3.0
2022-10-05,18:00:00,1.0
2022-10-06,10:00:00,2.0
2022-10-06,17:00:00,1.0
2022-10-07,11:00:00,2.0
2022-10-07,19:00:00,1.0
2022-10-08,13:00:00,0.0
2022-10-09,10:00:00,4.0
2022-10-09,17:00:00,3.0
2022-10-10,10:00:00,5.0
2022-10-11,10:00:00,6.0
2022-10-12,10:00:00,0.0
2022-10-12,17:00:00,1.0
2022-10-13,10:00:00,0.0
2022-10-13,17:00:00,3.0
2022-10-14,10:00:00,0.0
2022-10-14,17:00:00,2.0
2022-10-15,10:00:00,5.0
2022-10-16,10:00:00,0.0
2022-10-16,17:00:00,0.0
2022-10-17,10:00:00,9.0
2022-10-17,11:00:00,1.0
2022-10-18,10:00:00,3.0
2022-10-19,10:00:00,1.0
2022-10-19,17:00:00,1.0
2022-10-20,10:00:00,1.0
2022-10-20,17:00:00,1.0
2022-10-21,10:00:00,4.0
2022-10-22,10:00:00,4.0
2022-10-23,10:00:00,5.0
2022-10-24,10:00:00,3.0
2022-10-25,13:00:00,3.0
2022-10-26,10:00:00,3.0
2022-10-26,15:00:00,2.0
2022-10-27,10:00:00,1.0
2022-10-27,17:00:00,2.0
2022-10-28,10:00:00,0.0
2022-10-28,17:00:00,1.0
2022-10-29,10:00:00,2.0
2022-10-30,10:00:00,4.0
2022-10-30,17:00:00,1.0
2022-10-31,10:00:00,1.0
2022-11-01,10:00:00,2.0
2022-11-02,10:00:00,1.0
2022-11-02,17:00:00,0.0
2022-11-03,10:00:00,3.0
2022-11-03,17:00:00,1.0
2022-11-04,10:00:00,7.0
2022-11-04,17:00:00,0.0
2022-11-05,10:00:00,2.0
2022-11-06,10:00:00,3.0
2022-11-06,17:00:00,3.0
2022-11-07,10:00:00,7.0
2022-11-08,10:00:00,3.0
2022-11-09,10:00:00,5.0
2022-11-09,17:00:00,1.0
2022-11-10,10:00:00,1.0
2022-11-11,10:00:00,5.0
2022-11-11,16:00:00,2.0
2022-11-12,12:00:00,5.0
2022-11-13,10:00:00,3.0
2022-11-13,17:00:00,5.0
2022-11-14,10:00:00,1.0
2022-11-14,17:00:00,0.0
2022-11-15,17:00:00,2.0
2022-11-16,10:00:00,7.0
2022-11-16,17:00:00,3.0
2022-11-17,11:00:00,2.0
2022-11-18,11:00:00,3.0
2022-11-18,17:00:00,4.0
2022-11-19,10:00:00,3.0
2022-11-20,10:00:00,8.0
2022-11-20,17:00:00,2.0
2022-11-21,10:00:00,5.0
2022-11-21,17:00:00,2.0
2022-11-22,10:00:00,5.0
2022-11-23,10:00:00,5.0
2022-11-23,17:00:00,1.0
2022-11-24,10:00:00,0.0
2022-11-25,10:00:00,2.0
2022-11-26,10:00:00,3.0
2022-11-27,10:00:00,1.0
2022-11-27,17:00:00,4.0
2022-11-28,10:00:00,6.0
2022-11-28,18:00:00,3.0
2022-11-29,10:00:00,0.0
2022-11-29,17:00:00,0.0
2022-11-30,10:00:00,3.0
2022-11-30,17:00:00,0.0
2022-12-01,07:00:00,7.0
2022-12-01,17:00:00,1.0
2022-12-02,07:00:00,4.0
2022-12-02,18:00:00,3.0
2022-12-03,07:00:00,4.0
2022-12-03,17:00:00,0.0
2022-12-04,07:00:00,4.0
2022-12-04,17:00:00,3.0
2022-12-05,07:00:00,5.0
2022-12-05,17:00:00,3.0
2022-12-06,17:00:00,1.0
2022-12-07,17:00:00,1.0
2022-12-08,13:00:00,2.0
2022-12-08,18:00:00,3.0
2022-12-09,07:00:00,3.0
2022-12-10,07:00:00,6.0
2022-12-10,17:00:00,1.0
2022-12-11,07:00:00,4.0
2022-12-12,08:00:00,9.0
2022-12-14,17:00:00,3.0
2022-12-15,07:00:00,9.0
2022-12-15,19:00:00,1.0
2022-12-16,10:00:00,9.0
2022-12-16,18:00:00,1.0
2022-12-17,07:00:00,3.0
2022-12-18,07:00:00,7.0
2022-12-18,18:00:00,0.0
2022-12-19,07:00:00,3.0
2022-12-20,11:00:00,2.0
2022-12-20,17:00:00,6.0
2022-12-21,17:00:00,0.0
2022-12-22,10:00:00,4.0
2022-12-22,19:00:00,2.0
2022-12-23,08:00:00,2.0
2022-12-23,17:00:00,2.0
2022-12-24,07:00:00,3.0
2022-12-24,17:00:00,0.0
2022-12-25,17:00:00,2.0
2022-12-26,07:00:00,5.0
2022-12-26,17:00:00,2.0
2022-12-27,17:00:00,6.0
2022-12-28,19:00:00,4.0
2022-12-29,10:00:00,3.0
2022-12-29,17:00:00,5.0
2022-12-30,08:00:00,8.0
2022-12-30,17:00:00,1.0
2022-12-31,07:00:00,2.0
2022-12-31,17:00:00,0.0
2023-01-01,07:00:00,0.0
2023-01-01,17:00:00,0.0
2023-01-02,07:00:00,5.0
2023-01-03,17:00:00,8.0
2023-01-04,07:00:00,2.0
2023-01-05,07:00:00,9.0
2023-01-05,17:00:00,2.0
2023-01-06,08:00:00,5.0
2023-01-06,17:00:00,0.0
2023-01-07,07:00:00,3.0
2023-01-07,17:00:00,0.0
2023-01-08,07:00:00,4.0
2023-01-08,17:00:00,0.0
2023-01-09,07:00:00,7.0
2023-01-09,17:00:00,5.0
2023-01-10,17:00:00,3.0
2023-01-11,17:00:00,1.0
2023-01-12,07:00:00,4.0
2023-01-12,17:00:00,1.0
2023-01-13,08:00:00,2.0
2023-01-13,17:00:00,0.0
2023-01-14,17:00:00,2.0
2023-01-15,07:00:00,6.0
2023-01-15,17:00:00,0.0
2023-01-16,07:00:00,4.0
2023-01-16,17:00:00,1.0
2023-01-17,06:00:00,1.0
2023-01-17,17:00:00,0.0
2023-01-19,17:00:00,2.0
2023-01-20,08:00:00,9.0
2023-01-20,17:00:00,1.0
2023-01-21,07:00:00,1.0
2023-01-21,17:00:00,2.0
2023-01-22,07:00:00,3.0
2023-01-22,17:00:00,2.0
2023-01-23,07:00:00,7.0
2023-01-23,17:00:00,2.0
2023-01-24,17:00:00,3.0
2023-01-25,17:00:00,1.0
2023-01-26,07:00:00,6.0
2023-01-26,17:00:00,2.0
2023-01-27,08:00:00,2.0
2023-01-27,17:00:00,2.0
2023-01-28,07:00:00,2.0
2023-01-28,17:00:00,0.0
2023-01-29,07:00:00,0.0
2023-01-29,17:00:00,7.0
2023-01-30,07:00:00,4.0
2023-01-30,17:00:00,2.0
2023-01-31,17:00:00,1.0
2023-02-01,17:00:00,2.0
2023-02-02,07:00:00,9.0
2023-02-03,07:00:00,2.0
2023-02-04,07:00:00,9.0
2023-02-04,17:00:00,3.0
2023-02-05,07:00:00,4.0
2023-02-05,17:00:00,0.0
2023-02-06,07:00:00,4.0
2023-02-06,17:00:00,1.0
2023-02-07,17:00:00,1.0
2023-02-08,17:00:00,2.0
2023-02-09,08:00:00,5.0
2023-02-09,17:00:00,0.0
2023-02-10,07:00:00,5.0
2023-02-10,17:00:00,0.0
2023-02-11,07:00:00,4.0
2023-02-11,17:00:00,0.0
2023-02-12,07:00:00,1.0
2023-02-12,17:00:00,0.0
2023-02-13,07:00:00,9.0
2023-02-13,17:00:00,4.0
2023-02-14,17:00:00,2.0
2023-02-15,17:00:00,0.0
2023-02-16,07:00:00,4.0
2023-02-16,17:00:00,4.0
2023-02-17,07:00:00,3.0
2023-02-17,17:00:00,2.0
2023-02-18,07:00:00,8.0
2023-02-18,17:00:00,0.0
2023-02-19,07:00:00,4.0
2023-02-19,17:00:00,2.0
2023-02-20,07:00:00,0.0
2023-02-20,17:00:00,1.0
2023-02-21,17:00:00,0.0
2023-02-22,18:00:00,1.0
2023-02-23,07:00:00,3.0
2023-02-23,17:00:00,2.0
2023-02-24,08:00:00,2.0
2023-02-24,18:00:00,0.0
2023-02-25,07:00:00,4.0
2023-02-25,17:00:00,1.0
2023-02-26,07:00:00,3.0
2023-02-26,17:00:00,1.0
2023-02-27,07:00:00,8.0
2023-02-27,17:00:00,2.0
2023-02-28,17:00:00,4.0
2023-03-01,16:00:00,0.0
2023-03-02,09:00:00,8.0
2023-03-02,17:00:00,1.0
2023-03-03,07:00:00,3.0
2023-03-03,17:00:00,1.0
2023-03-04,07:00:00,6.0
2023-03-04,17:00:00,0.0
2023-03-05,07:00:00,6.0
2023-03-05,17:00:00,0.0
2023-03-06,07:00:00,4.0
2023-03-06,17:00:00,0.0
2023-03-07,17:00:00,6.0
2023-03-08,17:00:00,4.0
2023-03-09,07:00:00,7.0
2023-03-09,17:00:00,2.0
2023-03-10,07:00:00,5.0
2023-03-10,17:00:00,7.0
2023-03-11,08:00:00,5.0
2023-03-11,17:00:00,0.0
2023-03-12,07:00:00,5.0
2023-03-12,17:00:00,0.0
2023-03-13,07:00:00,6.0
2023-03-13,17:00:00,1.0
2023-03-14,17:00:00,3.0
2023-03-15,17:00:00,9.0
2023-03-16,17:00:00,0.0
2023-03-17,07:00:00,3.0
2023-03-17,17:00:00,3.0
2023-03-18,07:00:00,3.0
2023-03-18,17:00:00,0.0
2023-03-19,07:00:00,3.0
2023-03-19,17:00:00,6.0
2023-03-20,07:00:00,5.0
2023-03-20,17:00:00,1.0
2023-03-21,17:00:00,4.0
2023-03-22,17:00:00,6.0
2023-03-23,07:00:00,8.0
2023-03-23,17:00:00,4.0
2023-03-24,07:00:00,7.0
2023-03-24,17:00:00,0.0
2023-03-25,07:00:00,6.0
2023-03-25,17:00:00,2.0
2023-03-26,07:00:00,0.0
2023-03-26,17:00:00,0.0
2023-03-27,07:00:00,4.0
2023-03-27,17:00:00,3.0
2023-03-28,17:00:00,2.0
2023-03-29,17:00:00,4.0
2023-03-30,07:00:00,5.0
2023-03-30,17:00:00,1.0
2023-03-31,07:00:00,3.0
2023-03-31,17:00:00,1.0
2023-04-01,07:00:00,4.0
2023-04-01,15:00:00,0.0
2023-04-02,16:00:00,1.0
2023-04-03,07:00:00,3.0
2023-04-03,17:00:00,4.0
2023-04-05,16:00:00,3.0
2023-04-06,07:00:00,1.0
2023-04-06,15:00:00,2.0
2023-04-07,07:00:00,2.0
2023-04-07,15:00:00,2.0
2023-04-08,07:00:00,1.0
2023-04-08,15:00:00,2.0
2023-04-09,07:00:00,1.0
2023-04-09,15:00:00,3.0
2023-04-10,07:00:00,5.0
2023-04-10,17:00:00,6.0
2023-04-11,16:00:00,6.0
2023-04-12,15:00:00,1.0
2023-04-13,07:00:00,6.0
2023-04-13,15:00:00,0.0
2023-04-14,08:00:00,8.0
2023-04-14,15:00:00,6.0
2023-04-15,07:00:00,4.0
2023-04-15,14:00:00,1.0
2023-04-16,07:00:00,8.0
2023-04-16,16:00:00,7.0
2023-04-17,07:00:00,8.0
2023-04-17,15:00:00,5.0
2023-04-18,15:00:00,7.0
2023-04-19,15:00:00,3.0
2023-04-20,07:00:00,9.0
2023-04-20,15:00:00,4.0
2023-04-21,07:00:00,3.0
2023-04-21,15:00:00,3.0
2023-04-22,07:00:00,3.0
2023-04-22,15:00:00,1.0
2023-04-23,07:00:00,3.0
2023-04-23,16:00:00,2.0
2023-04-24,07:00:00,8.0
2023-04-24,15:00:00,3.0
2023-04-25,15:00:00,0.0
2023-04-26,16:00:00,1.0
2023-04-27,07:00:00,0.0
2023-04-27,15:00:00,0.0
2023-04-28,08:00:00,1.0
2023-04-28,15:00:00,0.0
2023-04-29,07:00:00,4.0
2023-04-29,15:00:00,1.0
2023-04-30,07:00:00,5.0
2023-04-30,17:00:00,2.0
2023-05-01,07:00:00,3.0
2023-05-01,15:00:00,2.0
2023-05-02,15:00:00,8.0
2023-05-03,15:00:00,7.0
2023-05-04,08:00:00,2.0
2023-05-04,16:00:00,0.0
2023-05-05,08:00:00,4.0
2023-05-05,16:00:00,0.0
2023-05-06,08:00:00,3.0
2023-05-06,15:00:00,3.0
2023-05-07,07:00:00,4.0
2023-05-07,15:00:00,3.0
2023-05-08,07:00:00,7.0
2023-05-08,15:00:00,1.0
2023-05-09,15:00:00,9.0
2023-05-10,16:00:00,8.0
2023-05-11,10:00:00,4.0
2023-05-11,16:00:00,3.0
2023-05-12,10:00:00,3.0
2023-05-12,16:00:00,3.0
2023-05-13,07:00:00,9.0
2023-05-13,15:00:00,4.0
2023-05-14,07:00:00,4.0
2023-05-14,15:00:00,5.0
2023-05-15,07:00:00,7.0
2023-05-15,15:00:00,5.0
2023-05-16,15:00:00,8.0
2023-05-17,16:00:00,3.0
2023-05-18,09:00:00,3.0
2023-05-18,16:00:00,3.0
2023-05-19,08:00:00,7.0
2023-05-19,16:00:00,8.0
2023-05-20,07:00:00,5.0
2023-05-20,15:00:00,0.0
2023-05-21,07:00:00,6.0
2023-05-21,15:00:00,0.0
2023-05-22,07:00:00,5.0
2023-05-22,15:00:00,2.0
2023-05-23,15:00:00,7.0
2023-05-24,15:00:00,4.0
2023-05-25,08:00:00,9.0
2023-05-25,16:00:00,1.0
2023-05-26,08:00:00,7.0
2023-05-26,16:00:00,7.0
2023-05-27,08:00:00,9.0
2023-05-27,16:00:00,8.0
2023-05-28,07:00:00,7.0
2023-05-28,15:00:00,2.0
2023-05-29,07:00:00,4.0
2023-05-29,15:00:00,6.0
2023-05-30,15:00:00,6.0
2023-05-31,16:00:00,4.0
2023-06-01,07:00:00,8.0
2023-06-01,14:00:00,1.0
2023-06-02,07:00:00,3.0
2023-06-02,15:00:00,2.0
2023-06-03,08:00:00,7.0
2023-06-03,16:00:00,0.0
2023-06-04,07:00:00,8.0
2023-06-04,15:00:00,2.0
2023-06-05,07:00:00,1.0
2023-06-05,16:00:00,3.0
2023-06-06,16:00:00,7.0
2023-06-07,15:00:00,3.0
2023-06-08,08:00:00,4.0
2023-06-08,15:00:00,1.0
2023-06-09,08:00:00,1.0
2023-06-09,15:00:00,5.0
2023-06-10,07:00:00,9.0
2023-06-11,15:00:00,3.0
2023-06-12,07:00:00,10.0
2023-06-13,15:00:00,8.0
2023-06-14,16:00:00,7.0
2023-06-15,07:00:00,1.0
2023-06-15,15:00:00,7.0
2023-06-16,07:00:00,8.0
2023-06-17,15:00:00,0.0
2023-06-18,07:00:00,2.0
2023-06-18,15:00:00,7.0
2023-06-19,07:00:00,8.0
2023-06-19,15:00:00,3.0
2023-06-20,15:00:00,5.0
2023-06-21,15:00:00,2.0
2023-06-22,07:00:00,7.0
2023-06-22,15:00:00,4.0
2023-06-23,08:00:00,3.0
2023-06-23,16:00:00,4.0
2023-06-24,08:00:00,5.0
2023-06-24,16:00:00,2.0
2023-06-25,07:00:00,5.0
2023-06-25,15:00:00,6.0
2023-06-26,07:00:00,3.0
2023-06-26,15:00:00,3.0
2023-06-27,15:00:00,1.0
2023-06-28,15:00:00,2.0
2023-06-29,07:00:00,7.0
2023-06-29,16:00:00,4.0
2023-06-30,07:00:00,5.0
2023-06-30,17:00:00,5.0
2023-07-01,12:00:00,7.0
2023-07-01,16:00:00,1.0
2023-07-02,07:00:00,0.0
2023-07-02,15:00:00,3.0
2023-07-03,07:00:00,4.0
2023-07-03,15:00:00,1.0
2023-07-04,15:00:00,5.0
2023-07-05,15:00:00,8.0
2023-07-06,08:00:00,7.0
2023-07-06,15:00:00,8.0
2023-07-07,08:00:00,5.0
2023-07-07,16:00:00,3.0
2023-07-08,08:00:00,2.0
2023-07-09,07:00:00,5.0
2023-07-09,16:00:00,4.0
2023-07-10,07:00:00,3.0
2023-07-10,15:00:00,3.0
2023-07-11,15:00:00,8.0
2023-07-12,15:00:00,5.0
2023-07-13,07:00:00,9.0
2023-07-13,15:00:00,2.0
2023-07-14,07:00:00,9.0
2023-07-14,16:00:00,1.0
2023-07-15,07:00:00,2.0
2023-07-15,16:00:00,3.0
2023-07-16,07:00:00,0.0
2023-07-16,15:00:00,3.0
2023-07-17,07:00:00,0.0
2023-07-17,15:00:00,3.0
2023-07-18,16:00:00,7.0
2023-07-19,16:00:00,4.0
2023-07-20,07:00:00,4.0
2023-07-20,15:00:00,5.0
2023-07-21,07:00:00,4.0
2023-07-21,16:00:00,2.0
2023-07-22,08:00:00,5.0
2023-07-23,07:00:00,3.0
2023-07-23,16:00:00,4.0
2023-07-24,07:00:00,6.0
2023-07-24,16:00:00,5.0
2023-07-25,16:00:00,9.0
2023-07-26,16:00:00,6.0
2023-07-27,09:00:00,6.0
2023-07-27,15:00:00,0.0
2023-07-28,08:00:00,2.0
2023-07-28,16:00:00,1.0
2023-07-29,09:00:00,3.0
2023-07-29,16:00:00,1.0
2023-07-30,07:00:00,6.0
2023-07-30,15:00:00,6.0
2023-07-31,07:00:00,5.0
2023-07-31,15:00:00,1.0
2023-08-01,15:00:00,4.0
2023-08-02,20:00:00,1.0
2023-08-03,07:00:00,9.0
2023-08-03,15:00:00,5.0
2023-08-04,10:00:00,5.0
2023-08-04,15:00:00,3.0
2023-08-05,07:00:00,7.0
2023-08-05,16:00:00,5.0
2023-08-06,07:00:00,3.0
2023-08-06,16:00:00,3.0
2023-08-07,07:00:00,2.0
2023-08-07,19:00:00,0.0
2023-08-07,20:00:00,3.0
2023-08-08,16:00:00,4.0
2023-08-09,16:00:00,4.0
2023-08-10,07:00:00,8.0
2023-08-10,16:00:00,4.0
2023-08-11,08:00:00,3.0
2023-08-11,16:00:00,1.0
2023-08-12,07:00:00,1.0
2023-08-12,16:00:00,5.0
2023-08-13,07:00:00,5.0
2023-08-13,16:00:00,7.0
2023-08-14,07:00:00,3.0
2023-08-14,16:00:00,3.0
2023-08-15,16:00:00,3.0
2023-08-16,16:00:00,4.0
2023-08-17,07:00:00,7.0
2023-08-17,16:00:00,1.0
2023-08-18,12:00:00,9.0
2023-08-18,20:00:00,3.0
2023-08-19,08:00:00,9.0
2023-08-19,16:00:00,2.0
2023-08-20,07:00:00,7.0
2023-08-20,16:00:00,6.0
2023-08-21,07:00:00,7.0
2023-08-21,16:00:00,2.0
2023-08-22,16:00:00,0.0
2023-08-23,16:00:00,2.0
2023-08-24,07:00:00,0.0
2023-08-24,15:00:00,0.0
2023-08-25,08:00:00,4.0
2023-08-25,19:00:00,3.0
2023-08-26,07:00:00,4.0
2023-08-26,17:00:00,1.0
2023-08-27,07:00:00,9.0
2023-08-27,16:00:00,4.0
2023-08-28,07:00:00,6.0
2023-08-28,16:00:00,2.0
2023-08-28,19:00:00,2.0
2023-08-29,16:00:00,5.0
2023-08-30,16:00:00,4.0
2023-08-31,08:00:00,5.0
2023-08-31,16:00:00,5.0
2023-09-01,07:00:00,5.0
2023-09-01,16:00:00,5.0
2023-09-02,07:00:00,8.0
2023-09-02,16:00:00,1.0
2023-09-03,07:00:00,5.0
2023-09-03,16:00:00,0.0
2023-09-04,07:00:00,7.0
2023-09-04,16:00:00,5.0
2023-09-05,16:00:00,5.0
2023-09-06,16:00:00,3.0
2023-09-07,07:00:00,2.0
2023-09-07,17:00:00,0.0
2023-09-08,07:00:00,6.0
2023-09-08,14:00:00,0.0
2023-09-09,07:00:00,6.0
2023-09-09,15:00:00,0.0
2023-09-10,08:00:00,8.0
2023-09-11,07:00:00,5.0
2023-09-11,16:00:00,3.0
2023-09-12,16:00:00,0.0
2023-09-13,16:00:00,9.0
2023-09-14,07:00:00,4.0
2023-09-14,17:00:00,1.0
2023-09-15,07:00:00,9.0
2023-09-15,16:00:00,7.0
2023-09-16,08:00:00,3.0
2023-09-16,17:00:00,1.0
2023-09-17,07:00:00,4.0
2023-09-17,16:00:00,6.0
2023-09-18,07:00:00,7.0
2023-09-18,16:00:00,1.0
2023-09-19,16:00:00,3.0
2023-09-20,14:00:00,3.0
2023-09-21,06:00:00,4.0
2023-09-21,16:00:00,2.0
2023-09-22,07:00:00,7.0
2023-09-22,16:00:00,1.0
2023-09-23,07:00:00,2.0
2023-09-23,16:00:00,2.0
2023-09-24,07:00:00,4.0
2023-09-24,16:00:00,7.0
2023-09-25,07:00:00,4.0
2023-09-25,16:00:00,2.0
2023-09-26,16:00:00,9.0
2023-09-27,16:00:00,8.0
2023-09-28,07:00:00,6.0
2023-09-28,16:00:00,1.0
2023-09-29,07:00:00,7.0
2023-09-29,16:00:00,6.0
2023-09-30,07:00:00,7.0
2023-10-01,07:00:00,2.0
2023-10-01,16:00:00,7.0
2023-10-02,07:00:00,9.0
2023-10-02,16:00:00,7.0
2023-10-03,16:00:00,1.0
2023-10-04,16:00:00,4.0
2023-10-05,07:00:00,7.0
2023-10-05,16:00:00,5.0
2023-10-06,07:00:00,9.0
2023-10-06,16:00:00,4.0
2023-10-07,07:00:00,5.0
2023-10-07,16:00:00,2.0
2023-10-08,07:00:00,4.0
2023-10-08,16:00:00,4.0
2023-10-09,07:00:00,6.0
2023-10-09,16:00:00,2.0
2023-10-10,16:00:00,3.0
2023-10-11,16:00:00,2.0
2023-10-12,07:00:00,6.0
2023-10-12,16:00:00,3.0
2023-10-13,07:00:00,1.0
2023-10-13,16:00:00,1.0
2023-10-14,07:00:00,2.0
2023-10-14,16:00:00,2.0
2023-10-15,07:00:00,6.0
2023-10-15,17:00:00,6.0
2023-10-16,07:00:00,5.0
2023-10-16,16:00:00,4.0
2023-10-17,16:00:00,6.0
2023-10-18,16:00:00,8.0
2023-10-19,09:00:00,7.0
2023-10-19,16:00:00,2.0
2023-10-20,08:00:00,6.0
2023-10-20,16:00:00,1.0
2023-10-21,07:00:00,8.0
2023-10-21,15:00:00,7.0
2023-10-22,07:00:00,5.0
2023-10-22,16:00:00,3.0
2023-10-23,07:00:00,4.0
2023-10-23,16:00:00,1.0
2023-10-24,16:00:00,7.0
2023-10-25,17:00:00,6.0
2023-10-26,17:00:00,1.0
2023-10-27,07:00:00,7.0
2023-10-27,16:00:00,8.0
2023-10-28,07:00:00,8.0
2023-10-29,07:00:00,2.0
2023-10-29,19:00:00,5.0
2023-10-30,07:00:00,5.0
2023-10-30,16:00:00,3.0
2023-10-31,16:00:00,2.0
2023-11-01,17:00:00,5.0
2023-11-02,08:00:00,3.0
2023-11-02,16:00:00,5.0
2023-11-03,07:00:00,3.0
2023-11-03,16:00:00,3.0
2023-11-04,07:00:00,2.0
2023-11-04,16:00:00,2.0
2023-11-05,07:00:00,9.0
2023-11-05,16:00:00,3.0
2023-11-06,07:00:00,6.0
2023-11-06,16:00:00,4.0
2023-11-07,16:00:00,3.0
2023-11-08,19:00:00,2.0
2023-11-09,08:00:00,5.0
2023-11-09,15:00:00,6.0
2023-11-10,07:00:00,7.0
2023-11-10,16:00:00,3.0
2023-11-11,07:00:00,7.0
2023-11-11,16:00:00,1.0
2023-11-12,07:00:00,2.0
2023-11-12,16:00:00,8.0
2023-11-13,07:00:00,2.0
2023-11-13,16:00:00,5.0
2023-11-15,16:00:00,6.0
2023-11-16,07:00:00,3.0
2023-11-16,16:00:00,4.0
2023-11-17,07:00:00,9.0
2023-11-17,16:00:00,3.0
2023-11-18,07:00:00,4.0
2023-11-18,16:00:00,4.0
2023-11-19,07:00:00,7.0
2023-11-19,16:00:00,5.0
2023-11-21,16:00:00,4.0
2023-11-22,16:00:00,6.0
2023-11-23,07:00:00,4.0
2023-11-23,14:00:00,0.0
2023-11-24,07:00:00,0.0
2023-11-24,15:00:00,0.0
2023-11-25,07:00:00,4.0
2023-11-25,17:00:00,3.0
2023-11-26,16:00:00,6.0
2023-11-27,07:00:00,7.0
2023-11-27,16:00:00,6.0
2023-11-28,16:00:00,1.0
2023-11-29,16:00:00,4.0
2023-11-30,07:00:00,1.0
2023-11-30,16:00:00,7.0
2023-12-01,07:00:00,5.0
2023-12-01,16:00:00,4.0
2023-12-02,08:00:00,3.0
2023-12-02,16:00:00,2.0
2023-12-03,07:00:00,5.0
2023-12-03,14:00:00,1.0
2023-12-04,07:00:00,6.0
2023-12-04,17:00:00,1.0
2023-12-05,14:00:00,4.0
2023-12-06,16:00:00,5.0
2023-12-07,07:00:00,8.0
2023-12-07,16:00:00,6.0
2023-12-08,07:00:00,5.0
2023-12-08,16:00:00,1.0
2023-12-09,07:00:00,5.0
2023-12-09,16:00:00,2.0
2023-12-10,07:00:00,4.0
2023-12-10,16:00:00,5.0
2023-12-11,07:00:00,9.0
2023-12-11,16:00:00,3.0
2023-12-12,16:00:00,4.0
2023-12-13,15:00:00,5.0
2023-12-14,07:00:00,6.0
2023-12-14,16:00:00,6.0
2023-12-15,07:00:00,6.0
2023-12-15,16:00:00,5.0
2023-12-16,07:00:00,2.0
2023-12-16,16:00:00,1.0
2023-12-17,07:00:00,2.0
2023-12-17,16:00:00,7.0
2023-12-18,07:00:00,7.0
2023-12-18,16:00:00,2.0
2023-12-19,16:00:00,2.0
2023-12-20,16:00:00,6.0
2023-12-21,07:00:00,5.0
2023-12-21,16:00:00,1.0
2023-12-22,07:00:00,3.0
2023-12-22,16:00:00,5.0
2023-12-23,07:00:00,3.0
2023-12-23,16:00:00,3.0
2023-12-24,07:00:00,5.0
2023-12-24,16:00:00,0.0
2023-12-25,07:00:00,2.0
2023-12-25,16:00:00,8.0
2023-12-26,16:00:00,7.0
2023-12-27,16:00:00,9.0
2023-12-28,07:00:00,9.0
2023-12-28,16:00:00,7.0
2023-12-29,07:00:00,8.0
2023-12-29,16:00:00,8.0
2023-12-30,07:00:00,6.0
2023-12-30,16:00:00,2.0
2023-12-31,07:00:00,5.0
2023-12-31,16:00:00,1.0
2024-01-01,07:00:00,5.0
2024-01-01,16:00:00,6.0
2024-01-02,16:00:00,4.0
2024-01-03,16:00:00,6.0
2024-01-04,08:00:00,4.0
2024-01-04,18:00:00,3.0
2024-01-05,07:00:00,3.0
2024-01-05,16:00:00,6.0
2024-01-06,07:00:00,3.0
2024-01-06,16:00:00,1.0
2024-01-07,07:00:00,1.0
2024-01-07,16:00:00,7.0
2024-01-08,07:00:00,6.0
2024-01-09,17:00:00,2.0
2024-01-10,16:00:00,3.0
2024-01-11,07:00:00,2.0
2024-01-11,16:00:00,0.0
2024-01-12,07:00:00,4.0
2024-01-12,16:00:00,2.0
2024-01-13,07:00:00,5.0
2024-01-13,16:00:00,1.0
2024-01-14,07:00:00,3.0
2024-01-14,16:00:00,0.0
2024-01-15,07:00:00,2.0
2024-01-15,16:00:00,3.0
2024-01-16,16:00:00,2.0
2024-01-17,16:00:00,5.0
2024-01-18,07:00:00,7.0
2024-01-18,16:00:00,3.0
2024-01-19,07:00:00,7.0
2024-01-19,16:00:00,1.0
2024-01-20,07:00:00,4.0
2024-01-20,16:00:00,0.0
2024-01-21,07:00:00,1.0
2024-01-21,16:00:00,0.0
2024-01-22,07:00:00,1.0
2024-01-22,16:00:00,0.0
2024-01-23,16:00:00,2.0
2024-01-24,16:00:00,5.0
2024-01-25,07:00:00,8.0
2024-01-25,16:00:00,3.0
2024-01-26,07:00:00,9.0
2024-01-26,14:00:00,4.0
2024-01-27,07:00:00,7.0
2024-01-27,16:00:00,4.0
2024-01-28,07:00:00,4.0
2024-01-28,17:00:00,1.0
2024-01-29,07:00:00,1.0
2024-01-29,17:00:00,3.0
2024-01-30,16:00:00,2.0
2024-01-31,16:00:00,3.0
2024-02-01,07:00:00,5.0
2024-02-01,16:00:00,1.0
2024-02-02,07:00:00,5.0
2024-02-02,16:00:00,5.0
2024-02-03,07:00:00,1.0
2024-02-04,07:00:00,7.0
2024-02-04,17:00:00,3.0
2024-02-05,07:00:00,5.0
2024-02-05,16:00:00,1.0
2024-02-06,16:00:00,2.0
2024-02-07,16:00:00,2.0
2024-02-08,07:00:00,3.0
2024-02-08,16:00:00,4.0
2024-02-09,07:00:00,3.0
2024-02-09,16:00:00,2.0
2024-02-10,07:00:00,7.0
2024-02-10,16:00:00,0.0
2024-02-11,07:00:00,4.0
2024-02-11,16:00:00,0.0
2024-02-12,07:00:00,4.0
2024-02-12,16:00:00,1.0
2024-02-13,16:00:00,5.0
2024-02-14,16:00:00,7.0
2024-02-15,07:00:00,8.0
2024-02-15,16:00:00,1.0
2024-02-16,07:00:00,1.0
2024-02-16,15:00:00,0.0
2024-02-17,07:00:00,4.0
2024-02-17,16:00:00,1.0
2024-02-18,07:00:00,8.0
2024-02-18,16:00:00,1.0
2024-02-19,07:00:00,3.0
2024-02-19,16:00:00,1.0
2024-02-20,16:00:00,7.0
2024-02-21,16:00:00,5.0
2024-02-22,07:00:00,3.0
2024-02-22,16:00:00,2.0
2024-02-23,07:00:00,8.0
2024-02-23,16:00:00,3.0
2024-02-24,07:00:00,1.0
2024-02-24,16:00:00,3.0
2024-02-25,07:00:00,1.0
2024-02-25,16:00:00,2.0
2024-02-26,07:00:00,1.0
2024-02-26,16:00:00,2.0
2024-02-27,16:00:00,3.0
2024-02-28,16:00:00,0.0
2024-02-29,07:00:00,6.0
2024-02-29,16:00:00,1.0
2024-03-01,07:00:00,5.0
2024-03-01,16:00:00,6.0
2024-03-02,07:00:00,8.0
2024-03-03,07:00:00,2.0
2024-03-03,16:00:00,2.0
2024-03-04,07:00:00,9.0
2024-03-04,16:00:00,3.0
2024-03-05,16:00:00,8.0
2024-03-06,16:00:00,5.0
2024-03-07,07:00:00,5.0
2024-03-07,16:00:00,6.0
2024-03-08,07:00:00,3.0
2024-03-08,16:00:00,1.0
2024-03-09,07:00:00,3.0
2024-03-09,16:00:00,1.0
2024-03-10,07:00:00,5.0
2024-03-10,16:00:00,4.0
2024-03-11,07:00:00,5.0
2024-03-11,16:00:00,3.0
2024-03-12,16:00:00,5.0
2024-03-13,16:00:00,1.0
2024-03-14,16:00:00,4.0
2024-03-15,07:00:00,7.0
2024-03-15,16:00:00,4.0
2024-03-16,07:00:00,3.0
2024-03-16,16:00:00,0.0
2024-03-17,07:00:00,0.0
2024-03-17,16:00:00,1.0
2024-03-18,07:00:00,4.0
2024-03-18,16:00:00,0.0
2024-03-19,16:00:00,7.0
2024-03-20,16:00:00,2.0
2024-03-21,07:00:00,5.0
2024-03-21,16:00:00,5.0
2024-03-22,07:00:00,4.0
2024-03-22,16:00:00,3.0
2024-03-23,07:00:00,6.0
2024-03-23,16:00:00,5.0
2024-03-24,07:00:00,3.0
2024-03-24,16:00:00,1.0
2024-03-26,16:00:00,0.0
2024-03-27,20:00:00,2.0
2024-03-28,07:00:00,10.0
2024-03-28,16:00:00,3.0
2024-03-29,07:00:00,7.0
2024-03-29,16:00:00,2.0
2024-03-30,07:00:00,3.0
2024-03-30,16:00:00,3.0
2024-03-31,07:00:00,0.0
2024-03-31,17:00:00,1.0
2024-04-01,07:00:00,5.0
2024-04-02,08:00:00,1.0
2024-04-02,16:00:00,5.0
2024-04-03,16:00:00,5.0
2024-04-04,07:00:00,7.0
2024-04-04,15:00:00,0.0
2024-04-05,07:00:00,2.0
2024-04-05,16:00:00,2.0
2024-04-06,07:00:00,3.0
2024-04-07,07:00:00,2.0
2024-04-07,16:00:00,2.0
2024-04-08,07:00:00,7.0
2024-04-08,16:00:00,5.0
2024-04-09,16:00:00,2.0
2024-04-10,16:00:00,4.0
2024-04-11,07:00:00,10.0
2024-04-11,16:00:00,0.0
2024-04-12,07:00:00,4.0
2024-04-12,16:00:00,7.0
2024-04-13,07:00:00,4.0
2024-04-13,16:00:00,4.0
2024-04-14,07:00:00,5.0
2024-04-14,16:00:00,3.0
2024-04-15,07:00:00,5.0
2024-04-15,17:00:00,3.0
2024-04-16,16:00:00,3.0
2024-04-17,16:00:00,4.0
2024-04-18,07:00:00,2.0
2024-04-18,16:00:00,3.0
2024-04-19,07:00:00,2.0
2024-04-19,16:00:00,4.0
2024-04-20,07:00:00,6.0
2024-04-20,16:00:00,0.0
2024-04-21,07:00:00,9.0
2024-04-21,17:00:00,5.0
2024-04-22,07:00:00,9.0
2024-04-22,16:00:00,2.0
2024-04-23,16:00:00,7.0
2024-04-24,16:00:00,0.0
2024-04-25,07:00:00,7.0
2024-04-25,16:00:00,3.0
2024-04-26,07:00:00,5.0
2024-04-26,16:00:00,4.0
2024-04-27,07:00:00,2.0
2024-04-27,16:00:00,1.0
2024-04-28,07:00:00,8.0
2024-04-28,18:00:00,1.0
2024-04-29,07:00:00,9.0
2024-04-29,16:00:00,5.0
2024-04-30,16:00:00,6.0
2024-05-01,16:00:00,3.0
2024-05-02,07:00:00,8.0
2024-05-02,17:00:00,6.0
2024-05-03,07:00:00,4.0
2024-05-03,16:00:00,0.0
2024-05-04,09:00:00,3.0
2024-05-04,16:00:00,6.0
2024-05-05,07:00:00,3.0
2024-05-05,16:00:00,2.0
2024-05-06,07:00:00,5.0
2024-05-06,17:00:00,0.0
2024-05-07,16:00:00,5.0
2024-05-07,18:00:00,3.0
2024-05-08,16:00:00,5.0
2024-05-09,07:00:00,8.0
2024-05-09,16:00:00,4.0
2024-05-10,08:00:00,5.0
2024-05-10,16:00:00,3.0
2024-05-11,07:00:00,6.0
2024-05-11,16:00:00,0.0
2024-05-12,07:00:00,3.0
2024-05-12,20:00:00,8.0
2024-05-13,07:00:00,8.0
2024-05-13,16:00:00,7.0
2024-05-14,16:00:00,5.0
2024-05-15,16:00:00,8.0
2024-05-16,07:00:00,6.0
2024-05-16,16:00:00,4.0
2024-05-17,07:00:00,4.0
2024-05-17,16:00:00,3.0
2024-05-18,07:00:00,8.0
2024-05-18,16:00:00,2.0
2024-05-19,07:00:00,2.0
2024-05-19,16:00:00,7.0
2024-05-20,07:00:00,10.0
2024-05-20,16:00:00,6.0
2024-05-21,16:00:00,6.0
2024-05-21,17:00:00,2.0
2024-05-22,16:00:00,6.0
2024-05-23,08:00:00,9.0
2024-05-23,18:00:00,5.0
2024-05-24,07:00:00,9.0
2024-05-24,16:00:00,4.0
2024-05-25,07:00:00,5.0
2024-05-25,16:00:00,1.0
2024-05-26,07:00:00,5.0
2024-05-26,16:00:00,1.0
2024-05-27,07:00:00,8.0
2024-05-27,16:00:00,2.0
2024-05-28,16:00:00,9.0
2024-05-29,17:00:00,7.0
2024-05-30,08:00:00,7.0
2024-05-30,16:00:00,2.0
2024-05-31,07:00:00,8.0
2024-05-31,16:00:00,5.0
2024-06-01,07:00:00,4.0
2024-06-01,16:00:00,3.0
2024-06-02,07:00:00,8.0
2024-06-02,16:00:00,2.0
2024-06-03,07:00:00,9.0
2024-06-03,17:00:00,5.0
2024-06-04,16:00:00,6.0
2024-06-05,16:00:00,4.0
2024-06-06,07:00:00,1.0
2024-06-06,16:00:00,5.0
2024-06-07,07:00:00,6.0
2024-06-07,17:00:00,2.0
2024-06-08,07:00:00,2.0
2024-06-08,16:00:00,1.0
2024-06-09,07:00:00,5.0
2024-06-09,16:00:00,7.0
2024-06-10,07:00:00,9.0
2024-06-10,16:00:00,0.0
2024-06-11,16:00:00,8.0
2024-06-12,16:00:00,6.0
2024-06-13,07:00:00,1.0
2024-06-13,16:00:00,0.0
2024-06-14,07:00:00,1.0
2024-06-14,16:00:00,2.0
2024-06-15,07:00:00,8.0
2024-06-15,16:00:00,3.0
2024-06-16,07:00:00,7.0
2024-06-16,17:00:00,2.0
2024-06-17,07:00:00,4.0
2024-06-17,16:00:00,1.0
2024-06-18,16:00:00,8.0
2024-06-19,16:00:00,8.0
2024-06-20,07:00:00,5.0
2024-06-20,16:00:00,4.0
2024-06-21,07:00:00,8.0
2024-06-21,16:00:00,5.0
2024-06-22,07:00:00,7.0
2024-06-22,17:00:00,1.0
2024-06-23,07:00:00,9.0
2024-06-23,16:00:00,1.0
2024-06-24,07:00:00,8.0
2024-06-24,16:00:00,2.0
2024-06-25,16:00:00,5.0
2024-06-26,16:00:00,3.0
2024-06-27,08:00:00,5.0
2024-06-27,16:00:00,8.0
2024-06-28,08:00:00,8.0
2024-06-28,16:00:00,0.0
2024-06-29,07:00:00,6.0
2024-06-29,16:00:00,0.0
2024-06-30,07:00:00,3.0
2024-06-30,16:00:00,3.0
2024-07-01,07:00:00,3.0
2024-07-01,18:00:00,7.0
2024-07-02,16:00:00,5.0
2024-07-03,16:00:00,8.0
2024-07-04,07:00:00,4.0
2024-07-04,15:00:00,0.0
2024-07-05,08:00:00,10.0
2024-07-05,16:00:00,8.0
2024-07-06,07:00:00,8.0
2024-07-06,16:00:00,3.0
2024-07-07,07:00:00,7.0
2024-07-07,16:00:00,3.0
2024-07-08,07:00:00,5.0
2024-07-08,16:00:00,0.0
2024-07-09,16:00:00,7.0
2024-07-10,16:00:00,4.0
2024-07-11,07:00:00,7.0
2024-07-11,16:00:00,2.0
2024-07-12,07:00:00,8.0
2024-07-12,16:00:00,6.0
2024-07-13,07:00:00,2.0
2024-07-13,16:00:00,4.0
2024-07-14,07:00:00,2.0
2024-07-14,16:00:00,5.0
2024-07-15,07:00:00,8.0
2024-07-15,16:00:00,3.0
2024-07-16,16:00:00,8.0
2024-07-17,16:00:00,1.0
2024-07-18,08:00:00,6.0
2024-07-18,16:00:00,1.0
2024-07-19,07:00:00,5.0
2024-07-19,16:00:00,4.0
2024-07-20,07:00:00,8.0
2024-07-20,16:00:00,1.0
2024-07-21,07:00:00,2.0
2024-07-21,16:00:00,3.0
2024-07-22,07:00:00,9.0
2024-07-22,17:00:00,1.0
2024-07-23,16:00:00,7.0
2024-07-24,16:00:00,2.0
2024-07-25,07:00:00,5.0
2024-07-25,16:00:00,1.0
2024-07-26,07:00:00,3.0
2024-07-26,16:00:00,4.0
2024-07-27,07:00:00,5.0
2024-07-27,16:00:00,5.0
